,USD,GBP,EUR,JPY100,CHF,AUD,CAD,SGD,HKD100,THB100,PHP100,TWD100,KRW100,IDR100,SAR100,SDR,CNY,BND,VND100,KHR100,NZD,MMK100,INR100,AED100,PKR100,NPR100,EGP
4-Jan-16,4.349,6.4235,4.7506,3.6545,4.3722,3.1395,3.1211,3.0547,56.1093,12.0271,9.2316,13.1308,0.3657,0.0312,115.9115,6.0265,0.666,3.0545,0.0193,0.1069,2.9412,0.335,6.5335,118.403,4.1484,4.0833,0.5554
5-Jan-16,4.3425,6.3776,4.6853,3.644,4.3194,3.1212,3.117,3.048,56.0239,12.0224,9.2541,13.109,0.365,0.0313,115.7383,6.0256,0.6657,3.048,0.0193,0.1067,2.9136,0.3353,6.5225,118.2244,4.1404,4.0768,0.5546
6-Jan-16,4.3925,6.4293,4.716,3.7041,4.3527,3.113,3.1187,3.0617,56.665,12.1239,9.3413,13.206,0.366,0.0315,117.0085,6.0597,0.6699,3.0618,0.0196,0.1079,2.9195,0.3394,6.5707,119.5857,4.1895,4.1082,0.561
7-Jan-16,4.3935,6.4073,4.7467,3.7358,4.3695,3.0875,3.1084,3.0574,56.6713,12.11,9.331,13.1983,0.3663,0.0315,117.004,6.0614,0.6667,3.0572,0.0195,0.1079,2.9177,0.3398,6.5773,119.6129,4.1881,4.1112,0.5611
8-Jan-16,4.385,6.4093,4.7672,3.7043,4.3854,3.0846,3.107,3.0512,56.5092,12.0766,9.2903,13.1482,0.3655,0.0315,116.7466,6.0703,0.6656,3.0513,0.0195,0.1078,2.9123,0.3394,6.5698,119.3815,4.1798,4.1062,0.56
11-Jan-16,4.375,6.3739,4.762,3.7122,4.3835,3.0645,3.0984,3.0469,56.3938,12.0623,9.2534,13.1249,0.3631,0.0315,116.5734,6.0565,0.6655,3.0464,0.0195,0.1079,2.8715,0.3391,6.5577,119.1108,4.1704,4.0985,0.5587
12-Jan-16,4.4075,6.4067,4.7976,3.7522,4.4172,3.0674,3.0931,3.0625,56.8072,12.1285,9.2936,13.1764,0.3636,0.0317,117.4191,6.1069,0.6703,3.0625,0.0197,0.1086,2.8779,0.3417,6.5847,119.9956,4.2018,4.1155,0.5629
13-Jan-16,4.379,6.3307,4.7394,3.7015,4.3531,3.08,3.0834,3.054,56.4308,12.08,9.2117,13.1224,0.364,0.0317,116.6179,6.0524,0.6659,3.0535,0.0195,0.1079,2.8785,0.34,6.5544,119.223,4.1745,4.0965,0.5593
14-Jan-16,4.39,6.326,4.7906,3.7293,4.3671,3.0434,3.0547,3.05,56.4736,12.097,9.1899,13.0992,0.3615,0.0316,117.0667,6.0581,0.6662,3.0503,0.0196,0.1081,2.8432,0.3398,6.5371,119.5192,4.1843,4.0856,0.5607
15-Jan-16,4.4,6.3171,4.7964,3.749,4.3871,3.0307,3.0326,3.0514,56.4584,12.1079,9.2166,13.0974,0.362,0.0317,117.36,6.0937,0.668,3.0507,0.0196,0.1084,2.818,0.34,6.5171,119.7964,4.1943,4.0731,0.5619
18-Jan-16,4.3965,6.2874,4.7878,3.7463,4.3683,3.0301,3.0302,3.0558,56.3903,12.1077,9.2112,13.0963,0.3633,0.0316,117.2369,6.0828,0.6683,3.0559,0.0196,0.1083,2.8426,0.34,6.5035,119.688,4.1911,4.0646,0.5615
19-Jan-16,4.365,6.2428,4.7506,3.7046,4.3353,3.0173,3.019,3.0408,55.9089,12.0323,9.1567,12.9992,0.3619,0.0314,116.3954,6.0392,0.6634,3.0408,0.0195,0.1076,2.8215,0.3384,6.4585,118.8402,4.1609,4.0361,0.5575
20-Jan-16,4.3965,6.2151,4.8197,3.7876,4.3976,3.0035,2.9936,3.0511,56.2281,12.1082,9.168,13.0168,0.3615,0.0315,117.2244,6.0704,0.6682,3.0512,0.0196,0.1086,2.7933,0.3405,6.4522,119.7011,4.1909,4.0329,0.5615
21-Jan-16,4.3825,6.2083,4.7767,3.7507,4.3629,3.0202,3.0217,3.0463,56.0834,12.083,9.1579,12.9819,0.3612,0.0315,116.7267,6.0586,0.6661,3.0466,0.0196,0.1079,2.8116,0.3389,6.4449,119.3166,4.178,4.0281,0.5597
22-Jan-16,4.2995,6.1313,4.6622,3.6343,4.2607,3.0202,3.025,3.0115,55.1908,11.9339,9.0099,12.8343,0.3589,0.0311,114.5572,5.9402,0.6535,3.0117,0.0192,0.1059,2.8011,0.332,6.3522,117.0553,4.0987,3.9702,0.5491
26-Jan-16,4.2915,6.089,4.6541,3.6349,4.2329,2.9839,3.0015,2.999,55.0513,11.9275,8.9304,12.7809,0.3562,0.0309,114.3943,5.9128,0.652,2.9992,0.0192,0.1058,2.7674,0.3327,6.3274,116.8375,4.0907,3.9445,0.5481
27-Jan-16,4.2565,6.0904,4.6253,3.6006,4.1911,2.9908,3.0112,2.9807,54.6423,11.883,8.903,12.6593,0.3538,0.0307,113.4613,5.8657,0.6471,2.9807,0.0191,0.1049,2.7657,0.331,6.2626,115.8846,4.0575,3.914,0.5436
28-Jan-16,4.207,6.0009,4.5863,3.5426,4.1444,2.9788,2.9896,2.95,53.9989,11.7383,8.816,12.5259,0.3489,0.0303,112.1419,5.8104,0.6397,2.9502,0.0189,0.1037,2.7175,0.3266,6.1827,114.5385,4.0099,3.8642,0.5373
29-Jan-16,4.155,5.9676,4.5267,3.4383,4.0757,2.9532,2.9654,2.9187,53.3376,11.6321,8.7034,12.442,0.3448,0.0302,110.8,5.7439,0.6316,2.9185,0.0187,0.1025,2.7039,0.3201,6.1148,113.1212,3.9611,3.8217,0.5306
2-Feb-16,4.2075,6.042,4.5929,3.4872,4.1288,2.9715,2.9974,2.9514,54.0914,11.7841,8.8014,12.5691,0.3481,0.0307,112.1552,5.7972,0.6395,2.9514,0.0189,0.1038,2.7324,0.3282,6.1916,114.5537,4.0108,3.8697,0.5374
3-Feb-16,4.22,6.0753,4.6036,3.5183,4.1413,2.98,3.009,2.9519,54.1644,11.7844,8.8174,12.5771,0.3471,0.0306,112.4884,5.8332,0.6415,2.9513,0.0189,0.1041,2.7801,0.3302,6.1995,114.8909,4.0273,3.8744,0.5389
4-Feb-16,4.153,6.0771,4.6231,3.5276,4.1365,2.9904,3.0219,2.9462,53.3359,11.6682,8.7147,12.4715,0.3467,0.0305,110.7319,5.7487,0.6314,2.9398,0.0186,0.1025,2.7781,0.3262,6.1367,113.0653,3.9766,3.8331,0.5304
5-Feb-16,4.157,6.0391,4.6536,3.5562,4.1888,2.987,3.0266,2.9714,53.3619,11.7082,8.7213,12.5211,0.3478,0.0305,110.8386,5.809,0.6327,2.9714,0.0186,0.1025,2.7835,0.3302,6.1408,113.1788,3.9615,3.8381,0.5309
10-Feb-16,4.1185,5.9712,4.6372,3.5843,4.2267,2.9262,2.9729,2.9591,52.8257,11.6449,8.6769,12.4164,0.3445,0.0306,109.8121,5.7644,0.6265,2.9587,0.0185,0.1018,2.7427,0.337,6.0709,112.1199,3.9353,3.7945,0.526
11-Feb-16,4.1445,5.982,4.6899,3.7147,4.2747,2.9099,2.9665,2.9817,53.2308,11.7616,8.7152,12.5534,0.3446,0.0308,110.5053,5.8135,0.6304,2.9812,0.0186,0.1024,2.7403,0.3397,6.0781,112.8369,3.9602,3.7989,0.5293
12-Feb-16,4.17,6.0503,4.7038,3.703,4.2701,2.9599,2.9968,2.9874,53.5398,11.7192,8.7808,12.6268,0.3456,0.0309,111.1852,5.8729,0.6343,2.988,0.0187,0.1032,2.7764,0.3418,6.1102,113.5312,3.9906,3.8189,0.5326
15-Feb-16,4.1295,5.9847,4.6226,3.6286,4.1984,2.9514,2.9853,2.9528,53.0453,11.59,8.6992,12.4947,0.3416,0.0309,110.098,5.8053,0.6357,2.9528,0.0185,0.1022,2.7521,0.3376,6.063,112.4301,3.949,3.7894,0.5274
16-Feb-16,4.1525,6.0217,4.639,3.6308,4.2085,2.9792,3.0274,2.9619,53.3185,11.6586,8.7283,12.5302,0.3418,0.031,110.7186,5.8377,0.6373,2.9621,0.0186,0.1029,2.7415,0.3384,6.074,113.0563,3.9661,3.7962,0.5303
17-Feb-16,4.217,6.0183,4.7064,3.7038,4.2699,2.9943,3.0421,2.9962,54.1443,11.8422,8.8546,12.6635,0.3436,0.0312,112.4384,5.8958,0.6461,2.9963,0.0188,0.1045,2.7769,0.3428,6.1486,114.8123,4.0275,3.8442,0.5386
18-Feb-16,4.17,5.9523,4.6425,3.668,4.2064,2.9803,3.0464,2.9699,53.6107,11.7209,8.7587,12.5338,0.339,0.0309,111.1852,5.8228,0.6399,2.9701,0.0186,0.1033,2.7676,0.3385,6.0809,113.5312,3.9815,3.8006,0.5326
19-Feb-16,4.2065,6.029,4.6701,3.7194,4.2342,2.9927,3.0589,2.9919,54.1189,11.7813,8.84,12.6509,0.3411,0.0312,112.1614,5.869,0.6451,2.992,0.0188,0.1044,2.7828,0.3423,6.1368,114.5249,4.0156,3.8277,0.5372
22-Feb-16,4.1965,5.945,4.6533,3.7208,4.2314,3.0171,3.0531,2.9921,54.0028,11.7327,8.8143,12.6323,0.341,0.0312,111.8918,5.8561,0.6437,2.9919,0.0187,0.1038,2.7986,0.3409,6.1191,114.2527,4.0041,3.8244,0.5359
23-Feb-16,4.1955,5.9247,4.6283,3.7405,4.2183,3.0388,3.0576,2.9857,54.0212,11.7381,8.8122,12.616,0.3404,0.0313,111.8651,5.8328,0.6429,2.9859,0.0187,0.1042,2.8066,0.3383,6.1119,114.2286,4.0047,3.82,0.5358
24-Feb-16,4.22,5.8979,4.6424,3.7647,4.2459,3.038,3.0624,3.0061,54.3219,11.8224,8.8581,12.7013,0.3421,0.0315,112.5183,5.864,0.6459,3.0063,0.0189,0.1048,2.7947,0.3422,6.1565,114.8894,4.0335,3.848,0.5389
25-Feb-16,4.2195,5.8795,4.649,3.7649,4.2604,3.0279,3.0772,3.005,54.3117,11.8293,8.8598,12.6678,0.3398,0.0315,112.505,5.8479,0.6458,3.0053,0.0189,0.1047,2.8085,0.3425,6.1433,114.8789,4.0349,3.8396,0.5389
26-Feb-16,4.2115,5.8944,4.6419,3.7318,4.2478,3.0413,3.1102,3.0083,54.2146,11.8102,8.8757,12.6747,0.3408,0.0315,112.2992,5.8508,0.6442,3.008,0.0189,0.1045,2.8438,0.3432,6.1249,114.6611,4.0288,3.828,0.5379
29-Feb-16,4.205,5.8315,4.5923,3.728,4.2117,3.0028,3.1031,2.9932,54.0975,11.7919,8.8526,12.6369,0.3403,0.0314,112.1184,5.8386,0.6423,2.9929,0.0189,0.1044,2.7776,0.3419,6.1409,114.4825,4.018,3.8381,0.537
1-Mar-16,4.172,5.8201,4.5364,3.6847,4.1724,2.9869,3.0877,2.9764,53.6744,11.7166,8.8082,12.5974,0.3384,0.0313,111.2519,5.7628,0.6372,2.9764,0.0187,0.1036,2.7558,0.34,6.1312,113.5825,3.9851,3.8321,0.5328
2-Mar-16,4.165,5.8083,4.5251,3.6415,4.1663,3.0082,3.0961,2.9691,53.5678,11.7068,8.8102,12.5649,0.3393,0.0313,111.0652,5.7565,0.6359,2.9693,0.0187,0.1034,2.7531,0.3386,6.1553,113.3982,3.9771,3.847,0.5319
3-Mar-16,4.1345,5.8141,4.4967,3.6312,4.1482,3.0238,3.0786,2.9672,53.1673,11.6432,8.7837,12.5585,0.3401,0.0312,110.2416,5.7068,0.6319,2.9674,0.0185,0.1027,2.7645,0.3392,6.1384,112.5616,3.9476,3.8364,0.528
4-Mar-16,4.12,5.8257,4.5069,3.6221,4.1438,3.0385,3.0705,2.9809,53.0384,11.6253,8.779,12.5646,0.3415,0.0314,109.855,5.6956,0.6318,2.9808,0.0185,0.1027,2.7839,0.3371,6.123,112.1714,3.9337,3.827,0.5262
7-Mar-16,4.0975,5.7941,4.4855,3.6097,4.101,3.0367,3.0695,2.9625,52.7468,11.5618,8.7302,12.508,0.3399,0.0313,109.2521,0,0.6289,2.9623,0.0184,0.1021,2.7724,0.3331,6.1025,111.5573,3.9126,3.8046,0.5233
8-Mar-16,4.1075,5.8456,4.5298,3.637,4.1446,3.049,3.0824,2.968,52.8867,11.5933,8.7561,12.5282,0.3396,0.0313,109.5188,5.6966,0.6313,2.9678,0.0184,0.1023,2.7734,0.3386,6.0911,111.8311,3.9229,3.8069,0.5246
9-Mar-16,4.13,5.8716,4.5334,3.6709,4.1386,3.0787,3.0799,2.9826,53.1884,11.6847,8.8134,12.5653,0.3403,0.0314,110.1188,5.7442,0.6341,2.9826,0.0185,0.1028,2.7869,0.341,6.1371,112.4377,3.9444,3.8357,0.5274
10-Mar-16,4.099,5.8267,4.4941,3.614,4.1115,3.0687,3.0939,2.9691,52.7868,11.6267,8.7877,12.4664,0.3412,0.0314,109.2922,5.6958,0.6292,2.9692,0.0184,0.102,2.7357,0.339,6.1124,111.5982,3.9144,3.8206,0.5235
11-Mar-16,4.0885,5.8327,4.5436,3.5944,4.139,3.0615,3.0814,2.9682,52.6821,11.6274,8.767,12.4962,0.3426,0.0313,109.015,5.6766,0.629,2.9681,0.0183,0.1017,2.7313,0.3382,6.0818,111.3093,3.9078,3.8011,0.5222
14-Mar-16,4.104,5.8862,4.5622,3.6135,4.1568,3.0907,3.0934,2.9855,52.8934,11.6857,8.805,12.5624,0.3457,0.0314,109.4327,5.7244,0.6319,2.9856,0.0184,0.1021,2.7583,0.3394,6.1203,111.7343,3.923,3.8252,0.4586
15-Mar-16,4.1335,5.883,4.5927,3.6578,4.1896,3.0881,3.0954,2.998,53.2668,11.7745,8.837,12.6077,0.3472,0.0314,110.2193,5.7683,0.6348,2.9983,0.0185,0.1031,2.749,0.3419,6.1421,112.5405,3.9493,3.8389,0.4618
16-Mar-16,4.134,5.8362,4.5834,3.6378,4.1802,3.09,3.0958,2.9953,53.2718,11.8081,8.8362,12.6027,0.3464,0.0312,110.2341,5.7617,0.6343,2.9952,0.0185,0.1029,2.7357,0.3422,6.1436,112.5541,3.9501,3.8397,0.4619
17-Mar-16,4.0595,5.8051,4.5834,3.634,4.1713,3.1015,3.1283,2.9909,52.3354,11.6686,8.764,12.5069,0.3482,0.031,108.2461,5.6516,0.6258,2.9634,0.0182,0.101,2.7694,0.336,6.0894,110.5197,3.8789,3.8058,0.4572
18-Mar-16,4.053,5.8432,4.5655,3.6423,4.176,3.0868,3.11,2.9831,52.2516,11.6265,8.7528,12.5093,0.3485,0.0309,108.0742,5.7058,0.6254,2.983,0.0182,0.1009,2.7542,0.3355,6.0819,110.3458,3.872,3.8012,0.4564
21-Mar-16,4.0575,5.8418,4.5643,3.6421,4.1748,3.0906,3.1085,2.9855,52.3251,11.6261,8.7559,12.554,0.35,0.0309,108.1942,5.7054,0.626,2.9865,0.0182,0.1011,2.7516,0.3359,6.1066,110.4713,3.8754,3.817,0.4569
22-Mar-16,4.0075,5.7131,4.4884,3.5893,4.1238,3.0355,3.0599,2.9416,51.687,11.4697,8.6546,12.3483,0.3456,0.0304,106.861,5.6311,0.6169,2.9415,0.018,0.1001,2.6999,0.3323,6.0006,109.11,3.8271,3.7504,0.4513
23-Mar-16,3.9935,5.6648,4.4695,3.5512,4.0957,3.0413,3.0562,2.9262,51.4835,11.3832,8.6104,12.2904,0.3438,0.0303,106.4877,5.5971,0.6148,2.9259,0.0179,0.0994,2.6832,0.3311,5.9778,108.7273,3.8124,3.7362,0.4497
24-Mar-16,4.027,5.6642,4.4965,3.5666,4.1256,3.017,3.0381,2.9381,51.899,11.3907,8.677,12.3715,0.3449,0.0304,107.3824,5.6304,0.6181,2.9381,0.018,0.1001,2.6906,0.3339,6.0221,109.6409,3.8453,3.7619,0.4535
25-Mar-16,4.037,5.7057,4.5069,3.574,4.1282,3.0397,3.0479,2.9445,52.04,11.4408,8.6976,12.3815,0.3452,0.0305,107.6404,5.6349,0.6198,2.9446,0.0181,0.1004,2.7056,0.3347,6.0388,109.9132,3.8552,3.7712,0.4546
28-Mar-16,4.0135,5.6893,4.4835,3.5381,4.1109,3.025,3.0313,2.9307,51.7324,11.3493,8.6442,12.3,0.3444,0.03,107.0224,5.6033,0.616,2.9306,0.018,0.0998,2.6902,0.3328,6.0231,109.2733,3.8332,3.7648,0.452
29-Mar-16,3.9995,5.7001,4.472,3.5168,4.1018,3.0094,3.0296,2.9221,51.5595,11.294,8.6271,12.2652,0.3431,0.0299,106.6392,5.5957,0.6143,2.9221,0.0179,0.0994,2.6941,0.3316,6.0113,108.8907,3.8198,3.757,0.4504
30-Mar-16,3.942,5.6725,4.4625,3.5123,4.0884,3.0206,3.0222,2.9186,50.8422,11.1843,8.564,12.2199,0.3445,0.0297,105.1144,5.514,0.6085,2.909,0.0177,0.098,2.7283,0.3269,5.9417,107.3252,3.7638,3.7136,0.4439
31-Mar-16,3.902,5.613,4.4315,3.4738,4.0534,2.9936,3.0122,2.8976,50.324,11.0852,8.4881,12.1329,0.3428,0.0294,104.0464,5.4886,0.6036,2.8977,0.0175,0.0969,2.7008,0.3235,5.8925,106.2361,3.7258,3.6829,0.4394
1-Apr-16,3.8915,5.5742,4.4349,3.4639,4.0517,2.9861,2.9887,2.8859,50.1834,11.0806,8.457,12.0667,0.3381,0.0296,103.7609,5.4824,0.6019,2.8858,0.0175,0.0966,2.6869,0.3227,5.8695,105.9517,3.7149,3.6661,0.4382
4-Apr-16,3.9055,5.5439,4.4402,3.5,4.0657,2.9756,2.9907,2.8875,50.3633,11.0849,8.4571,12.0783,0.3396,0.0297,104.1397,5.5034,0.6028,2.8876,0.0175,0.097,2.6788,0.3255,5.9045,106.3271,3.7311,3.6904,0.4398
5-Apr-16,3.9245,5.585,4.4618,3.5511,4.0891,2.9685,2.9904,2.8942,50.6015,11.1239,8.4863,12.0985,0.3384,0.0297,104.652,5.5217,0.6063,2.8935,0.0176,0.0974,2.661,0.327,5.9088,106.8444,3.7499,3.693,0.442
6-Apr-16,3.9195,5.531,4.4484,3.5504,4.079,2.9602,2.9788,2.8898,50.5286,11.1003,8.4682,12.076,0.3378,0.0296,104.5131,5.518,0.6046,2.8901,0.0176,0.0972,2.6619,0.3305,5.8774,106.7097,3.7436,3.6734,0.4414
7-Apr-16,3.915,5.5156,4.458,3.6121,4.0958,2.9678,2.9937,2.9022,50.4715,11.1222,8.4924,12.0962,0.3395,0.0297,104.4014,5.5043,0.605,2.9022,0.0176,0.097,2.6741,0.3312,5.8912,106.5901,3.7405,3.6819,0.4409
8-Apr-16,3.9025,5.5051,4.4438,3.5821,4.0793,2.9462,2.9819,2.8919,50.3081,11.1182,8.4635,12.0425,0.3385,0.0297,104.0653,5.4987,0.6029,2.8918,0.0175,0.0966,2.649,0.333,5.8552,106.2498,3.7282,3.6692,0.4395
11-Apr-16,3.889,5.5212,4.4309,3.5954,4.0708,2.9383,2.9925,2.8901,50.1283,11.0924,8.4351,12.0235,0.339,0.0296,103.7039,5.477,0.601,2.8899,0.0174,0.0965,2.6527,0.3318,5.8591,105.8779,3.7135,3.6616,0.438
12-Apr-16,3.881,5.5469,4.4375,3.5841,4.0805,2.9707,3.0152,2.8852,50.0448,11.0862,8.426,12.0114,0.3396,0.0296,103.4906,5.4787,0.6008,2.8853,0.0174,0.0962,2.6746,0.3311,5.8378,105.6658,3.7063,3.6486,0.4371
13-Apr-16,3.8725,5.5011,4.3908,3.5467,4.0334,2.9692,3.027,2.8719,49.931,11.0532,8.403,11.9703,0.3376,0.0294,103.2653,5.4729,0.5985,2.8719,0.0174,0.0959,2.6829,0.3304,5.8194,105.433,3.6995,3.6372,0.4361
14-Apr-16,3.8915,5.5037,4.3851,3.5645,4.0285,2.9918,3.0286,2.8535,50.1634,11.1075,8.4168,12.0153,0.3374,0.0295,103.7706,5.4755,0.6002,2.8541,0.0174,0.0972,2.6737,0.332,5.8387,105.9459,3.7181,3.6506,0.4382
15-Apr-16,3.905,5.5307,4.3988,3.5706,4.036,3.0145,3.0427,2.8728,50.3433,11.146,8.4643,12.0763,0.3402,0.0296,104.1306,5.4827,0.6026,2.8722,0.0175,0.0969,2.6978,0.3332,5.8673,106.2846,3.7306,3.6582,0.4398
18-Apr-16,3.926,5.5694,4.4378,3.6211,4.0676,3.0203,3.0425,2.8956,50.6205,11.2059,8.5034,12.1274,0.3421,0.0298,104.6892,5.5183,0.6059,2.8957,0.0176,0.0974,2.7215,0.335,5.8989,106.8852,3.7492,3.6867,0.4421
19-Apr-16,3.8905,5.5714,4.4089,3.5598,4.0373,3.0239,3.0464,2.8931,50.1612,11.1436,8.4406,12.0958,0.3438,0.0296,103.7398,5.4757,0.6013,2.8932,0.0174,0.0964,2.7263,0.3319,5.8562,105.923,3.7146,3.6463,0.4381
20-Apr-16,3.869,5.5617,4.3975,3.551,4.0243,3.0232,3.0503,2.8887,49.8775,11.0796,8.3745,12.0187,0.3421,0.0294,103.1678,5.4537,0.5981,2.8882,0.0174,0.0959,2.7118,0.3301,5.8497,105.3334,3.6943,3.656,0.4357
21-Apr-16,3.8855,5.5613,4.3877,3.5398,4.0003,3.0344,3.0677,2.8854,50.0841,11.0965,8.3667,12.0283,0.3421,0.0295,103.6037,5.4833,0.5997,2.8852,0.0174,0.0961,2.7051,0.3321,5.8623,105.7869,3.7102,3.6638,0.4376
22-Apr-16,3.897,5.5902,4.3931,3.532,3.9889,3.0174,3.0562,2.8874,50.2395,11.1233,8.3528,12.0546,0.341,0.0295,103.9103,5.4882,0.6002,2.8873,0.0175,0.0962,2.6821,0.3359,5.8535,106.0957,3.7208,3.6586,0.4389
25-Apr-16,3.9075,5.6377,4.3979,3.515,4.0063,3.0121,3.0782,2.8875,50.3758,11.123,8.3351,12.0844,0.3401,0.0296,104.1889,5.4925,0.6015,2.8876,0.0175,0.097,2.6858,0.3374,5.8552,106.383,3.7301,3.6598,0.44
26-Apr-16,3.925,5.7193,4.4325,3.5403,4.0318,3.0378,3.1055,2.9034,50.605,11.1634,8.3832,12.1464,0.3416,0.0297,104.6639,5.5164,0.6045,2.9033,0.0176,0.0982,2.7051,0.3384,5.8992,106.8609,3.7458,3.687,0.442
27-Apr-16,3.9145,5.7118,4.432,3.5204,4.0254,2.985,3.1101,2.9006,50.466,11.1423,8.3715,12.0874,0.3407,0.0297,104.377,5.512,0.6029,2.9007,0.0176,0.0975,2.6852,0.336,5.8909,106.5765,3.735,3.6815,0.4408
28-Apr-16,3.897,5.6912,4.4262,3.6042,4.0312,2.9765,3.1063,2.9014,50.2353,11.1271,8.3305,12.0695,0.3421,0.0296,103.9159,5.492,0.6014,2.9013,0.0175,0.0962,2.7121,0.3331,5.8641,106.1,3.718,3.665,0.4389
29-Apr-16,3.9035,5.6915,4.4416,3.6449,4.0526,2.9776,3.1156,2.9054,50.3174,11.1816,8.3248,12.0919,0.3422,0.0296,104.0892,5.5174,0.602,2.9055,0.0175,0.0957,2.72,0.3351,5.8701,106.277,3.7249,3.6688,0.4396
3-May-16,3.9305,5.7824,4.5568,3.7184,4.1522,2.9858,3.1405,2.9268,50.6553,11.2719,8.386,12.1989,0.3444,0.0298,104.8022,5.5945,0.6068,2.9267,0.0176,0.0963,2.7565,0.3388,5.9239,107.0135,3.7514,3.7025,0.4426
4-May-16,3.9905,5.7792,4.5851,3.7352,4.1772,2.9865,3.1321,2.9447,51.419,11.3592,8.4562,12.3381,0.3449,0.0301,106.4063,5.6945,0.6139,2.9437,0.0179,0.0978,2.7485,0.344,5.9926,108.6457,3.8123,3.7454,0.4494
5-May-16,4.0055,5.8102,4.5815,3.733,4.1655,2.9991,3.1244,2.9522,51.611,11.413,8.4746,12.3722,0.3433,0.0302,106.8034,5.6875,0.6159,2.9515,0.018,0.0985,2.7604,0.3444,6.0256,109.054,3.8277,3.766,0.4511
6-May-16,4.004,5.8012,4.5738,3.7447,4.1402,2.9517,3.118,2.9468,51.5903,11.4087,8.5083,12.362,0.3421,0.0302,106.7634,5.6722,0.6161,2.9472,0.018,0.0981,2.7403,0.3452,6.0161,109.0132,3.8259,3.7601,0.4509
9-May-16,4.013,5.792,4.5722,3.7204,4.1412,2.9504,3.103,2.9419,51.7073,11.4246,8.5229,12.3724,0.3431,0.0302,107.0034,5.688,0.6168,2.9412,0.018,0.0984,2.7415,0.3465,6.0405,109.2553,3.8338,3.7753,0.4519
10-May-16,4.049,5.8482,4.6136,3.7155,4.1686,2.9847,3.1333,2.961,52.1641,11.4999,8.6656,12.4535,0.346,0.0305,107.9633,5.7259,0.6215,2.9611,0.0182,0.0992,2.7391,0.3467,6.0768,110.2399,3.8682,3.798,0.456
11-May-16,4.035,5.8183,4.5955,3.7126,4.1423,2.9639,3.1226,2.9455,51.9957,11.433,8.6812,12.384,0.3448,0.0303,107.5914,5.6958,0.6198,2.9455,0.0181,0.0992,2.7386,0.3472,6.0504,109.8572,3.8559,3.7815,0.4544
12-May-16,4.0255,5.8104,4.5921,3.6945,4.1496,2.9533,3.1334,2.9389,51.8723,11.4072,8.6366,12.3728,0.3449,0.0303,107.3367,5.6895,0.618,2.939,0.0181,0.0996,2.7482,0.3455,6.0425,109.6001,3.8446,3.7767,0.4533
13-May-16,4.0265,5.8042,4.5707,3.7034,4.1487,2.9361,3.131,2.9379,51.8755,11.3583,8.6406,12.338,0.3437,0.0302,107.3633,5.6893,0.6177,2.9382,0.018,0.0997,2.7392,0.3462,6.0327,109.6258,3.8474,3.7705,0.4534
16-May-16,4.03,5.7859,4.5628,3.7035,4.1291,2.9389,3.1203,2.9445,51.9133,11.3971,8.6751,12.3449,0.3421,0.0303,107.4566,5.6862,0.6179,2.9444,0.018,0.0995,2.7374,0.345,6.0347,109.7211,3.8489,3.7716,0.4538
17-May-16,4.0185,5.815,4.551,3.6653,4.1074,2.9434,3.1151,2.9359,51.7711,11.3221,8.655,12.3071,0.342,0.0302,107.15,5.664,0.6159,2.9358,0.018,0.0995,2.7316,0.344,6.0198,109.4035,3.8376,3.7623,0.4525
18-May-16,4.0495,5.8374,4.561,3.698,4.1166,2.9454,3.1222,2.9405,52.1634,11.375,8.6713,12.3713,0.3417,0.0302,107.9968,5.7099,0.6195,2.9406,0.0182,0.1001,2.7405,0.3461,6.0494,110.252,3.867,3.7809,0.456
19-May-16,4.0815,5.9782,4.5815,3.7079,4.1371,2.9442,3.1217,2.9613,52.5499,11.4472,8.7146,12.4618,0.3429,0.0301,108.8298,5.7474,0.6237,2.9608,0.0183,0.101,2.7554,0.3494,6.0655,111.1399,3.897,3.7912,0.4596
20-May-16,4.0815,5.948,4.5801,3.6992,4.1194,2.954,3.119,2.956,52.5526,11.4328,8.7286,12.4628,0.3427,0.03,108.811,5.7403,0.6236,2.9563,0.0183,0.1011,2.7607,0.3488,6.0478,111.1232,3.8951,3.7799,0.4596
23-May-16,4.083,5.9365,4.5775,3.7255,4.1199,2.9494,3.1096,2.9597,52.5621,11.4578,8.7272,12.4874,0.3448,0.0301,108.8698,5.74,0.6231,2.9596,0.0183,0.1001,2.7734,0.3487,6.0615,111.1641,3.8947,3.7884,0.4598
24-May-16,4.123,5.9928,4.6087,3.7638,4.155,2.9537,3.1305,2.9813,53.0774,11.5377,8.7864,12.6201,0.3458,0.0301,109.9393,5.7936,0.6289,2.9812,0.0185,0.1021,2.7746,0.3518,6.0906,112.2531,3.9343,3.8067,0.4643
25-May-16,4.1035,6.0108,4.574,3.7228,4.1368,2.9521,3.1284,2.9731,52.8342,11.5008,8.7682,12.5774,0.3469,0.0301,109.3975,5.7673,0.6253,2.9731,0.0184,0.1014,2.7703,0.3477,6.091,111.7268,3.9161,3.807,0.4621
26-May-16,4.0815,5.9955,4.5623,3.713,4.1175,2.9407,3.1426,2.9629,52.5587,11.4649,8.7417,12.5388,0.3452,0.03,108.8328,5.7301,0.6223,2.963,0.0182,0.1008,2.7444,0.345,6.0746,111.1278,3.8947,3.7951,0.4596
27-May-16,4.081,5.9791,4.5628,3.7203,4.1212,2.9457,3.1296,2.9677,52.5607,11.4546,8.7472,12.5473,0.3461,0.03,108.8165,5.7379,0.6221,2.9676,0.0182,0.1006,2.7461,0.3458,6.0942,111.1066,3.8939,3.8089,0.4596
30-May-16,4.117,6.0094,4.5839,3.7045,4.1469,2.9564,3.1519,2.9808,53.0009,11.5175,8.8083,12.6068,0.3456,0.0302,109.7735,5.7878,0.6254,2.9805,0.0184,0.1007,2.7567,0.3489,6.1167,112.0897,3.9275,3.8228,0.4636
31-May-16,4.129,6.025,4.5972,3.7212,4.1652,2.9875,3.1597,2.9916,53.1553,11.5626,8.8293,12.6544,0.3467,0.0302,110.0949,5.8047,0.627,2.9916,0.0184,0.1017,2.7745,0.3484,6.1425,112.4165,3.9389,3.8391,0.465
1-Jun-16,4.1445,5.9934,4.6232,3.772,4.1767,3.0072,3.1662,3.0066,53.3473,11.6255,8.889,12.7105,0.3476,0.0303,110.5097,5.8142,0.6298,3.0067,0.0185,0.1021,2.8168,0.3497,6.1532,112.8338,3.9549,3.8458,0.4667
2-Jun-16,4.1495,5.9931,4.652,3.8067,4.2046,2.9986,3.1731,3.0167,53.4096,11.6575,8.9169,12.7324,0.3494,0.0304,110.643,5.8209,0.6306,3.0169,0.0185,0.1022,2.8252,0.3493,6.1689,112.97,3.9638,3.8554,0.4673
3-Jun-16,4.1455,5.9828,4.6216,3.8093,4.1823,3.0045,3.1673,3.0126,53.3444,11.6512,8.9227,12.7104,0.3497,0.0305,110.5378,5.8242,0.6295,3.0129,0.0185,0.1021,2.8345,0.3498,6.1596,112.8626,3.9622,3.8489,0.4668
6-Jun-16,4.0985,5.915,4.6549,3.8248,4.2051,3.0163,3.1643,3.0155,52.7617,11.622,8.8626,12.6967,0.3519,0.0306,109.2861,5.747,0.6243,3.0154,0.0183,0.1005,2.836,0.3464,6.124,111.583,3.9173,3.8275,0.4615
7-Jun-16,4.058,5.9231,4.6119,3.767,4.1991,3.0194,3.177,2.9992,52.243,11.5121,8.8016,12.6142,0.3509,0.0306,108.2032,5.7303,0.6174,2.9984,0.0182,0.1,2.8183,0.3413,6.078,110.4804,3.8777,3.7987,0.4622
8-Jun-16,4.0615,5.9022,4.6181,3.7924,4.2112,3.0226,3.1925,3.0022,52.3143,11.5343,8.8269,12.6259,0.3509,0.0306,108.2994,5.746,0.6181,3.0025,0.0182,0.1,2.8382,0.3413,6.0898,110.5787,3.8872,3.8044,0.4574
9-Jun-16,4.0475,5.8567,4.5994,3.8006,4.2159,3.0136,3.1836,2.996,52.1488,11.5035,8.7922,12.5691,0.3499,0.0305,107.9233,5.7307,0.6168,2.9959,0.0181,0.0997,2.8849,0.3421,6.0669,110.1975,3.8812,3.7917,0.4558
10-Jun-16,4.073,5.8816,4.6027,3.8064,4.2212,3.0116,3.1943,3.0032,52.4726,11.5415,8.8308,12.6091,0.3491,0.0306,108.6061,5.7591,0.6207,3.003,0.0182,0.1003,2.8884,0.3443,6.0939,110.8918,3.9124,3.8089,0.4587
13-Jun-16,4.0915,5.7895,4.6119,3.8601,4.2397,3.0283,3.2015,3.014,52.7041,11.6203,8.8737,12.6234,0.3486,0.0308,109.0965,5.7747,0.6212,3.014,0.0183,0.1009,2.8878,0.3444,6.0958,111.3924,3.9134,3.8099,0.4608
14-Jun-16,4.105,5.8028,4.6126,3.8812,4.2543,3.0164,3.1964,3.0277,52.9029,11.6487,8.8604,12.6584,0.3479,0.0307,109.4565,5.7799,0.6228,3.0275,0.0184,0.1013,2.8809,0.3458,6.105,111.7646,3.9235,3.8156,0.4623
15-Jun-16,4.0975,5.8152,4.5972,3.8538,4.2435,3.0278,3.1887,3.0243,52.8005,11.6109,8.8438,12.6489,0.349,0.0306,109.2565,5.7616,0.6223,3.0244,0.0184,0.1011,2.8785,0.3455,6.1052,111.5543,3.9182,3.8156,0.4614
16-Jun-16,4.1,5.8087,4.6174,3.9366,4.2646,3.0174,3.1598,3.0345,52.8405,11.6411,8.8305,12.6641,0.3491,0.0307,109.3231,5.7655,0.6225,3.0346,0.0184,0.1011,2.8878,0.3457,6.0967,111.6269,3.9191,3.8104,0.4617
17-Jun-16,4.1,5.8618,4.6152,3.9313,4.2595,3.0295,3.172,3.0367,52.8391,11.6246,8.8257,12.6641,0.3497,0.0307,109.326,5.7695,0.6222,3.0366,0.0184,0.1003,2.8917,0.3463,6.1031,111.6269,3.9176,3.8144,0.4617
20-Jun-16,4.063,5.9531,4.6107,3.8867,4.2336,3.0347,3.171,3.027,52.362,11.5475,8.782,12.6047,0.3503,0.0306,108.3395,5.7316,0.6175,3.0271,0.0182,0.1002,2.8955,0.3437,6.0331,110.6195,3.8795,3.7713,0.4575
21-Jun-16,4.034,5.9544,4.5727,3.862,4.2034,3.0257,3.158,3.0099,51.9929,11.4733,8.6987,12.5459,0.3503,0.0304,107.5633,5.7173,0.613,3.01,0.0181,0.0995,2.8849,0.3413,5.9759,109.83,3.8533,3.7348,0.4543
23-Jun-16,4.0185,5.9401,4.5618,3.8445,4.2057,3.0354,3.1473,3.0062,51.8098,11.4194,8.6494,12.5382,0.3493,0.0303,107.1557,5.6912,0.6108,3.0061,0.018,0.0991,2.8961,0.3423,5.9673,109.408,3.8361,3.7295,0.4525
24-Jun-16,4.09,5.6884,4.5542,3.9711,4.1938,3.0227,3.143,3.0198,52.7167,11.5782,8.7281,12.6528,0.3487,0.0306,109.0594,5.8153,0.6182,3.0238,0.0183,0.1008,2.8835,0.3469,6.0276,111.3531,3.9038,3.7672,0.4606
27-Jun-16,4.096,5.4592,4.5267,4.0159,4.2084,3.0435,3.1467,3.0203,52.7958,11.5968,8.6872,12.6186,0.347,0.0307,109.2194,5.7265,0.6166,3.0202,0.0183,0.101,2.8987,0.3486,6.0288,111.518,3.9091,3.7683,0.4613
28-Jun-16,4.0755,5.42,4.5049,3.9913,4.1561,3.0157,3.1396,3.0065,52.522,11.5429,8.6667,12.5632,0.3474,0.0309,108.6699,5.6717,0.6128,3.0069,0.0183,0.0999,2.8804,0.3439,5.9982,110.9735,3.8931,3.749,0.459
29-Jun-16,4.041,5.4121,4.47,3.9411,4.1226,3.0004,3.1111,2.9962,52.0784,11.4866,8.6026,12.5116,0.3491,0.0307,107.7499,5.6387,0.6081,2.9958,0.0181,0.099,2.8639,0.3433,5.9725,110.0251,3.8592,3.7329,0.4551
30-Jun-16,4.0315,5.4353,4.4836,3.9196,4.1205,3.0006,3.1135,2.9886,51.958,11.4653,8.5449,12.4985,0.349,0.0305,107.4966,5.6274,0.6066,2.9878,0.0181,0.0988,2.8666,0.344,5.9686,109.7754,3.8487,3.7305,0.454
1-Jul-16,3.9985,5.3196,4.4411,3.8991,4.0998,2.9937,3.0916,2.9739,51.539,11.3788,8.5171,12.4139,0.3487,0.0304,106.5912,5.5933,0.6003,2.974,0.0179,0.0985,2.8669,0.3417,5.9329,108.8709,3.8179,3.7082,0.4503
4-Jul-16,3.997,5.2962,4.4405,3.8931,4.0976,2.9997,3.1013,2.9708,51.5223,11.3972,8.5302,12.4111,0.3478,0.0304,106.5639,5.5797,0.5996,2.9709,0.0179,0.0985,2.8714,0.3416,5.9466,108.8226,3.8158,3.7157,0.4501
5-Jul-16,4.025,5.2842,4.482,3.9575,4.1463,3.0137,3.1189,2.9789,51.8806,11.4412,8.5511,12.4494,0.3477,0.0307,107.2904,5.6187,0.6033,2.9784,0.018,0.0992,2.8948,0.3455,5.9636,109.582,3.8425,3.7272,0.4533
8-Jul-16,4.0325,5.2162,4.4658,4.0083,4.1192,3.0254,3.0985,2.9907,51.982,11.4487,8.5498,12.4907,0.3482,0.0307,107.4903,5.6179,0.6029,2.9908,0.0181,0.0993,2.926,0.3449,5.9845,109.7832,3.8504,3.7404,0.4541
11-Jul-16,3.9975,5.1398,4.4076,3.9143,4.0571,3.0133,3.0527,2.9619,51.5268,11.3784,8.4512,12.4121,0.3479,0.0305,106.5645,5.5668,0.5976,2.9616,0.0179,0.0985,2.8914,0.3402,5.9518,108.8333,3.8131,3.7198,0.4502
12-Jul-16,3.9805,5.2346,4.4225,3.8502,4.0574,3.0363,3.0507,2.953,51.3047,11.3292,8.4028,12.3714,0.3469,0.0303,106.1368,5.5314,0.5955,2.9527,0.0179,0.0981,2.9062,0.3388,5.9271,108.3704,3.7978,3.7045,0.4483
13-Jul-16,3.9715,5.2662,4.3919,3.8069,4.0242,3.0209,3.0408,2.9469,51.1963,11.2859,8.4151,12.3423,0.3464,0.0303,105.8968,5.5281,0.5935,2.9469,0.0178,0.0979,2.8916,0.3377,5.9166,108.1254,3.7882,3.6979,0.4472
14-Jul-16,3.948,5.2197,4.385,3.737,4.0247,3.0149,3.0529,2.932,50.9088,11.2511,8.3982,12.3356,0.3472,0.0302,105.266,5.4953,0.5903,2.932,0.0177,0.0973,2.8503,0.3363,5.9,107.4929,3.7666,3.6875,0.4446
15-Jul-16,3.9475,5.296,4.3971,3.7274,4.0293,3.021,3.0619,2.9359,50.9092,11.3077,8.4457,12.3832,0.3482,0.0302,105.2526,5.4918,0.5908,2.936,0.0177,0.0973,2.8383,0.3362,5.8848,107.472,3.7665,3.6779,0.4445
18-Jul-16,3.9755,5.2767,4.3935,3.762,4.041,3.0238,3.0739,2.9497,51.2657,11.3813,8.5094,12.437,0.3497,0.0304,106.0034,5.5415,0.5934,2.9494,0.0178,0.098,2.8304,0.3363,5.9226,108.2343,3.7925,3.7018,0.4477
19-Jul-16,4,5.2752,4.4268,3.7707,4.0698,3.0016,3.0751,2.9595,51.579,11.4515,8.5257,12.4973,0.3512,0.0306,106.6567,5.5553,0.5978,2.959,0.0179,0.0986,2.8116,0.3384,5.9555,108.9013,3.8159,3.7221,0.4505
20-Jul-16,4.0295,5.2992,4.4335,3.7852,4.0793,3.0167,3.088,2.9667,51.9587,11.5014,8.5512,12.5636,0.353,0.0307,107.4376,5.5929,0.6033,2.9666,0.0181,0.0993,2.8404,0.3421,5.9955,109.7119,3.8449,3.7473,0.4538
21-Jul-16,4.0435,5.3362,4.4537,3.813,4.0945,3.0322,3.0973,2.984,52.1379,11.5529,8.5813,12.6456,0.3559,0.0309,107.8195,5.6023,0.6056,2.9844,0.0181,0.0996,2.8264,0.3415,6.0158,110.0856,3.8574,3.7598,0.4554
22-Jul-16,4.056,5.3466,4.4734,3.8187,4.1144,3.0337,3.0898,2.9919,52.2974,11.6209,8.616,12.6651,0.3566,0.0309,108.1456,5.6222,0.6079,2.9918,0.0182,0.1002,2.836,0.3437,6.0434,110.4259,3.8693,3.7771,0.4568
25-Jul-16,4.0745,5.3592,4.4746,3.8321,4.1342,3.0504,3.0972,2.9933,52.5284,11.6199,8.6397,12.6714,0.358,0.031,108.6432,5.645,0.6101,2.9933,0.0183,0.1003,2.845,0.3453,6.0556,110.9296,3.8868,3.7848,0.4588
26-Jul-16,4.0655,5.3333,4.4771,3.8985,4.1289,3.0603,3.0767,2.9965,52.4117,11.6124,8.6207,12.6718,0.3576,0.0309,108.4032,5.6284,0.6091,2.9966,0.0182,0.1001,2.8733,0.3419,6.042,110.6861,3.8791,3.7763,0.4578
27-Jul-16,4.0815,5.3476,4.4872,3.8663,4.1043,3.0566,3.0917,3.007,52.6177,11.6614,8.6472,12.7326,0.3595,0.0311,108.8299,5.6606,0.6119,3.0066,0.0183,0.1005,2.8746,0.3447,6.0764,111.1368,3.8936,3.7978,0.4596
28-Jul-16,4.053,5.3441,4.5007,3.8677,4.1208,3.057,3.0878,3.0023,52.2573,11.6215,8.606,12.6904,0.36,0.0309,108.0699,5.614,0.6088,3.0024,0.0182,0.0997,2.878,0.3423,6.0441,110.3458,3.8655,3.7776,0.4564
29-Jul-16,4.075,5.3611,4.5224,3.9275,4.1679,3.0567,3.0923,3.0155,52.5366,11.6935,8.6426,12.7543,0.3629,0.0311,108.6609,5.6656,0.6123,3.0154,0.0183,0.1003,2.8928,0.3447,6.076,110.9508,3.8874,3.7974,0.4589
1-Aug-16,4.0185,5.3014,4.4855,3.9295,4.1494,3.0452,3.0753,3.0009,51.7941,11.559,8.5637,12.7478,0.364,0.0307,107.15,5.5993,0.6051,3.0011,0.018,0.0989,2.8901,0.3397,6.0229,109.4035,3.8339,3.7644,0.4525
2-Aug-16,4.05,5.3604,4.5368,3.9813,4.1928,3.0644,3.089,3.0199,52.1917,11.6547,8.6143,12.8126,0.365,0.0309,107.9899,5.6576,0.6101,3.0206,0.0182,0.0994,2.9235,0.3421,6.0701,110.2701,3.8638,3.7933,0.4561
3-Aug-16,4.0525,5.4113,4.5386,4.0066,4.185,3.0781,3.0879,3.0219,52.2344,11.6182,8.6137,12.7754,0.3629,0.0309,108.0566,5.6704,0.6113,3.0218,0.0182,0.0994,2.9117,0.3426,6.0544,110.3322,3.8722,3.784,0.4564
4-Aug-16,4.051,5.3852,4.5104,3.9917,4.1596,3.0844,3.0985,3.0155,52.2292,11.5933,8.6078,12.7828,0.3635,0.0308,108.0151,5.6772,0.61,3.0155,0.0182,0.0994,2.9023,0.3427,6.0503,110.2958,3.8812,3.7815,0.4562
5-Aug-16,4.0305,5.2955,4.4942,3.9916,4.14,3.0874,3.0972,3.0062,51.9723,11.5686,8.592,12.7993,0.3636,0.0307,107.4614,5.6337,0.6066,3.006,0.0181,0.0983,2.9094,0.341,6.0355,109.7302,3.8542,3.7714,0.4539
8-Aug-16,4.038,5.2676,4.4769,3.9476,4.1129,3.081,3.0684,2.9964,52.0596,11.5414,8.6227,12.8419,0.3643,0.0308,107.67,5.6421,0.6062,2.9962,0.0181,0.0985,2.8795,0.3413,6.0463,109.9344,3.8595,3.7789,0.4547
9-Aug-16,4.0265,5.2391,4.467,3.935,4.0959,3.0845,3.0608,2.9885,51.9056,11.5175,8.5908,12.8151,0.3639,0.0307,107.3733,5.6051,0.6044,2.9883,0.0181,0.0982,2.8733,0.3404,6.0192,109.6303,3.8518,3.762,0.4534
10-Aug-16,3.997,5.2151,4.4555,3.9412,4.0825,3.0843,3.0605,2.9788,51.531,11.4972,8.5543,12.8707,0.365,0.0305,106.5781,5.5614,0.602,2.9791,0.0179,0.0976,2.8842,0.3373,5.9871,108.8241,3.8236,3.742,0.4501
11-Aug-16,4.0065,5.1896,4.4644,3.9547,4.1057,3.087,3.0671,2.9815,51.6564,11.5179,8.5636,12.7983,0.3645,0.0305,106.8286,5.5976,0.6033,2.9815,0.018,0.0983,2.8967,0.3381,5.9935,109.0857,3.8331,3.7459,0.4512
12-Aug-16,4.025,5.2176,4.4891,3.944,4.1295,3.0948,3.1019,2.9893,51.891,11.5794,8.6318,12.8148,0.3644,0.0307,107.3291,5.6151,0.6057,2.9895,0.018,0.0987,2.8992,0.3397,6.0196,109.5924,3.8469,3.7622,0.4533
15-Aug-16,4.009,5.179,4.4771,3.9703,4.1133,3.0775,3.1009,2.9842,51.6847,11.5842,8.6234,12.7883,0.3649,0.0306,106.8981,5.5895,0.6037,2.9847,0.018,0.0983,2.8909,0.3369,5.9907,109.1493,3.831,3.7436,0.4515
16-Aug-16,3.9945,5.1781,4.497,3.9839,4.1385,3.0802,3.1005,2.9804,51.5051,11.55,8.6405,12.7947,0.3652,0.0305,106.5129,5.5746,0.6029,2.9805,0.0179,0.098,2.9056,0.3362,5.9771,108.759,3.8161,3.7358,0.4498
17-Aug-16,4.0075,5.2118,4.511,3.9739,4.1604,3.0603,3.1051,2.9803,51.6743,11.5457,8.6266,12.751,0.3605,0.0306,106.8553,5.619,0.6041,2.9798,0.018,0.0983,2.902,0.3376,5.9863,109.104,3.8292,3.7426,0.4513
18-Aug-16,3.9955,5.2597,4.5253,3.9889,4.1705,3.0759,3.1193,2.9812,51.5292,11.5577,8.633,12.7136,0.3605,0.0305,106.5353,5.5985,0.6026,2.9811,0.0179,0.0975,2.9113,0.3341,5.9835,108.7951,3.8143,3.7397,0.4499
19-Aug-16,4.0175,5.2724,4.5466,4.0129,4.198,3.0573,3.13,2.9849,51.8136,11.5895,8.6509,12.6715,0.358,0.0305,107.1305,5.6468,0.6039,2.9845,0.018,0.0978,2.9179,0.3367,5.9936,109.3852,3.8388,3.7459,0.4524
22-Aug-16,4.028,5.2825,4.5504,3.9994,4.183,3.0663,3.1216,2.9802,51.9531,11.6114,8.6447,12.6547,0.358,0.0305,107.4019,5.661,0.6053,2.98,0.0181,0.0989,2.9215,0.3368,5.9923,109.6636,3.8446,3.7464,0.4536
23-Aug-16,4.027,5.3098,4.564,4.0192,4.1909,3.0782,3.1172,2.9838,51.9402,11.6261,8.6634,12.6903,0.3604,0.0305,107.3753,5.6516,0.6063,2.9834,0.0181,0.0988,2.9482,0.3356,6.002,109.6364,3.8431,3.7515,0.4535
24-Aug-16,4.0335,5.3323,4.556,4.0265,4.1876,3.0768,3.1248,2.9829,52.0227,11.6491,8.6733,12.7011,0.3602,0.0304,107.5485,5.673,0.6065,2.9829,0.0181,0.099,2.9557,0.3333,6.0107,109.8209,3.8502,3.7566,0.4542
25-Aug-16,4.021,5.3133,4.5375,4.0064,4.1664,3.0652,3.113,2.9718,51.8561,11.632,8.6744,12.6793,0.3603,0.0304,107.2238,5.6489,0.6041,2.9717,0.018,0.0987,2.9406,0.3365,5.9957,109.4731,3.8388,3.7473,0.4528
26-Aug-16,4.0165,5.3058,4.5334,3.9975,4.1587,3.0646,3.1119,2.9682,51.7877,11.6134,8.6647,12.6699,0.3601,0.0304,107.1053,5.6416,0.6023,2.9684,0.018,0.0986,2.9397,0.333,5.9903,109.3505,3.8325,3.7439,0.4523
29-Aug-16,4.0425,5.2975,4.5219,3.9557,4.1358,3.0541,3.1087,2.9702,52.1189,11.6768,8.7038,12.7383,0.3603,0.0305,107.7885,5.6778,0.6052,2.9702,0.0181,0.0992,2.9288,0.3344,6.0174,110.0644,3.8585,3.7608,0.4552
30-Aug-16,4.054,5.298,4.5279,3.9634,4.1378,3.061,3.1077,2.9757,52.2642,11.7422,8.7273,12.7802,0.3626,0.0305,108.0951,5.6623,0.607,2.9756,0.0182,0.0994,2.9341,0.3367,6.0458,110.3715,3.8685,3.7785,0.4565
1-Sep-16,4.077,5.4037,4.5459,3.9389,4.1345,3.0732,3.11,2.9892,52.561,11.7696,8.7203,12.8365,0.3635,0.0307,108.7113,5.6847,0.6104,2.9892,0.0183,0.1,2.965,0.3372,6.0883,110.9977,3.8949,3.805,0.4591
2-Sep-16,4.0865,5.4222,4.5693,3.9439,4.1661,3.0822,3.1173,3.0046,52.6882,11.8013,8.7533,12.8973,0.3654,0.0308,108.9617,5.7024,0.6116,3.0046,0.0183,0.1003,2.9772,0.338,6.1134,111.2563,3.9139,3.8209,0.4602
5-Sep-16,4.07,5.4398,4.5452,3.9371,4.1601,3.093,3.152,2.9992,52.4809,11.719,8.7499,12.9767,0.3683,0.0309,108.5232,5.6862,0.6096,2.999,0.0182,0.0999,2.9825,0.3366,6.1258,110.8071,3.9001,3.8109,0.4583
6-Sep-16,4.0815,5.4443,4.5566,3.9475,4.1637,3.1183,3.1642,3.0074,52.6275,11.7555,8.7614,13.0038,0.3688,0.0311,108.8298,5.7022,0.611,3.0075,0.0183,0.1001,2.9962,0.3354,6.1371,111.1278,3.9041,3.8343,0.4596
7-Sep-16,4.067,5.4449,4.5709,4.0024,4.1947,3.1157,3.1641,3.0168,52.4405,11.7408,8.712,13.014,0.373,0.0311,108.4432,5.6835,0.6103,3.0173,0.0182,0.0998,3.0299,0.3342,6.1265,110.7254,3.8939,3.829,0.458
8-Sep-16,4.0395,5.3976,4.5535,3.978,4.1715,3.1217,3.1426,3.0013,52.0789,11.658,8.6246,12.9202,0.3703,0.0309,107.6999,5.669,0.6061,3.0011,0.0181,0.0991,3.0215,0.3311,6.0822,109.9842,3.8724,3.8013,0.4549
9-Sep-16,4.072,5.4149,4.5893,3.9853,4.1839,3.1004,3.1457,3.0069,52.4962,11.7079,8.6253,12.9258,0.3699,0.0311,108.5563,5.7216,0.6096,3.0069,0.0183,0.0989,3.0025,0.334,6.1118,110.86,3.9066,3.8199,0.4586
13-Sep-16,4.1075,5.4634,4.6142,4.0351,4.2247,3.0923,3.1374,3.0209,52.9484,11.7795,8.6274,12.9717,0.367,0.0312,109.5027,5.7525,0.6149,3.0209,0.0184,0.1001,3.0131,0.3381,6.146,111.8281,3.9378,3.8445,0.4626
14-Sep-16,4.1195,5.4435,4.6237,4.0028,4.2115,3.081,3.1334,3.0173,53.1055,11.8037,8.6816,12.9957,0.3666,0.0312,109.8226,5.7706,0.6174,3.0173,0.0185,0.1003,2.9978,0.3388,6.1625,112.1547,3.9497,3.8515,0.4639
15-Sep-16,4.1445,5.4755,4.6559,4.0476,4.2508,3.0968,3.1376,3.0299,53.4202,11.872,8.6769,13.0548,0.3664,0.0315,110.4773,5.799,0.6211,3.0298,0.0186,0.1009,3.0099,0.338,6.1858,112.8385,3.967,3.8661,0.4667
19-Sep-16,4.1355,5.3958,4.6169,4.0606,4.218,3.1196,3.1456,3.0318,53.3056,11.864,8.6336,13.1826,0.3695,0.0314,110.2712,5.7892,0.6198,3.0317,0.0185,0.1014,3.022,0.3335,6.1756,112.5888,3.9546,3.8614,0.4657
20-Sep-16,4.143,5.3907,4.6354,4.0719,4.2401,3.1286,3.1354,3.0407,53.4098,11.9033,8.6674,13.2107,0.3697,0.0315,110.4491,5.7828,0.6211,3.0407,0.0186,0.1016,3.042,0.3333,6.1813,112.7945,3.9618,3.8633,0.4666
21-Sep-16,4.1325,5.3611,4.6073,4.0584,4.2296,3.1372,3.1397,3.0367,53.2844,11.8875,8.6337,13.1437,0.3701,0.0315,110.1883,5.7673,0.6194,3.0361,0.0185,0.1014,3.025,0.3327,6.1658,112.5087,3.9461,3.8536,0.4654
22-Sep-16,4.1085,5.3747,4.6165,4.0757,4.2364,3.1479,3.1523,3.0336,52.9709,11.8469,8.597,13.1053,0.3723,0.0314,109.5323,5.7315,0.616,3.0337,0.0184,0.1008,3.0121,0.3313,6.1537,111.8553,3.9213,3.8463,0.4627
23-Sep-16,4.1185,5.3555,4.614,4.0783,4.2446,3.1377,3.148,3.0295,53.1036,11.8809,8.5713,13.1309,0.3731,0.0315,109.7989,5.7671,0.6174,3.0296,0.0185,0.1002,2.9867,0.3321,6.177,112.126,3.9323,3.8604,0.4638
26-Sep-16,4.135,5.3482,4.6479,4.1101,4.2717,3.1467,3.1342,3.0365,53.3198,11.9421,8.5691,13.1441,0.373,0.0317,110.2623,5.7845,0.62,3.0364,0.0185,0.1015,2.99,0.3327,6.1992,112.5798,3.9462,3.8747,0.4657
27-Sep-16,4.1265,5.3506,4.6386,4.1037,4.255,3.165,3.12,3.0337,53.2108,11.9313,8.5382,13.1593,0.3759,0.0319,110.0283,5.7755,0.6188,3.0335,0.0185,0.1013,3.0183,0.3306,6.2057,112.353,3.9403,3.8788,0.4647
28-Sep-16,4.137,5.375,4.6396,4.1054,4.259,3.1737,3.1275,3.0379,53.351,11.9503,8.5716,13.1882,0.3767,0.032,110.248,5.7927,0.62,3.0377,0.0185,0.1016,3.0024,0.3302,6.2248,112.6389,3.953,3.8905,0.4659
29-Sep-16,4.1215,5.3549,4.6221,4.0616,4.2407,3.1606,3.1469,3.0234,53.1491,11.9014,8.5331,13.1312,0.3747,0.0318,109.7603,5.7664,0.6181,3.0234,0.0185,0.1012,2.9976,0.3287,6.1621,112.2107,3.9382,3.8512,0.4641
30-Sep-16,4.1355,5.3602,4.6247,4.0935,4.2685,3.1479,3.1414,3.0293,53.3393,11.9316,8.5321,13.2044,0.3756,0.0317,110.1259,5.7827,0.62,3.0294,0.0185,0.1016,3.0015,0.3277,6.2043,112.5888,3.9544,3.8784,0.4657
4-Oct-16,4.127,5.27,4.6105,4.0324,4.216,3.1636,3.1365,3.0153,53.2101,11.9054,8.5521,13.1517,0.3727,0.0318,110.002,5.7682,0.6186,3.0153,0.0185,0.1017,3.0067,0.3252,6.2083,112.3758,3.9499,3.8802,0.4648
5-Oct-16,4.1405,5.2723,4.6485,4.0252,4.2378,3.1536,3.1372,3.022,53.3748,11.8951,8.576,13.1947,0.3723,0.0319,110.3618,5.7666,0.6206,3.0214,0.0186,0.1017,2.9756,0.3263,6.2219,112.725,3.9628,3.8887,0.4663
6-Oct-16,4.1415,5.2709,4.6345,3.9968,4.2423,3.1444,3.1404,3.02,53.3905,11.8853,8.579,13.1853,0.3723,0.0319,110.3959,5.7702,0.6208,3.0199,0.0186,0.1011,2.969,0.3266,6.2147,112.7568,3.9641,3.8842,0.4664
7-Oct-16,4.1525,5.1634,4.6215,3.9999,4.2312,3.1457,3.1328,3.0212,53.5219,11.8974,8.6063,13.2039,0.3722,0.032,110.7024,5.7764,0.6224,3.0209,0.0186,0.102,2.9603,0.328,6.2203,113.0563,3.9708,3.8877,0.4676
10-Oct-16,4.15,5.1535,4.6403,4.025,4.239,3.1505,3.1295,3.0206,53.4901,11.8293,8.5867,13.1989,0.374,0.032,110.6431,5.7524,0.6191,3.0206,0.0186,0.102,2.9664,0.3309,6.2326,112.9836,3.9684,3.8954,0.4673
11-Oct-16,4.1725,5.1257,4.6361,4.0161,4.2313,3.1467,3.1536,3.0241,53.7731,11.8082,8.5713,13.1731,0.3721,0.0321,111.2429,5.7835,0.6212,3.024,0.0187,0.1026,2.9493,0.3343,6.2665,113.5977,3.99,3.9178,0.4699
12-Oct-16,4.2,5.1486,4.6303,4.0546,4.2429,3.1834,3.1734,3.0386,54.137,11.7532,8.6315,13.2681,0.3736,0.0323,111.9552,5.8056,0.6255,3.0384,0.0188,0.1032,2.97,0.3365,6.2823,114.3495,4.017,3.9418,0.473
13-Oct-16,4.22,5.1332,4.6401,4.0542,4.2641,3.173,3.1758,3.0446,54.3906,11.8007,8.7127,13.2729,0.3709,0.0323,112.4883,5.8241,0.627,3.0445,0.0189,0.1037,2.9736,0.3341,6.3036,114.8987,4.0319,3.94,0.4752
14-Oct-16,4.1975,5.1272,4.6265,4.0285,4.2496,3.1987,3.1822,3.0253,54.1044,11.8943,8.6717,13.2535,0.3712,0.0322,111.911,5.7907,0.6242,3.0254,0.0188,0.1032,2.9838,0.3315,6.2865,114.2783,4.0108,3.9291,0.4727
17-Oct-16,4.2165,5.1334,4.6331,4.0481,4.2645,3.2058,3.2024,3.0329,54.3426,11.9487,8.6795,13.2649,0.3697,0.0323,112.413,5.813,0.6258,3.0328,0.0189,0.1036,3.0028,0.3328,6.3107,114.7972,4.0263,3.9442,0.4748
18-Oct-16,4.1955,5.138,4.6222,4.0339,4.2447,3.2211,3.2103,3.0261,54.0762,11.9735,8.7079,13.2952,0.3725,0.0322,111.8681,5.7775,0.6226,3.0262,0.0188,0.1035,3.0187,0.3309,6.2918,114.2239,4.0062,3.9324,0.4725
19-Oct-16,4.1925,5.1654,4.6107,4.0529,4.2402,3.2211,3.2022,3.0241,54.0396,12.0189,8.7372,13.3159,0.3735,0.0322,111.7568,5.7828,0.6223,3.024,0.0188,0.1035,3.0247,0.3291,6.2889,114.15,4.0079,3.9285,0.4721
20-Oct-16,4.1905,5.142,4.598,4.042,4.2354,3.2126,3.1816,3.0158,54.0156,11.9737,8.7157,13.2724,0.3716,0.0322,111.7035,5.779,0.6219,3.0158,0.0188,0.1033,3.0274,0.3279,6.2767,114.0986,4.0026,3.9231,0.4719
21-Oct-16,4.1885,5.1217,4.5573,4.0361,4.2098,3.1954,3.1603,3.0042,53.9863,11.9176,8.6718,13.2,0.3682,0.0321,111.6621,5.7714,0.6192,3.004,0.0188,0.1033,2.9996,0.3262,6.2613,114.0364,3.9978,3.9128,0.4717
24-Oct-16,4.1745,5.109,4.5467,4.018,4.2008,3.1874,3.1293,2.9997,53.8128,11.8839,8.6625,13.1754,0.3689,0.0321,111.3007,5.7338,0.6165,2.9998,0.0187,0.103,2.9923,0.3256,6.245,113.6599,3.9839,3.9033,0.4701
25-Oct-16,4.1625,5.0939,4.5321,3.9861,4.1899,3.181,3.1249,2.9923,53.6633,11.9201,8.6279,13.2015,0.3671,0.032,110.9896,5.7177,0.6143,2.992,0.0186,0.1027,2.976,0.3232,6.2262,113.3332,3.9662,3.8913,0.4688
26-Oct-16,4.1625,5.0828,4.5467,3.9949,4.1978,3.2028,3.1189,2.9984,53.6716,11.9012,8.6101,13.1848,0.367,0.032,110.9926,5.7118,0.615,2.9983,0.0186,0.1027,2.9887,0.3227,6.2315,113.3301,3.9743,3.895,0.4688
27-Oct-16,4.1865,5.1176,4.5698,3.998,4.2162,3.1872,3.1282,3.0053,53.987,11.9214,8.6319,13.2212,0.3662,0.0321,111.6296,5.7525,0.6175,3.005,0.0187,0.1032,2.9898,0.3258,6.2611,113.982,3.9961,3.9124,0.4715
28-Oct-16,4.1985,5.1081,4.5789,3.9908,4.2226,3.1839,3.1372,3.0111,54.1452,11.9624,8.6566,13.2717,0.3666,0.0322,111.9406,5.7678,0.6193,3.011,0.0188,0.1036,2.9979,0.3265,6.2819,114.3087,4.0068,3.9253,0.4728
31-Oct-16,4.196,5.1097,4.5957,3.9983,4.242,3.1929,3.1343,3.0129,54.1056,11.9877,8.6605,13.2823,0.3666,0.0322,111.8829,5.7557,0.6196,3.0129,0.0188,0.1036,3.0006,0.3263,6.2852,114.2406,4.004,3.9234,0.4725
1-Nov-16,4.1875,5.1284,4.6012,3.986,4.2424,3.2099,3.1264,3.0107,53.9981,11.9556,8.6599,13.2623,0.3664,0.0321,111.6562,5.753,0.6181,3.0109,0.0188,0.1029,3.0026,0.3251,6.2741,114.0092,3.9967,3.9212,0.4716
2-Nov-16,4.1895,5.1403,4.6439,4.0414,4.3117,3.2012,3.1312,3.0203,54.0239,11.9613,8.6655,13.3074,0.3655,0.0321,111.7096,5.7719,0.6196,3.0205,0.0188,0.1034,3.0374,0.326,6.2735,114.0605,3.9978,3.9209,0.4718
3-Nov-16,4.1875,5.164,4.6473,4.0689,4.3046,3.2085,3.1301,3.0227,53.995,11.9675,8.6589,13.2875,0.3664,0.032,111.6548,5.792,0.6192,3.0228,0.0188,0.1034,3.0548,0.3261,6.2758,114.0061,3.9976,3.9224,0.3074
4-Nov-16,4.201,5.2424,4.6635,4.0777,4.314,3.2257,3.1345,3.032,54.168,12.0037,8.67,13.369,0.3674,0.0321,112.0117,5.8117,0.6216,3.0321,0.0188,0.1039,3.0756,0.3285,6.296,114.3752,4.0115,3.935,0.2734
7-Nov-16,4.211,5.2164,4.6527,4.0268,4.302,3.233,3.1431,3.0278,54.2928,12.0349,8.6567,13.385,0.3685,0.0322,112.2784,5.8333,0.6217,3.0278,0.0189,0.1047,3.0742,0.3303,6.311,114.6459,4.0208,3.9434,0.247
8-Nov-16,4.2015,5.2233,4.6475,4.021,4.313,3.2408,3.146,3.024,54.1738,12.0223,8.6326,13.3608,0.3704,0.0321,112.0251,5.8025,0.6196,3.0238,0.0188,0.1039,3.0831,0.327,6.3015,114.395,4.0154,3.9381,0.2447
9-Nov-16,4.2265,5.2525,4.695,4.0875,4.342,3.2409,3.1546,3.0391,54.5112,12.1016,8.6787,13.4281,0.368,0.0323,112.6916,5.8301,0.6237,3.0393,0.0189,0.1047,3.0877,0.3297,6.3609,115.0679,4.0381,3.9756,0.241
10-Nov-16,4.2595,5.2988,4.6548,4.0243,4.3277,3.2885,3.1768,3.0413,54.9262,12.1455,8.7401,13.4654,0.3702,0.0324,113.5746,5.8922,0.6273,3.041,0.0191,0.1055,3.1041,0.3307,6.412,115.9742,4.07,4.0074,0.2457
11-Nov-16,4.285,5.4064,4.6625,4.0222,4.3432,3.2508,3.1725,3.0363,55.2408,12.1283,8.7352,13.4271,0.3671,0.0322,114.2514,5.8756,0.6287,3.0362,0.0192,0.1066,3.079,0.3322,6.3769,116.659,4.0927,3.9872,0.2642
14-Nov-16,4.33,5.3997,4.6478,4.0132,4.3443,3.2635,3.1883,3.056,55.817,12.2109,8.7883,13.5133,0.3682,0.0324,115.4513,5.9437,0.6328,3.056,0.0194,0.1078,3.0656,0.3357,6.3918,117.8841,4.1327,4.0253,0.2785
15-Nov-16,4.3335,5.392,4.6819,4.0116,4.359,3.2766,3.2077,3.0719,55.8686,12.2562,8.8323,13.6156,0.3719,0.0324,115.5431,5.9204,0.6326,3.0717,0.0194,0.1075,3.0848,0.3349,6.4043,117.989,4.14,4.0027,0.2799
16-Nov-16,4.3525,5.4282,4.6639,3.9736,4.3432,3.2763,3.2349,3.0721,56.1121,12.264,8.8159,13.6785,0.3714,0.0325,116.0543,5.9349,0.6334,3.0723,0.0194,0.1075,3.0861,0.3361,6.4152,118.4837,4.1557,4.0097,0.2805
17-Nov-16,4.3935,5.482,4.7171,4.0341,4.3944,3.2892,3.2762,3.1055,56.6395,12.3996,8.8739,13.8022,0.3743,0.0329,117.1475,5.9715,0.6394,3.1049,0.0196,0.1092,3.1231,0.3382,6.4829,119.6194,4.1925,4.0515,0.2804
18-Nov-16,4.4165,5.4831,4.6852,3.997,4.3765,3.2625,3.2642,3.1001,56.9371,12.4199,8.8783,13.78,0.3733,0.0329,117.7498,6.0154,0.6412,3.0997,0.0196,0.1098,3.1068,0.3416,6.481,120.239,4.2152,4.0507,0.2752
21-Nov-16,4.4205,5.454,4.7052,3.9939,4.3856,3.2513,3.2875,3.1013,56.9909,12.4486,8.8717,13.8448,0.3741,0.0329,117.8596,5.9934,0.6411,3.1015,0.0196,0.1098,3.1078,0.3392,6.4941,120.3512,4.218,4.0556,0.2515
22-Nov-16,4.426,5.5241,4.7088,3.9942,4.3861,3.2746,3.3061,3.1107,57.0684,12.4843,8.8778,13.8955,0.3763,0.0329,118.0078,5.9979,0.6427,3.1108,0.0196,0.1099,3.1298,0.341,6.4905,120.4977,4.2233,4.0557,0.2529
23-Nov-16,4.4425,5.5058,4.7133,4.0021,4.39,3.3032,3.3044,3.1156,57.2797,12.4956,8.9099,13.9324,0.3781,0.033,118.4461,6.0207,0.6441,3.1158,0.0196,0.1104,3.1371,0.3383,6.4858,120.9485,4.238,4.0539,0.2532
24-Nov-16,4.4605,5.5397,4.7087,3.9376,4.387,3.2907,3.298,3.1115,57.5103,12.5012,8.9314,13.9639,0.3774,0.0329,118.9229,6.0373,0.6448,3.1116,0.0196,0.1108,3.1188,0.3397,6.4838,121.4469,4.2576,4.0524,0.2538
25-Nov-16,4.465,5.5502,4.7322,3.9564,4.4066,3.3258,3.3111,3.1268,57.568,12.5191,8.9659,14.0219,0.3795,0.033,119.0334,6.0434,0.6456,3.1265,0.0196,0.1109,3.1431,0.3398,6.5206,121.5595,4.2595,4.0754,0.2523
28-Nov-16,4.4625,5.5761,4.7584,3.9863,4.4229,3.3388,3.3125,3.1328,57.5394,12.5437,8.9663,14.056,0.3816,0.033,118.9762,6.04,0.6463,3.1336,0.0197,0.1108,3.1653,0.3396,6.4923,121.4964,4.2571,4.0577,0.2529
29-Nov-16,4.466,5.5461,4.7299,3.9664,4.3985,3.3395,3.3209,3.127,57.5783,12.5098,8.9679,14.0048,0.3816,0.0329,119.0664,6.037,0.6476,3.127,0.0197,0.1109,3.1655,0.3401,6.5019,121.5916,4.2604,4.0639,0.2492
30-Nov-16,4.466,5.5798,4.7592,3.9548,4.4065,3.3395,3.3271,3.1345,57.5835,12.537,8.9859,14.0279,0.3817,0.033,119.06,6.0385,0.6488,3.134,0.0197,0.111,3.1979,0.3391,6.5221,121.5867,4.2574,4.0769,0.2485
1-Dec-16,4.4688,5.5998,4.7411,3.9074,4.4031,3.3017,3.3277,3.1238,57.6211,12.5156,8.9916,14.0055,0.3823,0.033,119.146,6.0496,0.6482,3.1239,0.0197,0.111,3.1679,0.3396,6.5404,121.6649,4.2651,4.0878,0.2504
2-Dec-16,4.4565,5.6196,4.7522,3.9137,4.4087,3.3096,3.3499,3.1303,57.4602,12.5086,8.9841,13.9733,0.3803,0.033,118.8226,6.0311,0.6471,3.1304,0.0196,0.1108,3.1612,0.3381,6.5329,121.328,4.2522,4.0804,0.2511
5-Dec-16,4.4475,5.6532,4.7315,3.8962,4.3896,3.3087,3.3386,3.1235,57.3516,12.4868,8.9558,13.8887,0.38,0.0331,118.5795,6.0269,0.6459,3.1237,0.0196,0.1097,3.1571,0.3387,6.5246,121.088,4.2448,4.0766,0.2475
6-Dec-16,4.439,5.6648,4.781,3.8957,4.4136,3.3022,3.3454,3.1272,57.2342,12.4654,8.9393,13.8853,0.3792,0.0332,118.3607,6.0273,0.6453,3.1269,0.0195,0.1103,3.1646,0.3365,6.5332,120.8532,4.2367,4.0834,0.2473
7-Dec-16,4.4335,5.6035,4.7549,3.8824,4.3933,3.2959,3.3382,3.1169,57.1607,12.4327,8.9241,13.9156,0.3797,0.0333,118.2141,6.0285,0.644,3.1169,0.0195,0.1101,3.16,0.3346,6.5357,120.7068,4.2329,4.0849,0.2462
8-Dec-16,4.422,5.6031,4.7709,3.8996,4.3961,3.3163,3.3463,3.1217,57.0121,12.4222,8.9029,13.9634,0.3817,0.0333,117.8965,6.0015,0.6429,3.1216,0.0195,0.1098,3.1898,0.3325,6.5628,120.3888,4.2217,4.1018,0.2433
9-Dec-16,4.4235,5.5734,4.6971,3.864,4.3532,3.3048,3.3556,3.1077,57.0131,12.4186,8.8896,13.9093,0.3792,0.0332,117.9254,6.0205,0.6408,3.1051,0.0196,0.1099,3.1747,0.3331,6.5597,120.4313,4.2189,4.0974,0.2448
13-Dec-16,4.4365,5.629,4.7138,3.8451,4.3774,3.3187,3.3784,3.1106,57.1802,12.4602,8.9078,13.9752,0.38,0.0333,118.2736,5.9929,0.6428,3.1101,0.0196,0.1102,3.1865,0.3336,6.5743,120.7885,4.2335,4.1091,0.2438
14-Dec-16,4.445,5.6334,4.7228,3.8619,4.3969,3.3338,3.3891,3.1202,57.3016,12.4875,8.9253,14.0132,0.3805,0.0334,118.5128,6.0089,0.644,3.1206,0.0196,0.1104,3.2073,0.3297,6.5861,121.0182,4.2416,4.1163,0.24
15-Dec-16,4.465,5.6025,4.6923,3.7935,4.3672,3.311,3.3614,3.1088,57.5446,12.4876,8.9551,13.994,0.3786,0.0333,119.0429,6.0453,0.6444,3.1085,0.0196,0.1109,3.1666,0.3307,6.5899,121.5661,4.2595,4.1186,0.2424
16-Dec-16,4.4775,5.5673,4.6718,3.786,4.3543,3.2872,3.3553,3.1033,57.6804,12.5079,8.9729,13.9778,0.3774,0.0334,119.365,5.9989,0.6435,3.1033,0.0197,0.1112,3.1463,0.328,6.6035,121.9047,4.2716,4.1272,0.2431
19-Dec-16,4.4795,5.5938,4.6871,3.8136,4.3664,3.2694,3.3556,3.0974,57.6783,12.4897,8.9542,13.9974,0.3776,0.0335,119.4295,6.0049,0.6449,3.0979,0.0197,0.1117,3.1236,0.3248,6.614,121.9741,4.2723,4.1339,0.2413
20-Dec-16,4.4775,5.5407,4.6501,3.7889,4.3532,3.2446,3.3362,3.0952,57.6548,12.4425,8.946,13.9667,0.3749,0.0333,119.3443,6.0017,0.6442,3.0952,0.0197,0.1115,3.0957,0.3261,6.5896,121.8998,4.2714,4.1185,0.229
21-Dec-16,4.4795,5.5239,4.6594,3.8075,4.3573,3.2454,3.3494,3.1006,57.7192,12.436,8.968,13.9893,0.3747,0.0333,119.4231,5.9909,0.6446,3.1006,0.0197,0.1116,3.0965,0.3258,6.5977,121.9692,4.2733,4.1249,0.2289
22-Dec-16,4.4755,5.521,4.6731,3.8059,4.3644,3.2315,3.3295,3.0933,57.6565,12.419,8.9549,13.9294,0.3723,0.0333,119.318,5.9951,0.6442,3.0932,0.0197,0.1115,3.095,0.3238,6.5877,121.8619,4.2695,4.1173,0.2326
23-Dec-16,4.4765,5.4853,4.677,3.8138,4.3609,3.2276,3.3186,3.0952,57.6757,12.4304,9.0061,13.9225,0.3716,0.0333,119.3272,5.9993,0.6442,3.0954,0.0197,0.1115,3.0915,0.3267,6.5981,121.8858,4.2715,4.1239,0.2356
27-Dec-16,4.4785,5.4989,4.6803,3.8195,4.355,3.2191,3.3099,3.0918,57.7123,12.4332,8.9979,13.8823,0.3705,0.0333,119.3916,5.9998,0.6444,3.0918,0.0197,0.1116,3.0882,0.3286,6.5875,121.9453,4.2734,4.1172,0.2327
28-Dec-16,4.482,5.4934,4.679,3.8107,4.3559,3.2266,3.3007,3.0893,57.7793,12.4377,8.9992,13.865,0.3703,0.0333,119.4945,6.0043,0.6443,3.0893,0.0197,0.1117,3.1045,0.3288,6.5703,122.0273,4.2757,4.1067,0.2307
29-Dec-16,4.4845,5.4973,4.6843,3.8489,4.3713,3.2356,3.3185,3.0959,57.822,12.4717,9.0194,13.8785,0.3711,0.0333,119.5612,5.9982,0.6448,3.096,0.0197,0.1117,3.1183,0.3288,6.583,122.0953,4.2781,4.1144,0.2339
30-Dec-16,4.486,5.5122,4.7204,3.8312,4.3983,3.238,3.3252,3.1006,57.8488,12.5237,9.0444,13.8806,0.3729,0.0333,119.6012,6.0116,0.6457,3.1006,0.0197,0.1118,3.1175,0.3291,6.6063,122.1345,4.2885,4.1289,0.2425
3-Jan-17,4.4925,5.5024,4.6879,3.8051,4.3795,3.2409,3.3484,3.0995,57.9195,12.5452,9.0279,13.9074,0.3725,0.0333,119.7745,6.0394,0.6458,3.0998,0.0197,0.1119,3.1209,0.3328,6.5889,122.3198,4.291,4.1182,0.2465
4-Jan-17,4.4985,5.5154,4.6937,3.8199,4.3839,3.2706,3.3547,3.1098,58.0025,12.549,9.0496,13.953,0.374,0.0335,119.9312,6.0127,0.6475,3.1097,0.0198,0.112,3.1238,0.3332,6.5982,122.4815,4.2923,4.1238,0.2496
5-Jan-17,4.485,5.5067,4.7167,3.8552,4.3984,3.2729,3.3734,3.1287,57.8396,12.5411,9.056,14.0365,0.3777,0.0335,119.5745,6.0102,0.6512,3.1289,0.0198,0.1117,3.1305,0.333,6.6065,122.1056,4.2806,4.1291,0.2481
6-Jan-17,4.4755,5.5442,4.7411,3.8559,4.4229,3.2826,3.3767,3.1194,57.71,12.5285,9.0506,14.0017,0.375,0.0335,119.3212,6.0192,0.6461,3.1195,0.0198,0.1114,3.1398,0.333,6.5826,121.8486,4.2719,4.114,0.2476
9-Jan-17,4.4765,5.4522,4.7218,3.8213,4.401,3.2777,3.3823,3.1066,57.7188,12.5313,9.0291,13.9601,0.3715,0.0335,119.3574,6.0418,0.6455,3.1065,0.0198,0.1115,3.1203,0.3304,6.5657,121.8825,4.2725,4.1044,0.245
10-Jan-17,4.4745,5.4238,4.745,3.8668,4.4204,3.2935,3.3841,3.1183,57.6986,12.5688,9.0393,14.0122,0.3736,0.0336,119.2977,6.0137,0.6463,3.1179,0.0198,0.1115,3.1395,0.3307,6.5674,121.8231,4.2706,4.1047,0.2413
11-Jan-17,4.4705,5.4337,4.7202,3.8547,4.3975,3.3028,3.3801,3.1119,57.6474,12.5715,9.0159,14.0251,0.3744,0.0335,119.1911,6.0172,0.6453,3.1116,0.0198,0.1114,3.1358,0.3299,6.5406,121.7191,4.2668,4.0906,0.2407
12-Jan-17,4.4615,5.4832,4.7486,3.9138,4.4265,3.3443,3.4145,3.1292,57.5332,12.6183,9.0151,14.1624,0.3786,0.0336,118.9527,5.9926,0.6469,3.1289,0.0198,0.1111,3.1764,0.328,6.561,121.4691,4.257,4.1006,0.2367
13-Jan-17,4.4625,5.4389,4.7454,3.8894,4.4251,3.3431,3.3948,3.1255,57.5465,12.5986,8.9924,14.1254,0.3798,0.0335,118.9794,6.0366,0.6468,3.1257,0.0198,0.1103,3.174,0.3286,6.5404,121.4947,4.2579,4.0881,0.2358
16-Jan-17,4.466,5.3759,4.7266,3.9098,4.4085,3.3328,3.3966,3.1219,57.5849,12.6025,8.9283,14.0972,0.3771,0.0334,119.0775,6.0347,0.6473,3.122,0.0198,0.1113,3.1622,0.3313,6.5503,121.5933,4.2615,4.0944,0.2369
17-Jan-17,4.4655,5.4126,4.7616,3.9443,4.4417,3.3632,3.4153,3.1411,57.5778,12.6403,8.9804,14.2112,0.3823,0.0334,119.0721,6.034,0.6504,3.1412,0.0198,0.1113,3.2,0.3308,6.5669,121.5846,4.2608,4.1043,0.2404
18-Jan-17,4.4445,5.4718,4.7518,3.9219,4.4356,3.3556,3.4021,3.1271,57.3029,12.5817,8.9167,14.0932,0.3812,0.0333,118.5153,6.03,0.6501,3.1271,0.0197,0.1107,3.1994,0.3273,6.537,121.0112,4.2407,4.0865,0.2345
19-Jan-17,4.452,5.4811,4.7436,3.8836,4.4254,3.3599,3.3552,3.1195,57.3937,12.5896,8.9071,14.0895,0.3784,0.0333,118.7121,6.0357,0.648,3.1194,0.0197,0.1109,3.1928,0.3278,6.5317,121.2171,4.2479,4.0823,0.2362
20-Jan-17,4.4475,5.4887,4.7424,3.8676,4.4203,3.3543,3.3375,3.1183,57.3276,12.5716,8.8961,14.1157,0.3786,0.0332,118.5826,6.0192,0.6468,3.1178,0.0197,0.1108,3.1875,0.3294,6.5208,121.088,4.2436,4.077,0.2353
23-Jan-17,4.438,5.5147,4.7613,3.9048,4.4356,3.3507,3.3386,3.1252,57.211,12.5731,8.8859,14.1162,0.3797,0.0332,118.3309,6.0064,0.6474,3.1254,0.0197,0.1106,3.1891,0.3287,6.5131,120.8277,4.2341,4.0702,0.2354
24-Jan-17,4.4355,5.5422,4.7673,3.9172,4.4406,3.3568,3.3455,3.1258,57.1799,12.5857,8.9022,14.1418,0.3797,0.0333,118.2674,6.0236,0.6466,3.1258,0.0196,0.1105,3.2069,0.3271,6.5123,120.7662,4.2317,4.0704,0.2334
25-Jan-17,4.4385,5.5581,4.7612,3.9047,4.4356,3.3384,3.3744,3.1234,57.2145,12.5835,8.9081,14.1556,0.3804,0.0332,118.3474,6.0333,0.6447,3.1235,0.0196,0.1106,3.2117,0.3264,6.5105,120.8429,4.2342,4.0699,0.2339
26-Jan-17,4.4295,5.608,4.7571,3.8966,4.4375,3.3469,3.3844,3.1251,57.0974,12.5731,8.908,14.1608,0.3814,0.0332,118.1043,6.0249,0.644,3.1249,0.0196,0.1104,3.222,0.3259,6.5125,120.5963,4.226,4.0526,0.2361
27-Jan-17,4.4315,5.5593,4.7337,3.8451,4.4266,3.3307,3.3783,3.1017,57.1117,12.5512,8.8915,14.0466,0.3769,0.0332,118.1607,6.0209,0.644,3.1018,0.0196,0.1104,3.2088,0.3295,6.5047,120.6523,4.2279,4.0653,0.2367
31-Jan-17,4.429,5.5325,4.7384,3.8876,4.447,3.3415,3.3755,3.1191,57.0917,12.5779,8.8892,14.0867,0.3802,0.0332,118.0925,5.9986,0.6436,3.119,0.0196,0.1104,3.2208,0.3281,6.5286,120.5843,4.2251,4.0794,0.2359
2-Feb-17,4.426,5.6173,4.7858,3.9347,4.4752,3.3945,3.4085,3.1422,57.0398,12.6185,8.908,14.2379,0.3873,0.0331,118.0094,6.0326,0.6432,3.1421,0.0195,0.1103,3.2354,0.3266,6.5668,120.5042,4.2247,4.1043,0.2338
3-Feb-17,4.427,5.5435,4.7568,3.913,4.4522,3.3869,3.3981,3.1307,57.0545,12.6195,8.8888,14.2494,0.386,0.0332,118.0376,6.0421,0.6441,3.1311,0.0196,0.1104,3.2178,0.3257,6.5736,120.5249,4.2259,4.1086,0.2374
6-Feb-17,4.428,5.5164,4.7603,3.9337,4.4538,3.3936,3.3996,3.1412,57.081,12.6386,8.9366,14.3654,0.3894,0.0332,118.069,6.0178,0.6453,3.1411,0.0196,0.1103,3.2404,0.3239,6.5908,120.5571,4.2262,4.1193,0.2399
7-Feb-17,4.4345,5.4861,4.7336,3.9557,4.4405,3.3837,3.3653,3.1298,57.1618,12.6628,8.9129,14.2988,0.3872,0.0333,118.2407,6.0318,0.6442,3.1299,0.0196,0.1105,3.2438,0.3246,6.5801,120.7357,4.232,4.1125,0.2404
8-Feb-17,4.4405,5.5524,4.7336,3.9598,4.4472,3.3919,3.3746,3.1326,57.2303,12.6763,8.9059,14.2915,0.3874,0.0333,118.4007,6.0225,0.646,3.1326,0.0196,0.1107,3.2445,0.3246,6.5981,120.899,4.2351,4.1238,0.2427
10-Feb-17,4.4455,5.5426,4.73,3.9142,4.4377,3.3975,3.3802,3.1281,57.3032,12.6761,8.9062,14.3235,0.3873,0.0334,118.5309,6.0365,0.646,3.1282,0.0196,0.1109,3.1968,0.3231,6.648,121.0335,4.2429,4.1551,0.2507
13-Feb-17,4.4485,5.5673,4.7368,3.9133,4.435,3.4129,3.3993,3.1303,57.3353,12.6881,8.9096,14.3644,0.3862,0.0334,118.614,6.0234,0.6468,3.1303,0.0196,0.1102,3.2027,0.3242,6.644,121.1201,4.2427,4.1524,0.2549
14-Feb-17,4.4495,5.5757,4.7303,3.9196,4.4349,3.4201,3.4125,3.1381,57.3422,12.7165,8.9277,14.4591,0.3904,0.0334,118.6518,6.0264,0.6481,3.1381,0.0196,0.1112,3.197,0.3255,6.6475,121.1474,4.2459,4.1547,0.2672
15-Feb-17,4.449,5.5432,4.6995,3.8868,4.4137,3.4186,3.4048,3.1274,57.3129,12.716,8.9115,14.4659,0.3901,0.0334,118.6258,6.0246,0.6478,3.1274,0.0195,0.1112,3.1953,0.3283,6.648,121.1239,4.2462,4.155,0.2705
16-Feb-17,4.456,5.5664,4.7385,3.9217,4.4462,3.4371,3.4174,3.1411,57.4182,12.7314,8.9209,14.5,0.391,0.0335,118.8188,6.0152,0.6498,3.1413,0.0196,0.1114,3.2226,0.3264,6.6572,121.321,4.2521,4.1608,0.2709
17-Feb-17,4.454,5.5568,4.7426,3.9352,4.4562,3.4216,3.4049,3.1445,57.388,12.7266,8.899,14.4538,0.3879,0.0334,118.7575,6.0326,0.6485,3.1448,0.0195,0.1105,3.2042,0.3256,6.646,121.2633,4.2502,4.1537,0.2696
20-Feb-17,4.458,5.5527,4.7355,3.9429,4.4447,3.4197,3.4036,3.1441,57.4407,12.7235,8.8575,14.4769,0.3888,0.0334,118.8642,6.0401,0.6482,3.1441,0.0195,0.1114,3.2013,0.3271,6.6592,121.3771,4.2538,4.1621,0.2822
21-Feb-17,4.4575,5.5396,4.7093,3.9263,4.4283,3.4115,3.3882,3.1359,57.4317,12.7203,8.8619,14.459,0.3891,0.0333,118.8524,6.0394,0.6478,3.136,0.0195,0.1106,3.1833,0.327,6.655,121.3652,4.2535,4.1484,0.2819
22-Feb-17,4.455,5.5529,4.6789,3.932,4.3983,3.4295,3.3844,3.1396,57.4017,12.7222,8.865,14.454,0.3898,0.0333,118.7873,6.0135,0.6475,3.1398,0.0195,0.1113,3.1929,0.3249,6.6488,121.2971,4.2499,4.1554,0.282
23-Feb-17,4.4515,5.5488,4.6979,3.934,4.4066,3.4234,3.3852,3.1487,57.368,12.7222,8.8659,14.4713,0.391,0.0333,118.7035,6.0049,0.6473,3.1486,0.0195,0.1113,3.2026,0.3249,6.6594,121.1985,4.2456,4.1622,0.2804
24-Feb-17,4.444,5.5706,4.7002,3.9455,4.4144,3.4254,3.3934,3.162,57.264,12.7126,8.8553,14.4753,0.3927,0.0333,118.5003,6.0053,0.6464,3.1619,0.0195,0.1111,3.213,0.3248,6.6637,120.991,4.2394,4.1444,0.2786
27-Feb-17,4.4375,5.5065,4.6951,3.9538,4.4056,3.4102,3.3847,3.1554,57.1784,12.7313,8.8283,14.4429,0.3914,0.0333,118.3333,6.0127,0.6459,3.1554,0.0195,0.111,3.1974,0.3244,6.6514,120.8272,4.2332,4.1571,0.2817
28-Feb-17,4.44,5.52,4.7002,3.95,4.4091,3.4077,3.3682,3.1662,57.2032,12.7255,8.8325,14.4632,0.3932,0.0333,118.3985,6.0062,0.6463,3.166,0.0195,0.1111,3.1919,0.3253,6.6522,120.8854,4.2362,4.1577,0.2815
1-Mar-17,4.447,5.5038,4.6898,3.9172,4.4058,3.4095,3.3371,3.1573,57.2842,12.7148,8.841,14.4482,0.3885,0.0333,118.5772,6.0207,0.6464,3.1573,0.0195,0.1113,3.1738,0.3258,6.6532,121.0727,4.2413,4.1582,0.2786
2-Mar-17,4.449,5.4658,4.6895,3.8949,4.4043,3.4022,3.3315,3.1534,57.3118,12.7196,8.8326,14.4474,0.3893,0.0333,118.6305,5.9993,0.6465,3.1533,0.0195,0.1113,3.167,0.3281,6.6664,121.137,4.2473,4.1665,0.2721
3-Mar-17,4.4545,5.4597,4.6855,3.897,4.396,3.3665,3.3221,3.1501,57.3753,12.7135,8.8427,14.3745,0.3851,0.0333,118.7788,6,0.6455,3.1501,0.0195,0.1115,3.1328,0.3275,6.6649,121.2901,4.2511,4.1656,0.2757
6-Mar-17,4.448,5.4559,4.726,3.9133,4.4134,3.3778,3.3246,3.1562,57.2893,12.7059,8.8411,14.389,0.3851,0.0333,118.6086,5.989,0.6452,3.156,0.0195,0.1113,3.1265,0.3283,6.6669,121.1065,4.2449,4.1669,0.2664
7-Mar-17,4.447,5.4296,4.7074,3.9034,4.3919,3.3808,3.3169,3.1518,57.2735,12.6758,8.8367,14.3823,0.3866,0.0333,118.5756,5.9998,0.6446,3.1523,0.0195,0.1113,3.1049,0.3287,6.6697,121.0793,4.2419,4.1685,0.2539
8-Mar-17,4.4525,5.4182,4.7001,3.9072,4.3921,3.3701,3.3167,3.1504,57.327,12.6292,8.8424,14.4017,0.3873,0.0334,118.7223,6.0026,0.6445,3.1504,0.0195,0.1108,3.096,0.3264,6.6774,121.229,4.2486,4.1733,0.2516
9-Mar-17,4.4605,5.4226,4.7089,3.8829,4.3957,3.3498,3.303,3.1399,57.4329,12.6136,8.8539,14.3514,0.3847,0.0333,118.9356,6.0072,0.6453,3.1399,0.0196,0.1117,3.0751,0.3261,6.6794,121.4436,4.2552,4.1745,0.2527
10-Mar-17,4.4495,5.4121,4.7216,3.8556,4.3952,3.3465,3.2971,3.1388,57.3013,12.5815,8.8503,14.332,0.3846,0.0333,118.6391,5.9914,0.6432,3.139,0.0195,0.1114,3.0775,0.326,6.6779,121.1424,4.2445,4.1728,0.2535
13-Mar-17,4.4465,5.4318,4.7464,3.8793,4.3994,3.3676,3.3051,3.1487,57.2637,12.5926,8.8364,14.3818,0.3877,0.0333,118.5655,5.9916,0.6435,3.1486,0.0195,0.1114,3.0854,0.3253,6.7193,121.0657,4.2416,4.1498,0.247
14-Mar-17,4.448,5.4005,4.7365,3.866,4.4182,3.36,3.3041,3.1436,57.2528,12.595,8.835,14.363,0.3869,0.0333,118.6007,6.0116,0.6434,3.1437,0.0195,0.1114,3.0738,0.3244,6.7211,121.0983,4.2431,4.2014,0.2478
15-Mar-17,4.4485,5.4392,4.7303,3.8818,4.4125,3.374,3.3056,3.1488,57.267,12.6286,8.8403,14.4287,0.389,0.0333,118.6156,6,0.6436,3.1489,0.0195,0.1115,3.0879,0.3238,6.7758,121.1152,4.2435,4.2349,0.2449
16-Mar-17,4.438,5.4394,4.7529,3.912,4.4382,3.4113,3.3327,3.1586,57.1642,12.6619,8.8449,14.4832,0.3924,0.0332,118.3356,5.9895,0.6434,3.1585,0.0195,0.1113,3.1062,0.3244,6.7782,120.8277,4.2335,4.2363,0.2445
17-Mar-17,4.444,5.5043,4.7853,3.9235,4.4632,3.4134,3.3335,3.1678,57.2341,12.7297,8.8572,14.5234,0.3925,0.0333,118.5051,6.0264,0.6434,3.1675,0.0195,0.1122,3.1072,0.3248,6.7772,120.9927,4.2392,4.2358,0.2448
20-Mar-17,4.4255,5.4918,4.7638,3.9252,4.4366,3.4189,3.3171,3.1645,56.9848,12.7503,8.8268,14.5237,0.3955,0.0332,118.0055,6.0046,0.641,3.1645,0.0194,0.1117,3.1147,0.3228,6.7704,120.4906,4.2216,4.2315,0.2418
21-Mar-17,4.4285,5.486,4.781,3.9281,4.4481,3.4168,3.3202,3.1658,57.0279,12.7632,8.828,14.5502,0.3952,0.0332,118.0855,6.0125,0.6424,3.1657,0.0194,0.1118,3.1205,0.3232,6.7833,120.5723,4.2243,4.2396,0.2439
22-Mar-17,4.4255,5.5166,4.774,3.9771,4.4562,3.382,3.3031,3.1594,56.9775,12.7573,8.793,14.4951,0.3937,0.0332,118.0055,6.025,0.6426,3.1595,0.0194,0.1116,3.1089,0.323,6.7604,120.4939,4.2216,4.2252,0.2438
23-Mar-17,4.4265,5.5223,4.7693,3.986,4.4541,3.3812,3.3167,3.161,56.9907,12.7655,8.7786,14.5067,0.3942,0.0332,118.0321,6.0278,0.6427,3.1609,0.0194,0.1102,3.1191,0.3236,6.759,120.5211,4.2258,4.2244,0.2419
24-Mar-17,4.4255,5.5274,4.7793,3.9799,4.4594,3.3729,3.313,3.1606,56.9775,12.7646,8.8077,14.5289,0.3943,0.0332,118.0055,6.0285,0.6425,3.1606,0.0194,0.1111,3.1014,0.3237,6.7622,120.4906,4.2242,4.2264,0.2442
27-Mar-17,4.408,5.5402,4.7871,3.9962,4.4735,3.3631,3.3058,3.1635,56.7438,12.8091,8.8014,14.5951,0.3964,0.0331,117.542,6.0086,0.6411,3.1635,0.0194,0.1098,3.1085,0.3225,6.774,120.0207,4.2051,4.2338,0.2429
28-Mar-17,4.417,5.5612,4.7964,3.9906,4.4806,3.3593,3.2959,3.1677,56.8629,12.8362,8.8093,14.6152,0.3968,0.0332,117.782,6.0385,0.6416,3.1679,0.0194,0.1113,3.1018,0.3236,6.7959,120.2576,4.2137,4.2127,0.2428
29-Mar-17,4.4185,5.499,4.7669,3.9819,4.4494,3.3852,3.3075,3.1669,56.8746,12.8193,8.8105,14.6211,0.3967,0.0332,117.822,6.0352,0.6414,3.1674,0.0194,0.1113,3.1036,0.3237,6.8069,120.3,4.2147,4.2543,0.2432
30-Mar-17,4.42,5.4852,4.7442,3.9802,4.4349,3.3851,3.3131,3.1683,56.8763,12.8274,8.8109,14.5863,0.3958,0.0332,117.862,6.0195,0.6414,3.1685,0.0194,0.1114,3.1004,0.325,6.8079,120.3376,4.2176,4.2549,0.2433
31-Mar-17,4.423,5.5053,4.7295,3.9539,4.423,3.382,3.3135,3.1643,56.9215,12.8548,8.8097,14.5652,0.3955,0.0332,117.9419,6.0149,0.6419,3.1643,0.0194,0.111,3.0904,0.3252,6.8198,120.4226,4.2192,4.2623,0.2425
3-Apr-17,4.4275,5.5368,4.725,3.9753,4.4202,3.3629,3.3191,3.1679,56.9677,12.8941,8.8277,14.5632,0.396,0.0332,118.0541,6.0075,0.6429,3.1682,0.0195,0.1111,3.0959,0.3272,6.8193,120.5451,4.2233,4.2619,0.2437
4-Apr-17,4.4305,5.5102,4.7234,4.009,4.421,3.3508,3.2963,3.1665,57.018,12.8644,8.8292,14.5415,0.3942,0.0332,118.1356,6.0113,0.6433,3.1665,0.0195,0.1112,3.0927,0.3277,6.8177,120.6268,4.2272,4.254,0.244
5-Apr-17,4.43,5.5233,4.7284,3.9984,4.4194,3.3542,3.3071,3.1644,57.0186,12.8237,8.8292,14.5614,0.3932,0.0333,118.1223,6.0101,0.6424,3.1643,0.0195,0.1101,3.0897,0.3267,6.8191,120.6131,4.2271,4.2619,0.2461
6-Apr-17,4.436,5.529,4.7283,4.0069,4.4117,3.3487,3.2989,3.1627,57.0914,12.8448,8.8437,14.5421,0.3921,0.0333,118.2823,6.022,0.643,3.1625,0.0196,0.1114,3.0923,0.3269,6.8283,120.7732,4.2369,4.2676,0.2458
7-Apr-17,4.4355,5.5153,4.7158,4.0088,4.4086,3.3408,3.3128,3.1634,57.0838,12.8118,8.8964,14.4946,0.3913,0.0333,118.269,6.0187,0.6428,3.1632,0.0196,0.1109,3.0924,0.3271,6.8955,120.758,4.232,4.3097,0.2457
10-Apr-17,4.4365,5.5015,4.6967,3.9859,4.3956,3.3207,3.3102,3.1557,57.0908,12.8091,8.9392,14.5067,0.3887,0.0334,118.2956,6.0136,0.6426,3.1556,0.0196,0.1108,3.0811,0.3272,6.881,120.7885,4.2319,4.3006,0.2453
11-Apr-17,4.4325,5.5061,4.6982,4.0057,4.3999,3.3277,3.327,3.1553,57.0364,12.8198,8.94,14.4664,0.3869,0.0334,118.189,5.995,0.6422,3.1553,0.0196,0.1102,3.0804,0.3264,6.8778,120.6763,4.2295,4.2986,0.2447
12-Apr-17,4.43,5.5386,4.704,4.0381,4.4012,3.3212,3.3248,3.1614,57.0032,12.8397,8.9522,14.5132,0.3888,0.0334,118.1239,6.001,0.6427,3.1614,0.0195,0.1106,3.0735,0.3267,6.8547,120.6099,4.2257,4.2841,0.244
13-Apr-17,4.417,5.5429,4.7012,4.0506,4.4005,3.3499,3.337,3.1643,56.8224,12.8057,8.9423,14.5764,0.3906,0.0333,117.7757,5.9893,0.6415,3.164,0.0195,0.1103,3.0932,0.3257,6.8544,120.2559,4.2129,4.284,0.2436
14-Apr-17,4.4065,5.5136,4.6812,4.0464,4.3859,3.3351,3.3088,3.1535,56.6891,12.7752,8.8939,14.5151,0.3862,0.0332,117.4988,5.9866,0.6399,3.1531,0.0194,0.1101,3.0804,0.325,6.838,119.9733,4.2029,4.2513,0.2425
17-Apr-17,4.403,5.5209,4.6782,4.0644,4.3848,3.3419,3.31,3.155,56.6437,12.853,8.8806,14.5117,0.3873,0.0331,117.3992,5.981,0.6393,3.1549,0.0194,0.1103,3.0872,0.3247,6.8348,119.8731,4.2003,4.2719,0.2446
18-Apr-17,4.4105,5.5519,4.6972,4.0506,4.3969,3.3273,3.3056,3.1527,56.7292,12.8313,8.8822,14.5099,0.3861,0.0332,117.6039,5.9949,0.6406,3.1528,0.0194,0.1096,3.0915,0.3253,6.8368,120.0773,4.2057,4.2731,0.2437
19-Apr-17,4.3985,5.6376,4.7137,4.0403,4.4091,3.3053,3.2766,3.1468,56.5669,12.8066,8.8371,14.4597,0.3857,0.0331,117.2824,5.9863,0.6386,3.1467,0.0193,0.1092,3.0847,0.3263,6.8078,119.7506,4.1959,4.2549,0.243
20-Apr-17,4.4,5.6467,4.7397,4.0347,4.423,3.3092,3.2641,3.1496,56.5876,12.8056,8.8388,14.483,0.3865,0.033,117.3239,6.0053,0.6393,3.1494,0.0194,0.1093,3.0895,0.3259,6.809,119.7964,4.1985,4.2555,0.2431
21-Apr-17,4.398,5.6305,4.714,4.0308,4.4062,3.315,3.2677,3.1472,56.5605,12.7923,8.833,14.4859,0.3871,0.033,117.2691,6.0051,0.6389,3.147,0.0194,0.1102,3.0848,0.3258,6.8054,119.7354,4.1966,4.2534,0.243
25-Apr-17,4.3695,5.5991,4.7595,3.9552,4.3939,3.292,3.2221,3.1378,56.1391,12.695,8.791,14.5164,0.3877,0.0329,116.5091,5.9789,0.6346,3.1381,0.0192,0.1093,3.0383,0.3229,6.8016,118.9659,4.1692,4.2509,0.2403
26-Apr-17,4.3495,5.5748,4.7418,3.9102,4.3749,3.2623,3.2043,3.12,55.8958,12.6292,8.745,14.479,0.3854,0.0327,115.9774,5.9542,0.6311,3.1199,0.0192,0.1078,3.0046,0.3189,6.7884,118.4198,4.1543,4.2428,0.2392
27-Apr-17,4.3475,5.6026,4.7418,3.9044,4.379,3.248,3.1995,3.1135,55.8754,12.5741,8.6733,14.3962,0.3832,0.0327,115.9318,5.9492,0.6307,3.1136,0.0191,0.1078,2.995,0.3197,6.7776,118.3653,4.149,4.2361,0.2402
28-Apr-17,4.34,5.6131,4.7321,3.9011,4.3704,3.2465,3.1821,3.1096,55.7869,12.5397,8.6617,14.3552,0.3816,0.0326,115.7241,5.9419,0.6293,3.1098,0.0191,0.1078,2.9814,0.3193,6.7591,118.1612,4.143,4.2245,0.2404
2-May-17,4.327,5.5753,4.7227,3.8574,4.3487,3.2593,3.1664,3.1027,55.6098,12.5457,8.6486,14.4152,0.3829,0.0325,115.3759,5.9256,0.6276,3.1027,0.019,0.1067,2.9923,0.3217,6.742,117.8072,4.1294,4.2137,0.2391
3-May-17,4.319,5.5782,4.7131,3.8495,4.3584,3.2339,3.1488,3.0963,55.507,12.5297,8.6408,14.3813,0.3817,0.0325,115.1626,5.9144,0.6266,3.0963,0.019,0.1066,2.9957,0.3185,6.7332,117.591,4.1214,4.2083,0.2383
4-May-17,4.3305,5.5824,4.7283,3.8376,4.3623,3.2072,3.1559,3.098,55.6484,12.5087,8.6828,14.3591,0.3819,0.0325,115.4723,5.9296,0.628,3.0979,0.019,0.1069,2.9761,0.3189,6.7464,117.9025,4.132,4.2164,0.2389
5-May-17,4.3365,5.6101,4.7522,3.861,4.3867,3.2079,3.1508,3.0896,55.7158,12.5061,8.6833,14.3676,0.3805,0.0325,115.6169,5.9363,0.6284,3.0896,0.0191,0.1071,2.9909,0.3189,6.7415,118.0675,4.1377,4.2135,0.2393
8-May-17,4.3355,5.6249,4.7498,3.8495,4.3747,3.2154,3.1735,3.087,55.6951,12.5121,8.6919,14.3872,0.3827,0.0326,115.5995,5.9426,0.628,3.0871,0.0191,0.1072,3.0091,0.3178,6.7494,118.0386,4.1359,4.2184,0.2402
9-May-17,4.3435,5.6192,4.737,3.822,4.3407,3.1933,3.176,3.0845,55.8,12.4969,8.6955,14.3376,0.3816,0.0325,115.8128,5.9523,0.629,3.0842,0.0191,0.1072,2.9964,0.3213,6.7229,118.2564,4.1436,4.2019,0.2395
11-May-17,4.3445,5.6105,4.7264,3.8041,4.3113,3.2017,3.1678,3.085,55.7788,12.5056,8.7117,14.3996,0.3849,0.0325,115.8394,5.9347,0.6294,3.0854,0.0191,0.1074,2.9751,0.3183,6.7474,118.2821,4.1497,4.2171,0.2398
12-May-17,4.344,5.5814,4.7202,3.8231,4.31,3.2115,3.1699,3.0868,55.7441,12.5086,8.7299,14.3946,0.3848,0.0326,115.8292,5.9315,0.6293,3.087,0.0191,0.1072,2.9735,0.3206,6.7553,118.2685,4.1452,4.222,0.2407
15-May-17,4.3305,5.5996,4.7395,3.8132,4.3346,3.2143,3.1754,3.0913,55.6187,12.523,8.7178,14.4098,0.3868,0.0326,115.4785,5.9133,0.6279,3.091,0.0191,0.1069,2.9831,0.317,6.7535,117.9041,4.1324,4.221,0.2393
16-May-17,4.3185,5.5715,4.7704,3.8017,4.3593,3.1989,3.1659,3.0898,55.4525,12.51,8.6846,14.3379,0.3863,0.0325,115.1523,0,0.6268,3.0897,0.019,0.1066,2.9688,0.3185,6.7374,117.5726,4.1201,4.2109,0.2383
17-May-17,4.323,5.5942,4.7927,3.8422,4.3899,3.1956,3.1738,3.0996,55.5117,12.5177,8.6839,14.3331,0.3858,0.0324,115.2692,5.9366,0.6273,3.0998,0.0191,0.1067,2.9753,0.3151,6.7442,117.6951,4.124,4.2151,0.2395
18-May-17,4.3275,5.6344,4.8156,3.9002,4.4131,3.2216,3.1727,3.1103,55.5887,12.5526,8.6811,14.3105,0.3845,0.0324,115.3862,5.9605,0.628,3.1102,0.0191,0.1067,3.0009,0.3159,6.7129,117.8176,4.1293,4.1956,0.2387
19-May-17,4.3215,5.6188,4.8178,3.8749,4.4203,3.2187,3.1816,3.108,55.5334,12.545,8.676,14.4295,0.3854,0.0324,115.2354,5.9672,0.6272,3.1077,0.019,0.1066,2.9775,0.3153,6.6659,117.6543,4.123,4.1661,0.2388
22-May-17,4.3105,5.5922,4.8142,3.8689,4.4226,3.2133,3.188,3.105,55.3533,12.5267,8.6643,14.3432,0.3855,0.0324,114.9359,5.9511,0.6254,3.1051,0.019,0.1063,2.9945,0.3149,6.6731,117.3548,4.1121,4.1708,0.2382
23-May-17,4.2955,5.5781,4.8318,3.862,4.4208,3.2193,3.1822,3.0965,55.1649,12.4722,8.6224,14.2478,0.3823,0.0323,114.536,5.9416,0.6235,3.0961,0.0189,0.1059,3.018,0.3142,6.6412,116.9464,4.0978,4.1506,0.2376
24-May-17,4.293,5.5775,4.8019,3.8382,4.401,3.2062,3.1781,3.0906,55.1144,12.4768,8.5951,14.2298,0.3818,0.0323,114.4663,5.9389,0.623,3.0907,0.0189,0.1056,3.0122,0.3136,6.6227,116.8831,4.0954,4.1392,0.2376
25-May-17,4.277,5.5494,4.8084,3.8259,4.405,3.1951,3.1849,3.0891,54.9006,12.4931,8.5798,14.2065,0.3822,0.0321,114.0427,5.9066,0.6227,3.0894,0.0189,0.1052,3.0057,0.3122,6.6248,116.4412,4.0799,4.1406,0.2364
26-May-17,4.27,5.4968,4.7922,3.846,4.4002,3.1758,3.17,3.0858,54.797,12.5328,8.5795,14.1792,0.3816,0.0321,113.8591,5.9032,0.6222,3.0855,0.0188,0.105,3.0076,0.3119,6.6253,116.2522,4.0731,4.141,0.236
29-May-17,4.276,5.4904,4.7821,3.8401,4.3901,3.1796,3.1773,3.0887,54.8617,12.5284,8.5877,14.1531,0.3811,0.0321,114.016,5.916,0.6237,3.0883,0.0188,0.1048,3.0221,0.3135,6.6253,116.4139,4.0802,4.1408,0.2362
30-May-17,4.282,5.5024,4.7697,3.858,4.3792,3.1912,3.1793,3.0869,54.9464,12.5461,8.6029,14.1861,0.3806,0.0321,114.1775,5.9243,0.6246,3.087,0.0189,0.1048,3.0246,0.3132,6.6244,116.5789,4.0845,4.1402,0.2366
31-May-17,4.28,5.4698,4.7823,3.8616,4.3924,3.188,3.1822,3.0928,54.9479,12.5734,8.5909,14.1945,0.3823,0.0321,114.1242,5.9089,0.6275,3.0929,0.0188,0.105,3.0379,0.3131,6.6346,116.5292,4.0826,4.1467,0.2365
1-Jun-17,4.288,5.5206,4.8139,3.8585,4.4163,3.1763,3.181,3.0965,55.0283,12.5582,8.6208,14.2352,0.3824,0.0322,114.3375,5.936,0.6301,3.0967,0.0189,0.1054,3.0335,0.3151,6.6506,116.7454,4.0902,4.1567,0.2365
2-Jun-17,4.281,5.5039,4.8039,3.8376,4.4095,3.1583,3.162,3.0881,54.9381,12.5247,8.6467,14.2042,0.3813,0.0322,114.1463,5.9282,0.6279,3.0881,0.0189,0.1052,3.032,0.315,6.6382,116.5532,4.0836,4.1489,0.2378
5-Jun-17,4.2625,5.4948,4.8047,3.8576,4.4237,3.1877,3.1658,3.0898,54.7053,12.5331,8.6284,14.1826,0.3814,0.0321,113.653,5.8964,0.6266,3.0899,0.0188,0.1047,3.0409,0.3141,6.6257,116.0464,4.0712,4.1412,0.2355
6-Jun-17,4.266,5.5132,4.8001,3.8879,4.423,3.1918,3.1717,3.0896,54.7337,12.5581,8.6148,14.1728,0.3812,0.0321,113.7448,5.9115,0.6277,3.0897,0.0188,0.1047,3.0606,0.3151,6.6232,116.148,4.0693,4.1395,0.2356
7-Jun-17,4.263,5.5005,4.8012,3.9051,4.4254,3.2196,3.1709,3.0885,54.6959,12.5368,8.6139,14.1607,0.3795,0.032,113.6648,5.9152,0.6275,3.0885,0.0188,0.104,3.0691,0.3139,6.6196,116.0647,4.0658,4.1372,0.2351
8-Jun-17,4.268,5.532,4.8011,3.8826,4.4162,3.2223,3.1605,3.0873,54.7362,12.5294,8.6184,14.1752,0.3799,0.0321,113.7982,5.9138,0.6282,3.0874,0.0188,0.1045,3.0762,0.3173,6.6304,116.2009,4.0712,4.1441,0.2352
9-Jun-17,4.2665,5.4268,4.7689,3.8655,4.3914,3.2144,3.1587,3.082,54.731,12.5139,8.6157,14.1542,0.3792,0.0321,113.7582,5.9148,0.6276,3.0821,0.0188,0.1044,3.0751,0.3149,6.635,116.1616,4.0697,4.1469,0.2353
13-Jun-17,4.2605,5.4128,4.7782,3.8679,4.4068,3.2139,3.2132,3.0829,54.6281,12.5455,8.598,14.0843,0.3772,0.0321,113.6042,5.8935,0.6268,3.0829,0.0188,0.1044,3.0752,0.3126,6.6152,116.0014,4.064,4.1344,0.236
14-Jun-17,4.2585,5.426,4.7727,3.8649,4.3952,3.2277,3.2236,3.0871,54.5951,12.5564,8.6029,14.0924,0.3788,0.0321,113.5509,5.8904,0.6267,3.0872,0.0188,0.1039,3.0868,0.3131,6.6254,115.9422,4.0633,4.1409,0.2348
15-Jun-17,4.2645,5.4185,4.7675,3.8899,4.3799,3.2434,3.218,3.0925,54.672,12.5711,8.5794,14.0569,0.3784,0.0321,113.7109,5.8975,0.6273,3.0925,0.0188,0.1043,3.0837,0.3147,6.6265,116.1024,4.0678,4.1415,0.2363
16-Jun-17,4.277,5.4602,4.7789,3.8419,4.3918,3.2537,3.2288,3.09,54.8337,12.5987,8.5643,14.1062,0.3773,0.0322,114.0442,5.9117,0.6276,3.0896,0.0188,0.1046,3.0942,0.3133,6.6326,116.4427,4.0805,4.1454,0.2357
19-Jun-17,4.2775,5.4773,4.7893,3.8527,4.4016,3.2503,3.2301,3.0912,54.8513,12.6068,8.567,14.0986,0.3774,0.0322,114.0575,5.9067,0.6275,3.0916,0.0188,0.1048,3.1067,0.3134,6.6436,116.4611,4.0798,4.1523,0.2357
20-Jun-17,4.2845,5.4377,4.7806,3.8393,4.3984,3.265,3.2429,3.0895,54.9344,12.6126,8.5423,14.1019,0.3766,0.0322,114.2442,5.9233,0.6275,3.0898,0.0189,0.1048,3.1093,0.3162,6.6504,116.6501,4.0865,4.1565,0.2363
21-Jun-17,4.2885,5.4069,4.7785,3.8571,4.4028,3.243,3.2263,3.0833,54.9797,12.6003,8.513,14.0724,0.3746,0.0322,114.3509,5.9114,0.628,3.0833,0.0189,0.1048,3.1049,0.313,6.6362,116.759,4.0903,4.1477,0.236
22-Jun-17,4.2865,5.4278,4.7872,3.8588,4.4045,3.2348,3.2181,3.0844,54.9597,12.6129,8.5107,14.0797,0.3749,0.0322,114.2884,5.9099,0.6274,3.0845,0.0189,0.1047,3.1133,0.3161,6.6375,116.7093,4.0902,4.1484,0.2362
23-Jun-17,4.288,5.4597,4.7903,3.8558,4.419,3.2492,3.2427,3.0928,54.9828,12.6329,8.5442,14.1348,0.3772,0.0322,114.3284,5.9132,0.6269,3.0927,0.0189,0.1046,3.1232,0.3144,6.6558,116.7454,4.0912,4.1599,0.2364
28-Jun-17,4.299,5.515,4.8839,3.8398,4.4756,3.267,3.2696,3.102,55.0896,12.6454,8.5045,14.1115,0.3753,0.0323,114.6156,5.9469,0.6322,3.1017,0.0189,0.1049,3.1273,0.3142,6.6574,117.0369,4.1021,4.1609,0.2375
29-Jun-17,4.2955,5.5736,4.908,3.8164,4.489,3.2955,3.2974,3.1148,55.0356,12.6411,8.4993,14.1378,0.3769,0.0322,114.5345,5.9603,0.6335,3.1149,0.0189,0.1049,3.1389,0.3142,6.655,116.9496,4.0968,4.1595,0.2371
30-Jun-17,4.294,5.5781,4.8967,3.8379,4.4797,3.2984,3.3074,3.1188,55.0132,12.6368,8.508,14.1227,0.375,0.0322,114.4929,5.9714,0.6332,3.1188,0.0189,0.1048,3.1473,0.3148,6.6347,116.9103,4.095,4.1468,0.237
3-Jul-17,4.298,5.5719,4.8907,3.8071,4.4748,3.2912,3.3095,3.1124,55.0341,12.6512,8.4849,14.1011,0.3741,0.0322,114.6042,5.9802,0.6328,3.1125,0.0189,0.1049,3.1356,0.3149,6.6332,117.0145,4.0988,4.1458,0.2392
4-Jul-17,4.2975,5.5552,4.879,3.7967,4.4566,3.2652,3.3056,3.1097,55.0457,12.6299,8.5116,14.0983,0.374,0.0322,114.6,5.9683,0.6319,3.1098,0.0189,0.1046,3.1262,0.3146,6.6376,117.004,4.0997,4.1486,0.2401
5-Jul-17,4.296,5.5427,4.8723,3.7829,4.4456,3.2701,3.3134,3.1062,55.0314,12.6223,8.4814,14.0804,0.3724,0.0321,114.5539,5.9662,0.6319,3.1061,0.0189,0.1049,3.1228,0.314,6.6258,116.9616,3.9787,4.1411,0.2404
6-Jul-17,4.2985,5.5586,4.8786,3.7971,4.4528,3.2716,3.3216,3.108,55.0444,12.6245,8.4766,14.0428,0.3711,0.0321,114.616,5.9557,0.6318,3.1081,0.0189,0.1049,3.1315,0.3142,6.6404,117.0297,4.0419,4.1503,0.2401
7-Jul-17,4.298,5.5545,4.9092,3.7786,4.4673,3.2643,3.3097,3.1081,55.031,12.6048,8.4891,14.0593,0.3724,0.0321,114.6103,5.9659,0.6321,3.1082,0.0189,0.1048,3.1289,0.3172,6.6486,117.0161,4.0595,4.1555,0.2404
10-Jul-17,4.297,5.5294,4.8969,3.7634,4.4542,3.264,3.3292,3.1053,54.9995,12.6027,8.4548,14.0652,0.3732,0.0321,114.5806,5.9678,0.6317,3.105,0.0189,0.1048,3.1259,0.3171,6.6576,116.9904,4.0807,4.1611,0.2404
11-Jul-17,4.298,5.5498,4.898,3.7598,4.4373,3.274,3.3279,3.1047,55.0158,12.6032,8.5042,14.0793,0.3734,0.0321,114.6072,5.9627,0.632,3.1044,0.0189,0.1049,3.1072,0.3139,6.6592,117.0193,4.0871,4.1619,0.2402
12-Jul-17,4.295,5.5195,4.9212,3.7863,4.4582,3.2842,3.3229,3.1088,54.9823,12.6286,8.483,14.0903,0.375,0.0321,114.5288,5.9601,0.6327,3.1089,0.0189,0.1047,3.1049,0.3151,6.6558,116.9344,4.0829,4.1598,0.2395
13-Jul-17,4.292,5.5483,4.8944,3.795,4.4507,3.3166,3.3683,3.1166,54.9545,12.644,8.4923,14.1496,0.3775,0.0322,114.4442,5.9683,0.6328,3.1167,0.0189,0.1048,3.1349,0.3133,6.6584,116.8527,4.0779,4.1615,0.2388
14-Jul-17,4.293,5.5627,4.8977,3.7902,4.4294,3.3301,3.3708,3.1239,54.9778,12.6749,8.4867,14.1206,0.3783,0.0322,114.4708,5.9644,0.6328,3.1238,0.0189,0.1048,3.141,0.314,6.6599,116.8799,4.08,4.1625,0.239
17-Jul-17,4.2875,5.604,4.9083,3.8076,4.4485,3.3481,3.3844,3.1285,54.9458,12.7182,8.4615,14.1127,0.38,0.0322,114.3242,5.9616,0.6333,3.1284,0.0189,0.1046,3.1393,0.3146,6.6592,116.7334,4.0717,4.162,0.2383
18-Jul-17,4.2875,5.5845,4.9416,3.8181,4.4776,3.3944,3.3936,3.1343,54.9363,12.7452,8.4554,14.1229,0.3814,0.0322,114.3272,5.9775,0.6346,3.1341,0.0189,0.1046,3.1505,0.3146,6.6638,116.7302,4.0717,4.1648,0.2387
19-Jul-17,4.287,5.5845,4.9416,3.8265,4.4944,3.3959,3.3938,3.1317,54.9028,12.7584,8.429,14.1024,0.3818,0.0322,114.3124,5.9949,0.6347,3.1319,0.0189,0.1046,3.1563,0.3159,6.6641,116.7198,4.072,4.165,0.2387
20-Jul-17,4.2915,5.5802,4.9378,3.8203,4.4878,3.3941,3.3989,3.1312,54.9548,12.7461,8.4372,14.0871,0.3811,0.0322,114.4308,5.9962,0.6338,3.1311,0.0189,0.1047,3.1512,0.3139,6.6607,116.8407,4.0767,4.1629,0.2394
21-Jul-17,4.2855,5.5679,4.9926,3.8347,4.507,3.3894,3.4061,3.1399,54.8797,12.8117,8.4492,14.1063,0.3832,0.0322,114.2709,5.978,0.633,3.1398,0.0189,0.1042,3.1856,0.3151,6.6602,116.6773,4.0688,4.1627,0.2399
24-Jul-17,4.277,5.5716,4.984,3.8631,4.5226,3.4041,3.4123,3.1438,54.7873,12.8054,8.4422,14.1211,0.384,0.0321,114.0442,5.9956,0.6336,3.1439,0.0188,0.1041,3.1825,0.3133,6.6423,116.4427,4.06,4.1514,0.2396
25-Jul-17,4.282,5.5799,4.9902,3.8488,4.5193,3.3943,3.422,3.1455,54.8451,12.8012,8.4691,14.1104,0.3838,0.0321,114.1806,6.0091,0.6343,3.1455,0.0188,0.1042,3.1807,0.3132,6.6491,116.5789,4.0661,4.1557,0.2392
26-Jul-17,4.2845,5.5778,4.9799,3.8301,4.4883,3.3848,3.4243,3.1412,54.8549,12.7957,8.4589,14.1195,0.3819,0.0321,114.2472,6.0096,0.6343,3.1411,0.0188,0.1041,3.1802,0.3134,6.6532,116.6469,4.0679,4.1583,0.239
27-Jul-17,4.2765,5.6183,5.0155,3.8449,4.4825,3.43,3.4363,3.1507,54.7613,12.8366,8.4634,14.1578,0.3837,0.0321,114.0339,5.9959,0.6348,3.1507,0.0188,0.104,3.2204,0.3126,6.6685,116.4307,4.0595,4.1677,0.2393
28-Jul-17,4.28,5.6021,5.01,3.8467,4.4067,3.4088,3.41,3.1481,54.7998,12.849,8.4686,14.1541,0.3817,0.0321,114.1257,6.0179,0.6348,3.148,0.0188,0.104,3.1991,0.3131,6.6708,116.5228,4.063,4.1693,0.2394
31-Jul-17,4.279,5.6068,5.0203,3.8675,4.4109,3.4112,3.4294,3.1535,54.7926,12.8531,8.4766,14.1581,0.382,0.0321,114.0975,6.0143,0.636,3.1535,0.0188,0.1041,3.206,0.3151,6.6708,116.4988,4.0605,4.1693,0.2391
1-Aug-17,4.283,5.6692,5.0631,3.8804,4.4374,3.4262,3.4356,3.1568,54.8263,12.8696,8.4973,14.1753,0.3819,0.0321,114.2072,6.0294,0.6373,3.1569,0.0188,0.1041,3.2103,0.3145,6.6833,116.6109,4.0645,4.1771,0.239
2-Aug-17,4.2825,5.669,5.0765,3.8675,4.4275,3.4121,3.4115,3.152,54.7858,12.8681,8.5036,14.1709,0.3815,0.0321,114.1939,6.0465,0.6372,3.1519,0.0188,0.104,3.1825,0.3142,6.7077,116.5941,4.0637,4.1924,0.2396
3-Aug-17,4.279,5.6703,5.0676,3.8663,4.4166,3.3939,3.396,3.1468,54.7313,12.8537,8.5095,14.1694,0.3797,0.0321,114.096,6.0445,0.6364,3.1468,0.0188,0.104,3.1684,0.3137,6.7243,116.502,4.0611,4.2027,0.2395
4-Aug-17,4.2785,5.6247,5.0839,3.8858,4.4213,3.4098,3.4033,3.1549,54.7266,12.8667,8.5161,14.1888,0.3802,0.0321,114.0872,6.043,0.6368,3.1548,0.0188,0.1038,3.1868,0.3141,6.7169,116.482,4.062,4.1981,0.2407
7-Aug-17,4.2835,5.588,5.0541,3.8668,4.4058,3.3902,3.379,3.1437,54.7584,12.8612,8.4908,14.18,0.3795,0.0322,114.2206,6.0565,0.6375,3.1441,0.0188,0.1039,3.1552,0.315,6.72,116.6229,4.0656,4.1999,0.2406
8-Aug-17,4.2855,5.5887,5.0605,3.8762,4.4051,3.3967,3.3833,3.1472,54.7895,12.8868,8.4819,14.1942,0.3802,0.0322,114.2739,6.0402,0.6392,3.1472,0.0189,0.104,3.1533,0.3151,6.7216,116.6757,4.069,4.2011,0.2414
9-Aug-17,4.2885,5.5753,5.0308,3.9081,4.4477,3.3802,3.3833,3.1472,54.8686,12.89,8.4711,14.1769,0.3764,0.0322,114.3509,6.0506,0.6421,3.1471,0.0189,0.104,3.1415,0.3142,6.7215,116.7574,4.0698,4.2009,0.2413
10-Aug-17,4.2915,5.5736,5.0311,3.903,4.4435,3.3832,3.3728,3.146,54.9077,12.9023,8.4528,14.1648,0.3758,0.0322,114.4308,6.0441,0.6444,3.146,0.0189,0.104,3.1197,0.3151,6.7102,116.8391,4.0732,4.1938,0.2416
11-Aug-17,4.295,5.5713,5.0488,3.9413,4.4742,3.375,3.3756,3.1481,54.9363,12.9189,8.4207,14.1404,0.375,0.0322,114.5272,6.0493,0.6443,3.1484,0.0189,0.1041,3.1287,0.3158,6.6894,116.936,4.0825,4.1809,0.2416
14-Aug-17,4.294,5.573,5.0686,3.9134,4.4456,3.3805,3.3791,3.1533,54.9045,12.9182,8.38,14.1599,0.3761,0.0322,114.4975,6.0553,0.6438,3.1532,0.0189,0.1046,3.1327,0.3157,6.7011,116.9072,4.0816,4.1882,0.2421
15-Aug-17,4.2965,5.5511,5.051,3.8923,4.4225,3.3691,3.374,3.1482,54.9245,12.914,8.3581,14.1799,0.3785,0.0322,114.5672,6.0613,0.6433,3.1483,0.0189,0.1038,3.1319,0.3157,6.7007,116.9752,4.0773,4.1897,0.2418
16-Aug-17,4.297,5.539,5.0387,3.8745,4.4115,3.3781,3.3746,3.1425,54.9295,12.902,8.3602,14.1661,0.3765,0.0321,114.5806,6.0474,0.6419,3.1425,0.0189,0.104,3.1151,0.316,6.6926,116.9888,4.0778,4.1828,0.2422
17-Aug-17,4.2935,5.5341,5.0376,3.9019,4.4481,3.4088,3.3986,3.1467,54.8771,12.9083,8.3711,14.1644,0.3771,0.0321,114.4842,6.0315,0.6435,3.1466,0.0189,0.1036,3.1381,0.3145,6.6908,116.8936,4.0745,4.1847,0.2413
18-Aug-17,4.2885,5.5347,5.0377,3.9342,4.4618,3.3976,3.3909,3.1451,54.816,12.9183,8.3369,14.1278,0.3758,0.0321,114.3539,6.0277,0.6424,3.145,0.0189,0.1037,3.1413,0.3146,6.6877,116.759,4.0711,4.1798,0.2413
21-Aug-17,4.286,5.5184,5.032,3.9298,4.4309,3.3928,3.4009,3.1435,54.7756,12.9141,8.3334,14.1245,0.3761,0.0321,114.2872,6.0391,0.6423,3.1436,0.0189,0.1036,3.1326,0.3151,6.6901,116.6894,4.0674,4.1813,0.2418
22-Aug-17,4.2795,5.5,5.0378,3.9145,4.431,3.3885,3.4051,3.1425,54.6793,12.8745,8.3518,14.1214,0.3771,0.0321,114.1139,6.0318,0.6424,3.1425,0.0188,0.1036,3.1242,0.3158,6.6737,116.5108,4.0612,4.1711,0.241
23-Aug-17,4.2785,5.4765,5.0444,3.9096,4.4174,3.3747,3.4028,3.1385,54.6668,12.8181,8.355,14.1268,0.378,0.032,114.0872,6.0271,0.6421,3.1386,0.0188,0.1039,3.0854,0.3144,6.6721,116.482,4.0614,4.1701,0.2413
24-Aug-17,4.2815,5.4859,5.0472,3.9149,4.4349,3.3775,3.4129,3.1433,54.7118,12.84,8.3902,14.1617,0.3796,0.0321,114.1672,6.0353,0.6426,3.1435,0.0188,0.1057,3.0855,0.315,6.682,116.5684,4.0631,4.1763,0.2419
25-Aug-17,4.2725,5.4741,5.0401,3.8963,4.4337,3.3813,3.4151,3.1404,54.6003,12.8294,8.3668,14.1525,0.3793,0.032,113.9273,6.0257,0.6413,3.1404,0.0188,0.1056,3.0875,0.3144,6.6721,116.3186,4.0546,4.1703,0.2414
28-Aug-17,4.2675,5.5074,5.0916,3.9083,4.4777,3.3924,3.4236,3.1491,54.5434,12.8487,8.3602,14.1693,0.3807,0.032,113.7939,6.0226,0.6438,3.1492,0.0188,0.1048,3.091,0.3149,6.6813,116.1889,4.0498,4.1758,0.2411
29-Aug-17,4.2665,5.5296,5.1456,3.9333,4.5122,3.3968,3.4265,3.1563,54.5285,12.8587,8.366,14.162,0.379,0.032,113.7673,6.0482,0.6469,3.1562,0.0188,0.105,3.1045,0.313,6.6654,116.1616,4.0519,4.1659,0.2418
30-Aug-17,4.2705,5.516,5.1003,3.8849,4.4678,3.3993,3.4062,3.1478,54.5678,12.8537,8.3469,14.1759,0.3801,0.032,113.8709,6.0766,0.6478,3.1477,0.0188,0.1051,3.0953,0.3135,6.6841,116.2674,4.0584,4.1775,0.2422
5-Sep-17,4.2605,5.5073,5.0632,3.8935,4.4383,3.395,3.4359,3.1434,54.4459,12.8435,8.3359,14.1719,0.3767,0.0319,113.6042,6.0387,0.6504,3.1434,0.0187,0.1047,3.062,0.314,6.6451,115.9935,4.0432,4.1531,0.2417
6-Sep-17,4.2415,5.532,5.066,3.9026,4.4474,3.3871,3.4262,3.1373,54.2076,12.791,8.3069,14.0935,0.3736,0.0318,113.0976,6.0144,0.6498,3.1372,0.0187,0.1043,3.0668,0.3121,6.6124,115.4857,4.0322,4.1328,0.2405
7-Sep-17,4.2105,5.5027,5.0362,3.8651,4.4179,3.373,3.4501,3.1286,53.8558,12.7244,8.2774,14.035,0.3727,0.0316,112.271,5.9827,0.6479,3.1286,0.0185,0.1035,3.0303,0.3123,6.5751,114.6338,3.9971,4.1094,0.2384
8-Sep-17,4.196,5.5135,5.0618,3.8962,4.429,3.399,3.4649,3.1366,53.7353,12.6729,8.2558,13.9881,0.3715,0.0318,111.8874,5.9764,0.6501,3.1367,0.0185,0.1032,3.0639,0.3092,6.5668,114.2406,3.9829,4.1043,0.2379
11-Sep-17,4.1965,5.5364,5.0446,3.8704,4.4234,3.3784,3.4616,3.1268,53.6994,12.6668,8.2527,13.9911,0.3708,0.0319,111.9022,6.0038,0.6432,3.1266,0.0185,0.1032,3.0565,0.3108,6.5706,114.2527,3.9824,4.1066,0.238
12-Sep-17,4.2065,5.5812,5.0299,3.834,4.3962,3.3776,3.4721,3.1253,53.8346,12.7031,8.2612,14.0058,0.3728,0.0319,112.1688,5.9985,0.6438,3.1254,0.0185,0.1033,3.0741,0.3116,6.5732,114.5249,3.9936,4.1083,0.2382
13-Sep-17,4.191,5.564,5.0204,3.8084,4.3663,3.3687,3.4508,3.1159,53.6506,12.6712,8.2215,13.9329,0.3712,0.0317,111.754,5.9602,0.6417,3.1158,0.0184,0.1029,3.0544,0.3104,6.5489,114.1029,3.9768,4.0932,0.2377
14-Sep-17,4.203,5.5484,5.0035,3.8072,4.3458,3.3643,3.4524,3.1124,53.8029,12.6921,8.2178,13.9528,0.3711,0.0317,112.074,5.9849,0.6411,3.1126,0.0185,0.1032,3.0413,0.3104,6.5598,114.4265,3.9953,4.0999,0.2379
15-Sep-17,4.191,5.6708,4.9994,3.7851,4.3622,3.3624,3.4508,3.1152,53.6324,12.6731,8.1784,13.9644,0.3709,0.0317,111.754,5.9487,0.6409,3.1151,0.0184,0.1029,3.0469,0.3091,6.5408,114.1029,3.9768,4.088,0.2376
18-Sep-17,4.1895,5.6828,5.0021,3.7633,4.3652,3.3552,3.4346,3.112,53.5964,12.6686,8.1978,13.9175,0.3712,0.0316,111.714,5.9651,0.6381,3.1121,0.0184,0.1028,3.0627,0.3119,6.5397,114.0605,3.9767,4.0873,0.237
19-Sep-17,4.1925,5.6498,5.0228,3.7576,4.3608,3.3479,3.413,3.1087,53.7276,12.6738,8.2228,13.9027,0.3705,0.0316,111.794,5.9665,0.6369,3.1083,0.0184,0.103,3.0544,0.3085,6.5263,114.1438,3.9783,4.0799,0.2375
20-Sep-17,4.1885,5.6823,5.0293,3.7614,4.3617,3.3682,3.4139,3.1138,53.6502,12.6621,8.2144,13.8876,0.3712,0.0315,111.6874,5.9614,0.6371,3.1137,0.0184,0.1029,3.0796,0.308,6.514,114.0349,3.9745,4.0712,0.2374
21-Sep-17,4.1975,5.6628,5.0007,3.7373,4.3215,3.341,3.404,3.1071,53.7779,12.6679,8.2207,13.8783,0.3701,0.0316,111.9274,5.9803,0.6366,3.1074,0.0185,0.103,3.0757,0.3105,6.4801,114.2799,3.9834,4.0501,0.238
25-Sep-17,4.1985,5.6827,4.9983,3.7448,4.3186,3.3428,3.4054,3.1127,53.737,12.6843,8.286,13.9072,0.371,0.0315,111.954,5.9732,0.6344,3.1123,0.0185,0.1031,3.0618,0.3096,6.4627,114.3056,3.984,4.0392,0.238
26-Sep-17,4.2065,5.6733,4.971,3.7649,4.3377,3.3294,3.3973,3.108,53.8332,12.675,8.2618,13.9136,0.3697,0.0314,112.1674,5.9631,0.6346,3.1081,0.0185,0.1033,3.0356,0.3093,6.4349,114.5265,3.9919,4.0229,0.2382
27-Sep-17,4.219,5.6505,4.9514,3.7369,4.3272,3.3077,3.3994,3.1031,54.025,12.6754,8.2699,13.8966,0.369,0.0314,112.4977,5.9655,0.6358,3.1101,0.0186,0.1036,3.0326,0.3096,6.4184,114.8715,4.003,4.0114,0.2393
28-Sep-17,4.2305,5.6528,4.9782,3.7509,4.3437,3.3112,3.3906,3.1067,54.1736,12.6662,8.3058,13.9404,0.3686,0.0313,112.8073,5.9682,0.6342,3.1186,0.0186,0.1039,3.043,0.3108,6.4475,115.1752,4.0128,4.0296,0.2392
29-Sep-17,4.222,5.6461,4.982,3.7511,4.3492,3.309,3.3968,3.1083,54.0537,12.6574,8.3004,13.9081,0.3689,0.0313,112.5792,5.9603,0.6353,3.1121,0.0186,0.1039,3.0447,0.3123,6.4591,114.9453,4.0066,4.0369,0.2393
2-Oct-17,4.234,5.6391,4.9733,3.7539,4.3602,3.3068,3.3856,3.1096,54.1983,12.6827,8.2874,13.9219,0.3694,0.0313,112.9006,5.9839,0.6364,3.1209,0.0186,0.1042,3.0419,0.3115,6.4829,115.2768,4.0167,4.0534,0.2398
3-Oct-17,4.2385,5.6152,4.973,3.7471,4.3396,3.3073,3.384,3.1068,54.2538,12.6787,8.2927,13.9232,0.3699,0.0313,113.0206,5.9733,0.637,3.1242,0.0186,0.1041,3.0365,0.3112,6.4665,115.3961,4.0219,4.0417,0.2406
4-Oct-17,4.2285,5.6116,4.9717,3.7558,4.3423,3.3206,3.3907,3.1072,54.1716,12.6773,8.289,13.9187,0.3706,0.0314,112.754,5.9586,0.6355,3.1045,0.0186,0.1038,3.0299,0.3105,6.47,115.127,4.0128,4.0437,0.2396
5-Oct-17,4.229,5.5789,4.9799,3.7561,4.3368,3.3122,3.392,3.1048,54.1593,12.6816,8.2955,13.9428,0.3713,0.0314,112.7673,5.9676,0.6356,3.1049,0.0186,0.1041,3.0284,0.3105,6.5057,115.1375,4.0133,4.066,0.2393
6-Oct-17,4.2365,5.5396,4.9552,3.7486,4.3241,3.2918,3.3658,3.1009,54.2661,12.6633,8.2793,13.9382,0.3706,0.0314,112.9643,5.9688,0.6367,3.1104,0.0186,0.1043,3.0058,0.311,6.483,115.3417,4.0252,4.0519,0.2397
9-Oct-17,4.2325,5.5477,4.9671,3.757,4.3244,3.284,3.3756,3.1022,54.2284,12.676,8.2558,13.919,0.3698,0.0313,112.8606,5.9503,0.639,3.1074,0.0186,0.1041,2.9953,0.3109,6.4742,115.2297,4.0212,4.0464,0.2405
10-Oct-17,4.2235,5.5664,4.9744,3.7574,4.3209,3.2857,3.3738,3.1093,54.1159,12.7003,8.2042,13.9249,0.3718,0.0313,112.6207,5.9377,0.6414,3.0981,0.0186,0.1039,2.9854,0.3105,6.4661,114.9878,4.0126,4.0412,0.2392
11-Oct-17,4.2165,5.5656,4.9869,3.7568,4.3242,3.2825,3.3694,3.1076,54.0296,12.708,8.1937,13.9338,0.3713,0.0312,112.434,5.9542,0.6394,3.093,0.0186,0.1041,2.9806,0.3126,6.4641,114.7941,4.01,4.04,0.2392
12-Oct-17,4.2185,5.5817,5.0042,3.7573,4.3322,3.3025,3.3874,3.1162,54.0369,12.7428,8.2089,13.9699,0.3725,0.0312,112.4873,5.963,0.6405,3.1163,0.0186,0.1041,3.0046,0.3095,6.4818,114.8548,4.0157,4.0512,0.2394
13-Oct-17,4.2205,5.6158,4.9931,3.7661,4.3276,3.3087,3.3847,3.1155,54.0594,12.7488,8.2096,14.0062,0.3739,0.0313,112.5407,5.9704,0.6409,3.1155,0.0186,0.104,3.0155,0.3101,6.5043,114.9061,4.0071,4.0652,0.2395
16-Oct-17,4.2165,5.6079,4.9713,3.7706,4.3231,3.3205,3.3746,3.1174,53.9968,12.7502,8.2274,13.9897,0.3739,0.0313,112.431,5.9654,0.6398,3.1176,0.0186,0.104,3.0279,0.3093,6.512,114.7956,4.0062,4.07,0.2391
17-Oct-17,4.2235,5.604,4.9689,3.7643,4.3212,3.3169,3.3695,3.1146,54.0933,12.7579,8.2321,13.9897,0.3731,0.0313,112.6192,5.9736,0.6382,3.1144,0.0186,0.1041,3.0316,0.3099,6.5067,114.9877,4.0176,4.0667,0.2394
19-Oct-17,4.2235,5.5554,4.9865,3.7494,4.3172,3.3203,3.3891,3.1109,54.129,12.7483,8.2058,13.9643,0.373,0.0312,112.6177,5.9523,0.6378,3.1108,0.0186,0.1042,2.9702,0.3105,6.4942,114.9878,4.0128,4.0585,0.239
20-Oct-17,4.226,5.5483,4.9882,3.7291,4.3004,3.3138,3.3776,3.107,54.1541,12.7418,8.2074,13.9703,0.3732,0.0313,112.6843,5.9689,0.6385,3.1069,0.0186,0.1042,2.9514,0.31,6.5,115.0558,4.0104,4.0609,0.2395
23-Oct-17,4.2345,5.5798,4.9738,3.7199,4.2938,3.3069,3.3509,3.1075,54.2686,12.7637,8.2191,13.9891,0.3744,0.0313,112.914,5.9752,0.638,3.1077,0.0186,0.1045,2.9474,0.3104,6.5121,115.2857,4.0195,4.0701,0.2399
24-Oct-17,4.2325,5.5877,4.9785,3.7237,4.2932,3.2939,3.3437,3.1088,54.2326,12.761,8.1934,13.9931,0.375,0.0313,112.8606,5.9577,0.6384,3.1087,0.0186,0.1043,2.9361,0.3124,6.514,115.2328,4.0195,4.0713,0.2397
25-Oct-17,4.2345,5.5798,4.9832,3.7104,4.2682,3.2627,3.3378,3.1061,54.2617,12.7507,8.1712,13.9813,0.3753,0.0312,112.914,5.9644,0.6376,3.1061,0.0186,0.1044,2.9142,0.3127,6.4989,115.2888,4.0195,4.0619,0.2399
26-Oct-17,4.234,5.5944,5.002,3.7256,4.2787,3.2587,3.3088,3.1115,54.2706,12.7453,8.1729,14.0064,0.376,0.0312,112.9006,5.9661,0.6384,3.1114,0.0186,0.1041,2.9113,0.3095,6.5304,115.2752,4.0207,4.0816,0.2399
27-Oct-17,4.2415,5.5511,4.931,3.7201,4.2421,3.2409,3.2953,3.0977,54.3542,12.7434,8.1938,14.0194,0.3755,0.0311,113.1006,5.9849,0.6375,3.0973,0.0187,0.1049,2.9031,0.3094,6.5204,115.4794,4.0259,4.0756,0.2402
30-Oct-17,4.2375,5.5766,4.9297,3.7294,4.2468,3.2552,3.3054,3.1064,54.3287,12.7405,8.2101,14.037,0.3768,0.0312,112.994,5.9409,0.6375,3.1069,0.0187,0.1046,2.9057,0.31,6.5336,115.3689,4.0223,4.0836,0.2401
31-Oct-17,4.231,5.587,4.9255,3.7378,4.2486,3.2456,3.2943,3.1077,54.2356,12.7363,8.2068,14.0262,0.3784,0.0312,112.8191,5.9383,0.6383,3.1081,0.0186,0.1041,2.8957,0.3088,6.5344,115.1919,4.0167,4.084,0.2394
1-Nov-17,4.231,5.6283,4.9251,3.7124,4.2323,3.2503,3.2844,3.1098,54.2262,12.7653,8.1988,14.0264,0.3795,0.0312,112.8191,5.9432,0.6397,3.1094,0.0186,0.1044,2.9285,0.3102,6.5521,115.1935,4.0181,4.095,0.2396
2-Nov-17,4.2305,5.6073,4.9218,3.7085,4.2305,3.2579,3.2927,3.1095,54.2243,12.7636,8.2289,14.0023,0.3797,0.0312,112.8058,5.9443,0.6399,3.1091,0.0186,0.1043,2.922,0.3101,6.5426,115.1815,4.0214,4.0892,0.24
3-Nov-17,4.2355,5.5286,4.9335,3.7129,4.2359,3.2527,3.303,3.1125,54.2787,12.7878,8.2745,14.0286,0.3798,0.0314,112.9406,5.9475,0.6391,3.1123,0.0186,0.1044,2.9329,0.3105,6.5578,115.3145,4.024,4.0986,0.24
6-Nov-17,4.2375,5.5515,4.9197,3.7125,4.2297,3.2421,3.3204,3.1047,54.3102,12.7809,8.2731,14.0368,0.3808,0.0313,112.9849,5.9467,0.6391,3.1046,0.0187,0.1046,2.9207,0.3107,6.5503,115.3689,4.0202,4.094,0.24
7-Nov-17,4.23,5.5586,4.8926,3.7032,4.2254,3.24,3.3189,3.1003,54.2082,12.7563,8.2283,14.0159,0.3799,0.0313,112.788,5.9268,0.6375,3.1005,0.0186,0.1046,2.9267,0.3124,6.5132,115.1647,4.0171,4.0708,0.2401
8-Nov-17,4.2275,5.5539,4.9041,3.7153,4.2324,3.2419,3.3162,3.1007,54.181,12.7665,8.2373,14.0083,0.3793,0.0313,112.7183,5.9196,0.6373,3.1009,0.0186,0.1046,2.9231,0.3099,6.5013,115.1029,4.0166,4.0633,0.2391
9-Nov-17,4.216,5.5308,4.8882,3.7134,4.2116,3.2375,3.3136,3.0957,54.0617,12.7333,8.2239,13.9695,0.3774,0.0312,112.4117,5.9102,0.6351,3.0957,0.0186,0.1041,2.9364,0.3091,6.4889,114.7804,4.0095,4.0556,0.2389
10-Nov-17,4.191,5.5103,4.8758,3.691,4.2161,3.2147,3.3057,3.0807,53.7146,12.6578,8.1759,13.8883,0.3747,0.031,111.7451,5.8823,0.6311,3.08,0.0185,0.1037,2.9067,0.306,6.4398,114.1029,3.9895,4.0248,0.2375
13-Nov-17,4.1895,5.4769,4.8797,3.6936,4.2046,3.2048,3.2975,3.0776,53.6988,12.6648,8.1858,13.8817,0.3737,0.0309,111.7081,5.8799,0.631,3.0778,0.0184,0.1034,2.8993,0.3071,6.4013,114.0605,3.9747,4.0009,0.2376
14-Nov-17,4.1945,5.5019,4.9118,3.6837,4.2156,3.1945,3.2892,3.0792,53.7553,12.676,8.186,13.8992,0.3756,0.0309,111.8429,5.8873,0.6317,3.0792,0.0185,0.1037,2.876,0.3075,6.4058,114.1966,3.9828,4.0035,0.2376
15-Nov-17,4.18,5.5163,4.9485,3.7045,4.2348,3.173,3.2847,3.0796,53.553,12.6552,8.2041,13.8677,0.3764,0.0309,111.4563,5.8789,0.6308,3.0792,0.0184,0.1033,2.8767,0.3064,6.4022,113.8034,3.9657,4.0013,0.2373
16-Nov-17,4.1755,5.4981,4.9227,3.691,4.216,3.1728,3.2725,3.0789,53.4741,12.6521,8.2249,13.8836,0.3802,0.0308,111.3378,5.8997,0.6296,3.0788,0.0184,0.1033,2.8638,0.3061,6.3997,113.6825,3.9652,3.9999,0.2363
17-Nov-17,4.164,5.5136,4.9081,3.6987,4.1999,3.1428,3.2626,3.0671,53.3023,12.6623,8.1722,13.8339,0.3789,0.0308,111.0311,5.8681,0.6276,3.0672,0.0183,0.103,2.8269,0.3053,6.4116,113.3678,3.9505,4.0075,0.2361
20-Nov-17,4.152,5.5066,4.8989,3.7022,4.1995,3.1422,3.2519,3.0632,53.1534,12.6682,8.1837,13.8253,0.3779,0.0307,110.7111,5.8582,0.6265,3.0633,0.0183,0.1026,2.8364,0.3044,6.3884,113.0396,3.9425,3.9927,0.2349
21-Nov-17,4.1415,5.4838,4.8618,3.6809,4.1701,3.1198,3.2278,3.0539,53.0207,12.6317,8.1679,13.7946,0.3792,0.0306,110.4325,5.8434,0.6242,3.0536,0.0182,0.1024,2.8138,0.3036,6.3741,112.7581,3.935,3.9838,0.2344
22-Nov-17,4.115,5.4511,4.8434,3.6743,4.1599,3.1136,3.2252,3.0439,52.6841,12.5687,8.1308,13.7382,0.378,0.0304,109.7246,5.7964,0.622,3.0439,0.0181,0.1016,2.8134,0.3017,6.3439,112.0353,3.9032,3.9649,0.2332
23-Nov-17,4.1135,5.4751,4.8724,3.6987,4.1927,3.132,3.2423,3.0547,52.6754,12.5834,8.1254,13.7245,0.3788,0.0304,109.6846,5.8035,0.6247,3.0547,0.0181,0.1015,2.833,0.3016,6.3482,111.996,3.9065,3.9677,0.2324
24-Nov-17,4.1167,5.4847,4.8816,3.6953,4.1961,3.1339,3.2342,3.0557,52.7373,12.5962,8.123,13.7381,0.379,0.0305,109.7712,5.8081,0.6234,3.0556,0.0181,0.1014,2.8294,0.3018,6.3675,112.0845,3.9095,3.9797,0.2327
27-Nov-17,4.115,5.4904,4.9129,3.6984,4.2001,3.1383,3.2416,3.0583,52.7459,12.6072,8.1769,13.7196,0.3783,0.0304,109.7246,5.8056,0.6236,3.0583,0.0181,0.1017,2.8344,0.3017,6.37,112.0368,3.9014,3.9812,0.232
28-Nov-17,4.1025,5.46,4.8842,3.6858,4.1792,3.1163,3.2088,3.0493,52.5773,12.5882,8.1484,13.6855,0.3793,0.0304,109.3912,5.8256,0.6223,3.0491,0.0181,0.1012,2.8414,0.3008,6.3649,111.695,3.8914,3.978,0.2317
29-Nov-17,4.0825,5.4777,4.8467,3.6642,4.1542,3.0996,3.1842,3.0362,52.3025,12.56,8.1272,13.6083,0.3795,0.0302,108.858,5.7867,0.6186,3.0362,0.018,0.101,2.8257,0.2991,6.3487,111.1504,3.871,3.9678,0.2299
30-Nov-17,4.0875,5.501,4.8421,3.6362,4.1474,3.0936,3.172,3.0291,52.3485,12.5153,8.1152,13.6118,0.3754,0.0302,108.9913,5.7899,0.6183,3.0291,0.018,0.1011,2.795,0.3001,6.3367,111.2851,3.879,3.9604,0.2312
4-Dec-17,4.0615,5.4599,4.822,3.5995,4.1345,3.0882,3.1999,3.0128,51.9732,12.4471,8.0156,13.5347,0.3737,0.03,108.298,5.7617,0.6138,3.013,0.0179,0.1004,2.7892,0.2982,6.3162,110.5772,3.8525,3.9476,0.2296
5-Dec-17,4.0665,5.444,4.8182,3.6129,4.1247,3.1058,3.2113,3.0179,52.0302,12.4701,8.0302,13.5478,0.3738,0.0301,108.4313,5.7592,0.6149,3.018,0.0179,0.1005,2.7959,0.2974,6.3154,110.7103,3.8582,3.9471,0.2289
6-Dec-17,4.073,5.4576,4.8153,3.6306,4.1231,3.089,3.2139,3.0216,52.1154,12.49,8.0264,13.5676,0.3724,0.0301,108.6046,5.7681,0.6158,3.0217,0.0179,0.1007,2.8089,0.299,6.3179,110.8918,3.8616,3.9488,0.229
7-Dec-17,4.087,5.4678,4.8192,3.6274,4.1252,3.0761,3.1859,3.0275,52.3143,12.5253,8.0707,13.607,0.3735,0.0302,108.9779,5.7788,0.6178,3.0274,0.018,0.1008,2.7959,0.3001,6.3276,111.273,3.8771,3.9547,0.229
8-Dec-17,4.0855,5.5128,4.7945,3.5983,4.0998,3.0688,3.1779,3.0191,52.3249,12.5044,8.0813,13.6079,0.3734,0.0302,108.938,5.7693,0.6174,3.0189,0.018,0.1009,2.7957,0.3,6.3375,111.2291,3.8524,3.9609,0.2295
11-Dec-17,4.078,5.4533,4.8096,3.5955,4.1163,3.0687,3.1758,3.0178,52.2285,12.4814,8.0977,13.5929,0.3734,0.0301,108.738,5.7519,0.6163,3.0178,0.018,0.1004,2.8216,0.2981,6.3377,111.0249,3.8526,3.9608,0.2289
12-Dec-17,4.077,5.4434,4.8072,3.5941,4.1192,3.081,3.1767,3.0175,52.2207,12.5042,8.0793,13.5787,0.3738,0.03,108.7113,5.757,0.6161,3.0175,0.018,0.1006,2.8305,0.2993,6.3246,110.9977,3.7533,3.9529,0.2287
13-Dec-17,4.0865,5.4518,4.798,3.6057,4.1195,3.0916,3.1756,3.0205,52.3461,12.543,8.1006,13.6029,0.3741,0.0301,108.9646,5.7663,0.6173,3.0208,0.018,0.1008,2.8383,0.3011,6.3418,111.2594,3.732,3.9636,0.2287
14-Dec-17,4.0815,5.4851,4.8268,3.6188,4.1348,3.1264,3.1726,3.027,52.2442,12.5739,8.0861,13.5937,0.3746,0.0301,108.8313,5.7541,0.6177,3.0271,0.018,0.1007,2.8556,0.2994,6.3461,111.1232,3.7172,3.9663,0.2289
15-Dec-17,4.0865,5.4904,4.8151,3.6436,4.134,3.1405,3.2056,3.0343,52.3052,12.5565,8.1001,13.6239,0.3749,0.0301,108.9646,5.7813,0.6182,3.0342,0.018,0.1008,2.8712,0.2998,6.3737,111.2624,3.7192,3.9835,0.2287
18-Dec-17,4.0855,5.4548,4.8162,3.6259,4.1305,3.1309,3.1764,3.029,52.2753,12.5245,8.0974,13.6238,0.3758,0.0301,108.938,5.7771,0.6175,3.029,0.018,0.1009,2.8682,0.2997,6.3709,111.2367,3.7183,3.9818,0.229
19-Dec-17,4.077,5.4556,4.8131,3.6219,4.137,3.1309,3.1708,3.0266,52.1322,12.4717,8.0989,13.6041,0.3762,0.03,108.7113,5.761,0.6172,3.0265,0.0179,0.1006,2.8592,0.2982,6.3708,111.0083,3.6863,3.9818,0.2285
20-Dec-17,4.077,5.4611,4.83,3.6043,4.1336,3.1267,3.1691,3.03,52.1102,12.4565,8.1138,13.6168,0.3765,0.03,108.7142,5.7646,0.6197,3.0299,0.0179,0.1007,2.8427,0.2982,6.3653,111.0083,3.6863,3.9783,0.2281
21-Dec-17,4.0815,5.4537,4.8484,3.5954,4.1388,3.126,3.1825,3.0338,52.1747,12.4674,8.1308,13.6195,0.3772,0.0301,108.8371,5.776,0.6195,3.0334,0.018,0.1006,2.8558,0.2985,6.3676,111.1384,3.687,3.9798,0.2288
22-Dec-17,4.08,5.4566,4.8364,3.5984,4.1225,3.1469,3.2083,3.0336,52.1983,12.4542,8.1397,13.635,0.3778,0.0301,108.7927,5.777,0.6207,3.0337,0.018,0.1006,2.8642,0.2991,6.3695,111.096,3.6857,3.9809,0.2284
26-Dec-17,4.0845,5.4624,4.8481,3.6053,4.1293,3.1526,3.2125,3.0379,52.288,12.4603,8.1675,13.65,0.3799,0.0301,108.9142,5.7825,0.6239,3.0393,0.018,0.1007,2.8706,0.3008,6.3751,111.2185,3.6981,3.9845,0.2284
27-Dec-17,4.0845,5.47,4.8483,3.6087,4.1274,3.172,3.2266,3.0445,52.2799,12.4376,8.1723,13.6437,0.3801,0.0301,108.9142,5.7882,0.6229,3.0406,0.018,0.1007,2.8837,0.2999,6.3693,111.214,3.6897,3.9808,0.229
28-Dec-17,4.0665,5.4709,4.8544,3.6057,4.1472,3.1717,3.2242,3.0399,52.0336,12.4663,8.1461,13.6451,0.3801,0.03,108.4342,5.766,0.6223,3.0272,0.0179,0.1002,2.8836,0.2988,6.3435,110.7133,3.6735,3.9646,0.2286
29-Dec-17,4.0475,5.4666,4.844,3.5954,4.1475,3.1607,3.2284,3.0293,51.7951,12.4156,8.1183,13.639,0.3798,0.0298,107.9305,5.7503,0.6216,3.0131,0.0178,0.0999,2.879,0.2974,6.3388,110.1885,3.6563,3.9617,0.2276
2-Jan-18,4.02,5.4487,4.8421,3.577,4.1311,3.1513,3.2093,3.0223,51.4395,12.3351,8.0672,13.5875,0.3781,0.0297,107.1943,5.725,0.6189,3.0089,0.0177,0.0992,2.8643,0.2958,6.3205,109.4458,3.6315,3.9503,0.2265
3-Jan-18,4.0225,5.468,4.8441,3.5802,4.136,3.1512,3.2147,3.0263,51.459,12.4343,8.0789,13.6079,0.3779,0.0298,107.2581,5.7446,0.6189,3.0107,0.0177,0.0993,2.8576,0.2958,6.3354,109.5139,3.6326,3.9595,0.2273
4-Jan-18,4.0075,5.4262,4.8194,3.558,4.1023,3.1411,3.2004,3.0142,51.2576,12.4225,8.0392,13.5315,0.377,0.0299,106.8595,5.7159,0.6166,2.9995,0.0176,0.0991,2.8517,0.2953,6.3185,109.1055,3.619,3.9491,0.2267
5-Jan-18,3.998,5.4133,4.8188,3.5313,4.094,3.1356,3.1969,3.0114,51.1243,12.4084,8.0176,13.5627,0.3766,0.0298,106.6062,5.7083,0.6163,2.9938,0.0176,0.0986,2.8592,0.2946,6.3072,108.8469,3.61,3.942,0.2258
8-Jan-18,3.9955,5.4111,4.791,3.528,4.0898,3.1293,3.2191,3.0011,51.0813,12.3853,7.9607,13.5193,0.3739,0.0298,106.5381,5.7021,0.6148,2.9919,0.0176,0.0988,2.862,0.2944,6.2988,108.7818,3.6077,3.9368,0.2256
9-Jan-18,4.0095,5.4204,4.7869,3.5506,4.0834,3.1368,3.2226,3.0035,51.2648,12.4326,7.968,13.5452,0.3749,0.0298,106.9114,5.7104,0.6144,3.0024,0.0177,0.0989,2.8762,0.2981,6.3057,109.16,3.6203,3.9411,0.2272
10-Jan-18,4.0033,5.4106,4.7825,3.5802,4.0729,3.1357,3.2161,3.0002,51.1627,12.4628,7.9469,13.5323,0.3748,0.0298,106.7448,5.691,0.6144,2.9977,0.0176,0.0988,2.8811,0.2976,6.285,108.9898,3.6147,3.9282,0.226
11-Jan-18,3.9915,5.3789,4.7651,3.5726,4.0711,3.1421,3.1742,2.9913,51.0141,12.4579,7.9194,13.4839,0.3727,0.0298,106.4315,5.6934,0.6131,2.9889,0.0176,0.0987,2.8767,0.2957,6.2661,108.6729,3.6041,3.9169,0.2253
12-Jan-18,3.9715,5.3979,4.8099,3.5707,4.0807,3.1282,3.171,2.9904,50.7611,12.4226,7.8858,13.4109,0.3735,0.0297,105.8926,5.6512,0.6145,2.9739,0.0175,0.0985,2.8801,0.2942,6.246,108.1239,3.586,3.9038,0.2243
15-Jan-18,3.9575,5.4382,4.8408,3.5771,4.1032,3.1474,3.1833,2.9955,50.578,12.3943,7.8639,13.408,0.3721,0.0297,105.5249,5.6709,0.6149,2.9634,0.0174,0.0979,2.8838,0.2942,6.2374,107.7442,3.5732,3.8984,0.2231
16-Jan-18,3.9575,5.4519,4.8424,3.5764,4.104,3.1496,3.1851,2.9907,50.5754,12.3827,7.8429,13.3799,0.3718,0.0297,105.5249,5.6709,0.6146,2.9648,0.0174,0.0979,2.8765,0.2942,6.1843,107.7442,3.5732,3.8651,0.2233
17-Jan-18,3.954,5.4474,4.8344,3.5675,4.1055,3.1511,3.1751,2.9865,50.5578,12.364,7.7878,13.3753,0.3696,0.0296,105.4316,5.6884,0.6144,2.9662,0.0174,0.0979,2.8684,0.2944,6.1854,107.6519,3.5701,3.8659,0.2234
18-Jan-18,3.958,5.4717,4.8299,3.5579,4.1092,3.1573,3.18,2.99,50.62,12.392,7.7952,13.3938,0.3701,0.0297,105.5382,5.6939,0.616,2.9692,0.0174,0.098,2.884,0.2941,6.2023,107.7623,3.5738,3.8764,0.2234
19-Jan-18,3.9355,5.4847,4.8342,3.5604,4.1244,3.1626,3.173,2.9853,50.3386,12.3579,7.7585,13.413,0.3694,0.0296,104.9383,5.6694,0.6148,2.9523,0.0173,0.0974,2.8804,0.2921,6.1762,107.1438,3.5534,3.8602,0.2221
22-Jan-18,3.933,5.4665,4.8148,3.5501,4.0956,3.146,3.1535,2.9788,50.3038,12.3408,7.7314,13.4326,0.3673,0.0295,104.873,5.6745,0.6144,2.9518,0.0173,0.0975,2.8695,0.2939,6.1689,107.0758,3.5511,3.8555,0.2218
23-Jan-18,3.9285,5.4816,4.8079,3.5486,4.0813,3.1292,3.1476,2.9767,50.251,12.3383,7.6834,13.4225,0.3657,0.0295,104.7544,5.6653,0.6134,2.9484,0.0173,0.0974,2.8763,0.2943,6.1561,106.9533,3.547,3.8475,0.2219
24-Jan-18,3.9145,5.514,4.8305,3.5685,4.1099,3.1486,3.163,2.9825,50.0697,12.372,7.7009,13.4187,0.3669,0.0294,104.3797,5.6444,0.6135,2.9695,0.0172,0.0969,2.8924,0.2926,6.1488,106.5721,3.5344,3.843,0.2206
25-Jan-18,3.8965,5.5513,4.8305,3.5684,4.1303,3.146,3.1607,2.9809,49.8446,12.3679,7.6551,13.3946,0.367,0.0293,103.8997,5.6478,0.6151,2.9613,0.0172,0.0964,2.8645,0.2925,6.1242,106.0821,3.5181,3.8276,0.2203
26-Jan-18,3.8695,5.5086,4.8239,3.5518,4.1387,3.13,3.1431,2.9652,49.4884,12.3468,7.5993,13.2991,0.3636,0.0291,103.1784,5.629,0.6124,2.9407,0.017,0.0958,2.8518,0.2912,6.0908,105.3527,3.4938,3.8056,0.2187
29-Jan-18,3.885,5.4883,4.8201,3.5683,4.1449,3.1416,3.1457,2.9671,49.6863,12.3647,7.5847,13.3167,0.3634,0.0291,103.5931,5.655,0.6142,2.9525,0.0171,0.0964,2.8496,0.2923,6.1119,105.7719,3.5078,3.8199,0.2197
30-Jan-18,3.8985,5.4682,4.8275,3.5873,4.1662,3.1428,3.1551,2.9681,49.8603,12.388,7.5839,13.3426,0.3637,0.029,103.9531,5.6634,0.6151,2.9339,0.0172,0.0966,2.8459,0.2933,6.1187,106.1409,3.5198,3.8241,0.2209
2-Feb-18,3.888,5.5317,4.8575,3.5432,4.1903,3.109,3.1619,2.9629,49.7234,12.3901,7.5334,13.2819,0.3586,0.0289,103.6772,5.6589,0.619,2.9233,0.0171,0.0964,2.8612,0.2941,6.0762,105.855,3.5103,3.7965,0.2203
5-Feb-18,3.8995,5.5102,4.8596,3.5524,4.1957,3.0956,3.1412,2.9601,49.8603,12.3597,7.5727,13.2808,0.3577,0.0288,103.9825,5.6844,0.6197,2.9346,0.0172,0.0968,2.8535,0.2947,6.082,106.1695,3.5207,3.8012,0.2213
6-Feb-18,3.9155,5.475,4.8623,3.5832,4.196,3.0868,3.1296,2.9653,50.0751,12.4302,7.6088,13.363,0.3605,0.0289,104.4092,5.6959,0.6238,2.9649,0.0172,0.097,2.8638,0.2955,6.1075,106.5993,3.5351,3.8172,0.222
7-Feb-18,3.9065,5.4492,4.8355,3.5833,4.1734,3.0785,3.1236,2.965,49.9604,12.3859,7.6403,13.3688,0.3607,0.0288,104.1692,5.6711,0.6239,2.9596,0.0172,0.0968,2.8582,0.2946,6.092,106.3558,3.527,3.8075,0.2212
8-Feb-18,3.926,5.4367,4.8052,3.5806,4.1552,3.0703,3.1179,2.9543,50.2113,12.342,7.6292,13.3833,0.3606,0.0289,104.6864,5.6944,0.6211,2.9641,0.0173,0.0972,2.8255,0.2967,6.11,106.8852,3.5446,3.8187,0.2228
9-Feb-18,3.939,5.5008,4.8332,3.606,4.1944,3.0685,3.1267,2.9594,50.3702,12.3903,7.6478,13.4304,0.3622,0.0289,105.0316,5.6899,0.6256,2.9588,0.0174,0.0975,2.8414,0.2966,6.1255,107.2391,3.5564,3.8284,0.2227
12-Feb-18,3.938,5.4561,4.8327,3.625,4.2019,3.0793,3.1331,2.9695,50.3603,12.4384,7.5837,13.4229,0.3628,0.0288,105.0063,5.689,0.6221,2.9628,0.0173,0.0977,2.8558,0.2965,6.1244,107.2163,3.5555,3.8278,0.2225
13-Feb-18,3.9395,5.4584,4.8543,3.659,4.2129,3.1,3.134,2.9785,50.3576,12.5064,7.5774,13.4367,0.3631,0.0288,105.0463,5.6968,0.6212,2.9721,0.0173,0.0975,2.8743,0.2969,6.1287,107.2527,3.5568,3.8287,0.2223
14-Feb-18,3.9275,5.4559,4.8567,3.656,4.2093,3.0904,3.1231,2.9746,50.2071,12.4841,7.5427,13.4306,0.3648,0.0288,104.7264,5.6954,0.6196,2.9662,0.0173,0.0978,2.871,0.2964,6.1228,106.9275,3.5461,3.8269,0.2215
15-Feb-18,3.8945,5.4714,4.865,3.6611,4.2123,3.0989,3.1213,2.9685,49.7881,12.4336,7.4707,13.3894,0.3649,0.0287,103.8464,5.6484,0.6135,2.9395,0.0172,0.0968,2.8843,0.2939,6.093,106.0276,3.5163,3.8081,0.2202
19-Feb-18,3.892,5.448,4.8249,3.6505,4.1899,3.0821,3.0997,2.9666,49.7542,12.3989,7.4215,13.3714,0.3642,0.0287,103.7797,5.6815,0.6131,2.9389,0.0171,0.0967,2.8707,0.294,6.0576,105.9653,3.5142,3.788,0.2198
20-Feb-18,3.9015,5.4447,4.8215,3.6423,4.1803,3.0863,3.0984,2.9588,49.8738,12.3936,7.4634,13.3723,0.3634,0.0287,104.0331,5.6953,0.6146,2.9461,0.0172,0.0968,2.8696,0.2938,6.0253,106.2124,3.5228,3.7657,0.2205
21-Feb-18,3.9085,5.4551,4.8143,3.6336,4.17,3.0688,3.088,2.9589,49.9444,12.3961,7.5031,13.3876,0.3638,0.0287,104.2197,5.6752,0.6157,2.9527,0.0172,0.0967,2.8706,0.2945,6.0295,106.4088,3.5288,3.7685,0.2212
22-Feb-18,3.9175,5.4438,4.8123,3.6517,4.1735,3.0592,3.0851,2.9588,50.0636,12.3932,7.5134,13.3758,0.361,0.0286,104.4597,5.6794,0.6158,2.9581,0.0172,0.0972,2.8674,0.2926,6.023,106.6538,3.5369,3.7643,0.2214
23-Feb-18,3.9155,5.4768,4.8231,3.6653,4.1922,3.0651,3.0815,2.9619,50.0547,12.442,7.5516,13.3836,0.3632,0.0286,104.405,5.6709,0.6182,2.9619,0.0172,0.0972,2.8611,0.294,6.0452,106.5993,3.5351,3.7783,0.2213
26-Feb-18,3.907,5.4864,4.8132,3.663,4.1804,3.0756,3.0922,2.9674,49.939,12.4705,7.5236,13.3648,0.3643,0.0286,104.1797,5.6675,0.6193,2.9536,0.0172,0.0972,2.8652,0.2911,6.0284,106.3737,3.5273,3.7678,0.2209
27-Feb-18,3.9125,5.4695,4.8251,3.6543,4.1765,3.0692,3.0834,2.9669,49.9933,12.4868,7.4981,13.3829,0.3652,0.0286,104.325,5.6849,0.6202,2.9609,0.0172,0.0973,2.8503,0.2926,6.0234,106.5235,3.5323,3.7646,0.2219
28-Feb-18,3.9215,5.4491,4.7887,3.6586,4.1656,3.0611,3.072,2.961,50.0897,12.4769,7.5187,13.3899,0.3623,0.0285,104.565,5.6914,0.6196,2.9602,0.0172,0.0973,2.8368,0.2931,6.0081,106.7714,3.5404,3.7551,0.2222
1-Mar-18,3.9245,5.4029,4.7869,3.6755,4.1516,3.0376,3.0574,2.9611,50.1377,12.5024,7.5558,13.3814,0.3619,0.0285,104.6478,5.6744,0.6183,2.9638,0.0173,0.0975,2.8337,0.2933,6.0217,106.8502,3.5433,3.7636,0.2223
2-Mar-18,3.9045,5.381,4.7924,3.6952,4.1624,3.033,3.0403,2.9574,49.8643,12.4258,7.5217,13.3398,0.3624,0.0284,104.1144,5.6365,0.6152,2.9455,0.0172,0.0971,2.8403,0.2918,5.9857,106.2999,3.5252,3.7442,0.2213
5-Mar-18,3.9065,5.3935,4.8146,3.7013,4.1752,3.0264,3.0298,2.961,49.8784,12.4292,7.5197,13.3314,0.3612,0.0284,104.165,5.6645,0.6161,2.9544,0.0172,0.0972,2.8187,0.2922,6.0028,106.3543,3.527,3.7517,0.2222
6-Mar-18,3.9035,5.3968,4.8165,3.6812,4.1474,3.0295,3.0038,2.9579,49.8379,12.4315,7.5017,13.323,0.3624,0.0283,104.0822,5.6602,0.6155,2.9532,0.0171,0.0969,2.8261,0.2922,6.0026,106.2755,3.5246,3.7516,0.2215
7-Mar-18,3.903,5.4142,4.8436,3.6906,4.1574,3.0463,3.0183,2.9675,49.8159,12.4537,7.5058,13.345,0.3656,0.0284,104.0689,5.6754,0.6173,2.9525,0.0171,0.0969,2.8433,0.2924,6.0079,106.2648,3.5239,3.7549,0.2218
8-Mar-18,3.908,5.4266,4.8432,3.6838,4.1374,3.0506,3.025,2.9702,49.8641,12.4647,7.4966,13.3324,0.3647,0.0283,104.2022,5.6861,0.6169,2.9563,0.0172,0.0975,2.8413,0.2923,6.0071,106.4009,3.5284,3.7544,0.222
9-Mar-18,3.914,5.4068,4.8168,3.6674,4.115,3.0545,3.0405,2.9686,49.9302,12.4729,7.5182,13.3465,0.3659,0.0284,104.3636,5.6869,0.6176,2.9608,0.0172,0.0975,2.8486,0.2927,6.0095,106.5585,3.5338,3.7559,0.2222
12-Mar-18,3.9045,5.4187,4.8162,3.665,4.1163,3.0713,3.0469,2.9704,49.8001,12.4645,7.5073,13.3328,0.3661,0.0284,104.1103,5.6575,0.6174,2.9535,0.0172,0.0972,2.8552,0.2918,6.0083,106.3028,3.5252,3.7552,0.2212
13-Mar-18,3.902,5.4203,4.8125,3.6493,4.1189,3.0705,3.0347,2.9709,49.7663,12.4884,7.4938,13.3484,0.3665,0.0284,104.045,5.6553,0.6168,2.9542,0.0171,0.0971,2.8609,0.2914,6.0052,106.2361,3.523,3.7532,0.2211
14-Mar-18,3.9035,5.4471,4.8306,3.6625,4.1272,3.0793,3.0166,2.9786,49.7787,12.5394,7.4969,13.3501,0.3671,0.0284,104.085,5.6632,0.618,2.9774,0.0171,0.0969,2.8601,0.2915,6.0119,106.2726,3.5243,3.7573,0.2215
15-Mar-18,3.919,5.4717,4.8458,3.6947,4.1442,3.0825,3.0256,2.9909,49.9755,12.575,7.5452,13.4724,0.3684,0.0285,104.4983,5.7007,0.6202,2.992,0.0172,0.0976,2.8687,0.2931,6.0432,106.6961,3.5383,3.777,0.2228
16-Mar-18,3.9125,5.4654,4.8192,3.698,4.1204,3.0486,2.9951,2.9806,49.8843,12.536,7.5308,13.4441,0.3669,0.0285,104.325,5.686,0.6186,2.983,0.0172,0.0971,2.8373,0.2922,6.0276,106.5177,3.5324,3.7673,0.2221
19-Mar-18,3.9165,5.4623,4.8095,3.6978,4.1084,3.0151,2.986,2.9713,49.9299,12.5448,7.5291,13.4237,0.3651,0.0285,104.4344,5.6899,0.6185,2.9632,0.0172,0.0976,2.8218,0.2923,6.0175,106.6266,3.5359,3.761,0.2226
20-Mar-18,3.9175,5.5098,4.8365,3.682,4.1202,3.0196,2.9996,2.9776,49.9388,12.5611,7.5225,13.4322,0.3662,0.0285,104.4639,5.6872,0.619,2.9634,0.0172,0.0979,2.8288,0.2923,6.0117,106.6538,3.4215,3.7573,0.2227
21-Mar-18,3.9225,5.5041,4.817,3.6893,4.116,3.0156,3.0072,2.9759,49.9936,12.5641,7.526,13.4355,0.3659,0.0285,104.5972,5.6911,0.6196,2.9686,0.0172,0.098,2.812,0.2927,6.014,106.7914,3.4066,3.7588,0.2222
22-Mar-18,3.908,5.5365,4.8291,3.695,4.1269,3.0312,3.041,2.9766,49.799,12.5136,7.4708,13.401,0.3642,0.0284,104.2106,5.6695,0.618,2.9584,0.0171,0.0973,2.837,0.2919,6.0063,106.3966,3.3807,3.7539,0.2215
23-Mar-18,3.9175,5.5256,4.8336,3.7347,4.1389,3.0247,3.0348,2.9791,49.9111,12.5521,7.4854,13.447,0.363,0.0284,104.4667,5.6975,0.6195,2.9647,0.0172,0.0976,2.8353,0.293,6.0225,106.6596,3.3889,3.7641,0.2223
26-Mar-18,3.8955,5.5301,4.8273,3.7116,4.117,3.0136,3.0296,2.9721,49.6391,12.5016,7.456,13.3983,0.3609,0.0284,103.8772,5.6704,0.6202,2.9467,0.0171,0.0972,2.8381,0.2918,6.006,106.0563,3.3933,3.7538,0.2207
27-Mar-18,3.8765,5.4847,4.8187,3.6721,4.0967,2.9927,3.0149,2.9636,49.4026,12.4366,7.3951,13.3071,0.3616,0.0282,103.3706,5.6596,0.6176,2.9349,0.017,0.0967,2.8223,0.2904,5.9763,105.5433,3.3498,3.7351,0.2198
28-Mar-18,3.8628,5.4698,4.7892,3.6588,4.0652,2.9591,2.9928,2.9515,49.2249,12.3687,7.3795,13.244,0.361,0.0281,103.0039,5.633,0.6143,2.9246,0.0169,0.0962,2.8007,0.2889,5.9406,105.1675,3.3389,3.7129,0.2185
29-Mar-18,3.869,5.4323,4.7618,3.6276,4.0409,2.9675,2.9955,2.948,49.2935,12.3808,7.402,13.2577,0.363,0.0281,103.1706,5.6393,0.6152,2.9334,0.017,0.0962,2.7849,0.2904,5.9368,105.3391,3.344,3.7102,0.2193
30-Mar-18,3.863,5.4293,4.7621,3.638,4.0522,2.9753,3.003,2.9494,49.2187,12.3854,7.3996,13.2658,0.3637,0.0281,103.012,5.6155,0.6157,2.9286,0.0169,0.0961,2.7995,0.2902,5.9326,105.17,3.3385,3.7044,0.2191
2-Apr-18,3.8635,5.4344,4.7633,3.6349,4.0528,2.9677,2.9995,2.9495,49.2285,12.3989,7.4255,13.2707,0.3668,0.0281,103.0239,5.617,0.615,2.9204,0.017,0.0961,2.7937,0.29,5.9333,105.1894,3.339,3.7049,0.2189
3-Apr-18,3.864,5.4407,4.7591,3.6418,4.051,2.9712,3.0023,2.9502,49.2286,12.3886,7.4228,13.2556,0.366,0.0281,103.0331,5.6198,0.6148,2.926,0.0169,0.0961,2.8014,0.2905,5.9442,105.1987,3.339,3.715,0.219
4-Apr-18,3.8675,5.4443,4.7534,3.6417,4.0364,2.9695,3.0175,2.945,49.2725,12.3879,7.4224,13.2381,0.3639,0.0281,103.1265,5.6174,0.6137,2.9325,0.017,0.0961,2.8186,0.2908,5.9431,105.294,3.342,3.7145,0.2186
5-Apr-18,3.8665,5.4284,4.7425,3.6097,4.0222,2.9704,3.0269,2.9413,49.2579,12.3768,7.4184,13.2269,0.3646,0.0281,103.097,5.6125,0.6132,2.9261,0.0169,0.0961,2.8169,0.2911,5.9441,105.2667,3.3395,3.7151,0.2187
6-Apr-18,3.8715,5.4226,4.7368,3.6042,4.0188,2.9754,3.0293,2.9355,49.3219,12.4047,7.433,13.2169,0.3623,0.0281,103.2304,5.6183,0.614,2.9322,0.017,0.0963,2.8055,0.2931,5.9575,105.4043,3.3439,3.7235,0.2189
9-Apr-18,3.8675,5.4574,4.7493,3.6116,4.0305,2.9646,3.022,2.9448,49.271,12.3681,7.4304,13.2297,0.3616,0.0281,103.1265,5.6007,0.6128,2.9328,0.017,0.0962,2.8206,0.291,5.9509,105.2983,3.341,3.7193,0.2187
10-Apr-18,3.867,5.478,4.7661,3.6145,4.0469,2.9886,3.0478,2.9511,49.264,12.3863,7.4408,13.2348,0.3624,0.0281,103.1173,5.6097,0.6145,2.9324,0.017,0.096,2.8393,0.2932,5.9517,105.2789,3.3405,3.7199,0.2186
11-Apr-18,3.873,5.4975,4.7936,3.6208,4.042,3.0008,3.0713,2.9583,49.3382,12.4254,7.4588,13.256,0.3626,0.0281,103.2731,5.6299,0.6162,2.9369,0.017,0.0962,2.8517,0.2919,5.9393,105.448,3.3454,3.7121,0.2191
12-Apr-18,3.8775,5.4894,4.787,3.6298,4.0351,3.0025,3.0752,2.9574,49.3955,12.4369,7.4485,13.2266,0.3619,0.0282,103.3931,5.646,0.617,2.9349,0.017,0.0964,2.8616,0.2929,5.93,105.5648,3.3493,3.7061,0.2194
13-Apr-18,3.88,5.5424,4.786,3.6054,4.0349,3.0245,3.0882,2.9582,49.4277,12.4399,7.4596,13.227,0.3627,0.0282,103.4612,5.6438,0.6177,2.9368,0.017,0.0961,2.8669,0.2937,5.9466,105.6357,3.3513,3.7167,0.2203
16-Apr-18,3.8885,5.5495,4.8081,3.6275,4.0488,3.0227,3.0817,2.9649,49.5353,12.4671,7.468,13.2253,0.3622,0.0282,103.6864,5.6555,0.6189,2.9432,0.0171,0.0966,2.8582,0.2946,5.9437,105.8671,3.3587,3.7148,0.2197
17-Apr-18,3.8875,5.5698,4.8143,3.634,4.0442,3.0245,3.0929,2.9685,49.5226,12.4599,7.4595,13.2395,0.3641,0.0282,103.6598,5.6626,0.6192,2.9425,0.0171,0.0965,2.8561,0.2941,5.9207,105.8385,3.3578,3.7004,0.2193
18-Apr-18,3.8905,5.5218,4.8083,3.6267,4.0152,3.0147,3.0902,2.9659,49.5608,12.4536,7.4676,13.2533,0.3647,0.0282,103.7398,5.6703,0.6188,2.9447,0.0171,0.0964,2.8432,0.2954,5.9245,105.9187,3.3603,3.7028,0.2194
19-Apr-18,3.8895,5.5141,4.8098,3.6229,4.0146,3.0319,3.0815,2.9706,49.5563,12.4584,7.4682,13.2499,0.3664,0.0282,103.7131,5.6636,0.6195,2.9502,0.0171,0.0965,2.8444,0.2927,5.9127,105.8973,3.3594,3.6953,0.2199
20-Apr-18,3.8945,5.479,4.7961,3.6189,4.003,3.0003,3.0738,2.9648,49.6358,12.4505,7.4743,13.248,0.3641,0.0281,103.8464,5.6707,0.619,2.954,0.0171,0.0965,2.8151,0.2926,5.8956,106.0276,3.3639,3.6848,0.2203
23-Apr-18,3.8965,5.4516,4.7687,3.6077,3.9868,2.9797,3.0472,2.948,49.6835,12.3698,7.4421,13.1541,0.3624,0.028,103.8997,5.6561,0.6179,2.9555,0.0171,0.0967,2.8016,0.2927,5.8695,106.0864,3.3657,3.6685,0.2201
24-Apr-18,3.9055,5.4497,4.7659,3.5888,3.9913,2.974,3.0446,2.9522,49.7808,12.4142,7.4681,13.2027,0.3626,0.0281,104.1397,5.65,0.6192,2.9624,0.0172,0.0963,2.7821,0.2941,5.8878,106.3271,3.3735,3.6799,0.2207
25-Apr-18,3.9115,5.4591,4.7732,3.5854,3.9846,2.9637,3.042,2.9488,49.8366,12.3978,7.4752,13.1674,0.3619,0.0281,104.2997,5.6529,0.6189,2.9677,0.0172,0.097,2.7733,0.2932,5.8564,106.4962,3.3786,3.6602,0.2209
26-Apr-18,3.9175,5.4498,4.7684,3.5824,3.9814,2.9626,3.0478,2.9515,49.9207,12.403,7.5148,13.196,0.363,0.0282,104.4597,5.6584,0.6189,2.9684,0.0172,0.0972,2.7665,0.2921,5.868,106.6523,3.3837,3.6676,0.2214
27-Apr-18,3.9183,5.4138,4.7305,3.5824,3.9514,2.9573,3.0393,2.951,49.9242,12.4005,7.5517,13.2244,0.3644,0.0282,104.4811,5.6565,0.6178,2.9731,0.0172,0.0969,2.7612,0.2917,5.8656,106.6728,3.3844,3.666,0.2214
30-Apr-18,3.9205,5.3844,4.7454,3.5866,3.9623,2.9582,3.0492,2.9597,49.9506,12.4303,7.578,13.2306,0.3664,0.0282,104.5383,5.6369,0.619,2.9827,0.0172,0.0981,2.7655,0.2917,5.9026,106.734,3.3865,3.6755,0.2223
2-May-18,3.928,5.359,4.713,3.5769,3.9465,2.9519,3.0635,2.9424,50.0395,12.3834,7.5705,13.1985,0.3649,0.0282,104.7397,5.6352,0.6177,2.9854,0.0173,0.0969,2.7598,0.2925,5.8904,106.9382,3.3927,3.6815,0.2226
3-May-18,3.941,5.3546,4.7237,3.594,3.9513,2.9646,3.0684,2.9582,50.2073,12.4479,7.625,13.2671,0.3667,0.0283,105.0863,5.645,0.6207,2.9629,0.0173,0.0969,2.7666,0.2932,5.9188,107.2921,3.4039,3.6993,0.2229
4-May-18,3.9405,5.3378,4.7138,3.6135,3.9442,2.9629,3.0606,2.9556,50.1991,12.4228,7.6216,13.2556,0.3658,0.0283,105.073,5.641,0.6197,2.9763,0.0173,0.097,2.7627,0.2932,5.8928,107.2785,3.4036,3.6831,0.2235
7-May-18,3.9445,5.3397,4.7062,3.609,3.9304,2.9631,3.0655,2.9514,50.2497,12.3885,7.6006,13.229,0.3654,0.0282,105.1769,5.6448,0.6198,2.9728,0.0173,0.0971,2.7651,0.2946,5.8755,107.3903,3.4071,3.6722,0.2227
8-May-18,3.9505,5.3367,4.6967,3.6227,3.9353,2.9518,3.0454,2.9525,50.3287,12.3801,7.6109,13.2596,0.3659,0.0281,105.3368,5.6429,0.6205,2.9726,0.0173,0.097,2.761,0.2966,5.8864,107.5507,3.4122,3.679,0.2231
14-May-18,3.9435,5.359,4.7261,3.6001,3.9476,2.976,3.0866,2.9604,50.236,12.4009,7.5281,13.2519,0.3692,0.0282,105.1502,5.6424,0.6224,2.9637,0.0173,0.0968,2.7417,0.2932,5.8459,107.3631,3.406,3.6536,0.2212
15-May-18,3.9575,5.3573,4.7169,3.5989,3.9555,2.9721,3.0856,2.9591,50.4137,12.3865,7.5448,13.2504,0.3684,0.0282,105.5235,5.6675,0.6226,2.9773,0.0174,0.0978,2.7356,0.2942,5.8291,107.7442,3.4183,3.6431,0.222
16-May-18,3.9635,5.346,4.6914,3.5975,3.9675,2.9669,3.0826,2.9542,50.4908,12.3474,7.5733,13.2638,0.3672,0.0281,105.6863,5.676,0.6222,2.9621,0.0174,0.0972,2.7297,0.2936,5.8409,107.9003,3.4235,3.6506,0.2219
17-May-18,3.969,5.3703,4.6896,3.5862,3.9633,2.9883,3.1093,2.9592,50.5615,12.3683,7.5926,13.2685,0.3671,0.0282,105.8329,5.6686,0.6233,2.9757,0.0174,0.0975,2.735,0.2936,5.8622,108.05,3.4281,3.6638,0.2216
18-May-18,3.9725,5.3625,4.6901,3.5806,3.9757,2.9847,3.1006,2.9594,50.6051,12.3677,7.5861,13.274,0.3682,0.0281,105.9263,5.6489,0.6232,2.9744,0.0174,0.0975,2.7432,0.2943,5.8415,108.1497,3.4311,3.6509,0.2231
21-May-18,3.9785,5.3322,4.6716,3.5744,3.9813,2.9944,3.0932,2.9574,50.6831,12.3441,7.5932,13.2696,0.3671,0.028,106.082,5.6531,0.6227,2.977,0.0175,0.0986,2.7456,0.2938,5.8469,108.3204,3.4364,3.6544,0.2219
22-May-18,3.967,5.3416,4.6842,3.574,3.9813,3.0135,3.1089,2.9645,50.5428,12.3756,7.5866,13.2724,0.3688,0.0281,105.7796,5.6275,0.6227,2.9753,0.0174,0.0972,2.7618,0.2927,5.8298,107.9955,3.4265,3.6436,0.2211
23-May-18,3.979,5.3175,4.667,3.6216,4.0129,2.9984,3.0902,2.96,50.6902,12.386,7.5877,13.2704,0.3676,0.028,106.0996,5.6595,0.6233,2.9872,0.0175,0.0975,2.7461,0.2936,5.8232,108.3266,3.4369,3.6394,0.2217
24-May-18,3.979,5.3346,4.6709,3.627,4.0117,3.0095,3.097,2.9677,50.7002,12.4159,7.5713,13.2961,0.369,0.0282,106.0996,5.6423,0.6234,2.9765,0.0175,0.0975,2.7531,0.2934,5.8228,108.3266,3.4369,3.6393,0.2218
25-May-18,3.9805,5.3237,4.6679,3.6337,4.0098,3.0202,3.0876,2.9737,50.7306,12.4771,7.5663,13.3056,0.37,0.0282,106.1368,5.6483,0.6231,2.9871,0.0175,0.0975,2.7603,0.2935,5.8636,108.3704,3.4381,3.6648,0.2221
28-May-18,3.9835,5.307,4.6517,3.6414,4.0158,3.0139,3.0667,2.9735,50.7789,12.4523,7.5933,13.3141,0.371,0.0285,106.2168,5.6494,0.6229,2.9832,0.0175,0.0984,2.7669,0.2938,5.9098,108.4521,3.4407,3.6936,0.2221
30-May-18,3.9895,5.2959,4.6324,3.6717,4.0302,3.0057,3.0677,2.9715,50.8472,12.4313,7.5802,13.2855,0.3696,0.0285,106.3767,5.6285,0.6209,2.982,0.0175,0.0975,2.7655,0.2942,5.9088,108.6155,3.4459,3.6931,0.2226
31-May-18,3.9785,5.3045,4.6626,3.6518,4.0309,3.0187,3.0983,2.9765,50.6915,12.4377,7.5756,13.2976,0.3693,0.0286,106.0863,5.6263,0.6212,2.9857,0.0174,0.0972,2.7838,0.2938,5.8945,108.313,3.4364,3.6841,0.2218
1-Jun-18,3.9775,5.2879,4.6465,3.6421,4.0319,3.0016,3.071,2.9733,50.6959,12.4277,7.5646,13.3317,0.3703,0.0286,106.0568,5.6347,0.6198,2.9862,0.0174,0.0985,2.7795,0.2935,5.9185,108.2888,3.4353,3.699,0.2222
4-Jun-18,3.9675,5.3032,4.6459,3.6221,4.0275,3.0312,3.0706,2.9707,50.5623,12.4023,7.5406,13.3357,0.3709,0.0286,105.7929,5.6244,0.6191,2.9754,0.0174,0.0969,2.7886,0.2961,5.9102,108.0194,3.4266,3.6938,0.2215
5-Jun-18,3.9735,5.3144,4.651,3.6207,4.0295,3.0328,3.0736,2.9776,50.6369,12.4425,7.577,13.3379,0.3712,0.0286,105.9529,5.6369,0.6207,2.9875,0.0174,0.0971,2.7965,0.2937,5.9116,108.1769,3.432,3.6947,0.2218
6-Jun-18,3.9725,5.3269,4.6647,3.6096,4.0299,3.0376,3.0683,2.9797,50.6228,12.4471,7.5786,13.3494,0.3721,0.0287,105.9263,5.6264,0.6211,2.9905,0.0174,0.0971,2.7939,0.2936,5.9242,108.1497,3.4311,3.7026,0.2223
7-Jun-18,3.9755,5.3506,4.6996,3.6159,4.0475,3.0419,3.068,2.9852,50.673,12.4448,7.5717,13.379,0.3718,0.0287,106.0063,5.6462,0.6218,2.9928,0.0174,0.0971,2.8015,0.2938,5.9285,108.2372,3.4337,3.7054,0.2225
8-Jun-18,3.9875,5.3452,4.6907,3.6474,4.0596,3.0187,3.0624,2.9834,50.8237,12.4357,7.5585,13.3384,0.3704,0.0286,106.3262,5.6747,0.6221,3.0052,0.0175,0.0976,2.796,0.2945,5.8976,108.5581,3.444,3.6856,0.2234
11-Jun-18,3.988,5.3308,4.6991,3.6266,4.0438,3.0339,3.0738,2.9872,50.8246,12.4431,7.5192,13.3725,0.3706,0.0286,106.341,5.66,0.6229,3.0023,0.0175,0.0989,2.8038,0.2943,5.9149,108.5776,3.4445,3.6969,0.2233
12-Jun-18,3.992,5.3491,4.7078,3.6217,4.0569,3.0403,3.0717,2.993,50.8742,12.4439,7.5192,13.3803,0.3711,0.0287,106.4477,5.6693,0.6233,3.0048,0.0175,0.0979,2.8084,0.294,5.9213,108.6865,3.3732,3.7008,0.2234
13-Jun-18,3.9975,5.3267,4.6947,3.6136,4.0432,3.0287,3.067,2.9904,50.9339,12.4185,7.5054,13.3714,0.3678,0.0287,106.5972,5.6777,0.6241,3.0052,0.0175,0.0981,2.805,0.2935,5.9069,108.8303,3.3636,3.6918,0.2238
14-Jun-18,3.9845,5.3552,4.7119,3.6238,4.0534,3.0137,3.0742,2.9867,50.7686,12.405,7.5016,13.3314,0.3683,0.0286,106.2477,5.6528,0.6234,2.9988,0.0175,0.0976,2.8047,0.2923,5.8938,108.4764,3.3699,3.6836,0.2233
18-Jun-18,3.993,5.2875,4.6279,3.6129,4.0066,2.9748,3.0312,2.9569,50.8701,12.2297,7.4747,13.2471,0.3614,0.0287,106.4686,5.6343,0.6201,2.9688,0.0175,0.0986,2.7721,0.2947,5.8693,108.7078,3.3458,3.6684,0.2237
19-Jun-18,4.001,5.2767,4.623,3.6427,4.0165,2.9475,3.0226,2.9458,50.9685,12.187,7.5044,13.2221,0.3585,0.0287,106.6805,5.6462,0.6182,2.975,0.0175,0.098,2.7631,0.2923,5.8603,108.9285,3.2985,3.6627,0.2238
20-Jun-18,4.004,5.2695,4.6278,3.6364,4.0167,2.957,3.0131,2.9481,51.0252,12.2008,7.4891,13.2636,0.3617,0.0287,106.7619,5.636,0.6183,2.9652,0.0175,0.0984,2.7566,0.2918,5.874,109.0102,3.2955,3.6712,0.2237
21-Jun-18,4.015,5.2641,4.6253,3.6346,4.0275,2.9534,3.0134,2.9448,51.1716,12.174,7.5105,13.2094,0.3605,0.0285,107.0567,5.6526,0.6175,2.9697,0.0176,0.0983,2.7443,0.2911,5.8843,109.3067,3.3005,3.6778,0.2247
22-Jun-18,3.998,5.3205,4.6653,3.6298,4.04,2.9699,3.0096,2.9488,50.953,12.1335,7.5051,13.2117,0.3612,0.0284,106.6034,5.6221,0.6156,2.9592,0.0175,0.0979,2.7638,0.2893,5.8981,108.8469,3.2865,3.6863,0.2237
25-Jun-18,4.0165,5.3199,4.6832,3.6695,4.0686,2.9823,3.0229,2.9482,51.1891,12.186,7.5143,13.2135,0.3593,0.0284,107.0981,5.6692,0.6143,2.9712,0.0175,0.0994,2.7714,0.2925,5.896,109.3476,3.301,3.685,0.2244
26-Jun-18,4.0205,5.332,4.6937,3.6668,4.0681,2.9772,3.0227,2.9552,51.2322,12.1944,7.5037,13.221,0.3601,0.0284,107.2033,5.6731,0.6127,2.9742,0.0175,0.0984,2.7641,0.2897,5.8999,109.4594,3.3043,3.6875,0.2249
27-Jun-18,4.0305,5.3184,4.6865,3.6714,4.0651,2.9699,3.0254,2.9526,51.3583,12.2099,7.5299,13.2087,0.3599,0.0284,107.47,5.6866,0.6097,2.9816,0.0176,0.0986,2.7476,0.2865,5.8694,109.7347,3.3125,3.6703,0.2251
28-Jun-18,4.0445,5.293,4.6736,3.6667,4.0512,2.9687,3.0323,2.9556,51.5377,12.219,7.5598,13.2117,0.3598,0.0281,107.8433,5.6961,0.6103,2.9776,0.0176,0.099,2.7349,0.286,5.8654,110.1099,3.3225,3.6658,0.226
29-Jun-18,4.0375,5.3168,4.7037,3.6459,4.066,2.9845,3.0539,2.9625,51.4531,12.1868,7.5656,13.2769,0.3625,0.0282,107.6566,5.6724,0.6101,2.9666,0.0176,0.0988,2.7326,0.2863,5.8987,109.9193,3.3166,3.6867,0.2257
2-Jul-18,4.04,5.3215,4.704,3.646,4.0746,2.9801,3.0684,2.9555,51.4935,12.1916,7.5666,13.2299,0.3612,0.0281,107.7233,5.6825,0.607,2.9801,0.0176,0.1,2.7294,0.2882,5.8854,109.9873,3.3193,3.6784,0.2258
3-Jul-18,4.0475,5.3385,4.7194,3.6489,4.0754,2.9927,3.0743,2.963,51.5894,12.2023,7.5785,13.2509,0.3636,0.0281,107.9233,5.6896,0.6082,2.9702,0.0176,0.0994,2.726,0.2875,5.895,110.1945,3.3251,3.6844,0.2257
4-Jul-18,4.044,5.3405,4.7092,3.6602,4.0729,2.9873,3.0741,2.9649,51.5599,12.2101,7.5734,13.2581,0.3621,0.0282,107.8299,5.6874,0.6101,2.9772,0.0176,0.0993,2.7358,0.2868,5.8908,110.0992,3.3223,3.6817,0.2257
5-Jul-18,4.043,5.3525,4.7277,3.655,4.0727,2.9866,3.0759,2.9647,51.5189,12.1667,7.5668,13.2306,0.3614,0.0281,107.8033,5.686,0.6091,2.9765,0.0175,0.0992,2.7442,0.2878,5.8743,110.069,3.3214,3.6714,0.2259
6-Jul-18,4.0385,5.3496,4.7305,3.6503,4.0694,2.9933,3.0748,2.9687,51.458,12.1733,7.5698,13.2614,0.3619,0.0281,107.6833,5.6897,0.6076,2.9737,0.0175,0.0991,2.7537,0.2862,5.858,109.9465,3.3177,3.6612,0.2257
9-Jul-18,4.0315,5.3788,4.7459,3.6492,4.0846,3.0137,3.0818,2.978,51.3681,12.1687,7.5501,13.2866,0.3625,0.0281,107.4966,5.6818,0.6092,2.9853,0.0175,0.099,2.7579,0.2865,5.8695,109.7559,3.312,3.6685,0.225
10-Jul-18,4.0225,5.3298,4.7172,3.6191,4.0504,2.9941,3.0631,2.9657,51.2535,12.1269,7.5155,13.2206,0.3604,0.028,107.2567,5.6869,0.6071,2.9798,0.0175,0.0988,2.7429,0.2851,5.8441,109.5139,3.3043,3.6525,0.2246
11-Jul-18,4.0315,5.3442,4.7201,3.6266,4.0597,2.9831,3.0655,2.9632,51.3645,12.103,7.5222,13.1766,0.3586,0.028,107.4966,5.6797,0.6044,2.9897,0.0175,0.099,2.743,0.2847,5.857,109.7559,3.3116,3.6605,0.2252
12-Jul-18,4.041,5.3386,4.7181,3.596,4.0519,2.9821,3.0615,2.966,51.4898,12.1461,7.5526,13.2253,0.3586,0.0281,107.7499,5.6898,0.6059,2.9771,0.0175,0.0992,2.7337,0.2844,5.8928,110.0146,3.319,3.683,0.2259
13-Jul-18,4.0515,5.319,4.7105,3.5943,4.0376,2.99,3.0719,2.9619,51.62,12.1452,7.5651,13.219,0.3575,0.0282,108.0299,5.6908,0.6047,2.9866,0.0176,0.0995,2.7283,0.2849,5.9133,110.3034,3.3276,3.6958,0.2263
16-Jul-18,4.048,5.3648,4.7345,3.5992,4.0468,3.0077,3.0784,2.9713,51.5754,12.1653,7.571,13.2621,0.3591,0.0282,107.9366,5.6753,0.6057,2.9784,0.0176,0.1009,2.7425,0.2847,5.8979,110.2051,3.2386,3.6862,0.226
17-Jul-18,4.0445,5.3642,4.7491,3.6001,4.0697,3.0043,3.0829,2.9756,51.5308,12.1703,7.5827,13.272,0.3595,0.0281,107.8433,5.6934,0.6058,2.9758,0.0175,0.0993,2.764,0.282,5.9204,110.1128,3.1823,3.7002,0.2261
18-Jul-18,4.0615,5.2944,4.7197,3.5931,4.0518,2.986,3.0669,2.9688,51.7425,12.1885,7.593,13.2571,0.3589,0.0282,108.2966,5.714,0.6047,2.9904,0.0176,0.0996,2.7439,0.287,5.9221,110.5727,3.1957,3.7014,0.2271
19-Jul-18,4.0655,5.2896,4.7213,3.5999,4.061,2.9936,3.0755,2.9665,51.7948,12.1612,7.587,13.2453,0.3573,0.0281,108.4032,5.6908,0.6006,2.9934,0.0176,0.0997,2.7446,0.2837,5.8957,110.6816,3.1505,3.6849,0.2269
20-Jul-18,4.0615,5.2852,4.728,3.612,4.0643,2.9915,3.0648,2.9703,51.7484,12.1556,7.599,13.2374,0.3578,0.028,108.2966,5.6757,0.5988,2.9773,0.0176,0.0996,2.7462,0.2858,5.8995,110.5727,3.1437,3.6872,0.2269
23-Jul-18,4.062,5.3306,4.755,3.6563,4.0966,3.0081,3.0897,2.9784,51.7591,12.1489,7.5981,13.2377,0.3581,0.028,108.3099,5.6877,0.598,2.9777,0.0175,0.0996,2.7664,0.2815,5.906,110.5863,3.1441,3.6912,0.2268
24-Jul-18,4.0655,5.3315,4.7505,3.6549,4.0884,2.9993,3.0861,2.977,51.8159,12.154,7.615,13.2332,0.3584,0.028,108.4047,5.7128,0.5961,2.9927,0.0175,0.0997,2.7591,0.2804,5.892,110.6816,3.1483,3.6825,0.2273
25-Jul-18,4.06,5.3421,4.7486,3.6509,4.0907,3.0121,3.0912,2.9812,51.7461,12.1885,7.6194,13.2784,0.3611,0.0281,108.2566,5.7043,0.5995,2.9914,0.0175,0.0995,2.7649,0.279,5.905,110.5318,3.144,3.6906,0.2267
26-Jul-18,4.062,5.3537,4.7578,3.6689,4.091,3.0177,3.1141,2.9831,51.7587,12.1945,7.6049,13.2954,0.3629,0.0281,108.3099,5.7078,0.5989,3.0052,0.0175,0.0997,2.7735,0.2799,5.9131,110.5863,3.149,3.6958,0.2267
27-Jul-18,4.066,5.3232,4.7273,3.6566,4.0788,2.9977,3.1112,2.983,51.8057,12.2139,7.6251,13.2776,0.3636,0.0282,108.4165,5.7163,0.5955,2.9956,0.0175,0.0996,2.7504,0.2806,5.9176,110.6952,3.1674,3.6985,0.2272
30-Jul-18,4.0645,5.3355,4.7459,3.6592,4.0919,3.0057,3.1112,2.9839,51.7863,12.1984,7.6314,13.2762,0.3631,0.0282,108.3751,5.6925,0.5953,2.9997,0.0175,0.0995,2.7628,0.2803,5.9189,110.6543,3.3033,3.6982,0.2273
31-Jul-18,4.065,5.3447,4.7666,3.6443,4.1152,3.0172,3.1155,2.9858,51.7881,12.2145,7.6539,13.2665,0.3629,0.0282,108.3899,5.7043,0.5953,3.0005,0.0175,0.0997,2.7707,0.2794,5.9267,110.668,3.3111,3.7042,0.2274
1-Aug-18,4.0675,5.3337,4.7515,3.6315,4.0989,3.013,3.1243,2.986,51.8186,12.2626,7.6702,13.284,0.3632,0.0282,108.4551,5.7143,0.598,3.0033,0.0175,0.0996,2.7645,0.2794,5.9336,110.736,3.3094,3.7085,0.2279
2-Aug-18,4.0745,5.3307,4.735,3.6521,4.097,3.0039,3.1294,2.9829,51.9074,12.2551,7.6718,13.2677,0.3609,0.0281,108.6432,5.7169,0.5962,3.0054,0.0175,0.0997,2.7544,0.2796,5.9423,110.9266,3.3156,3.7139,0.2282
3-Aug-18,4.0825,5.305,4.7273,3.6542,4.1036,3.0039,3.1348,2.9799,52.0123,12.2451,7.6862,13.2985,0.362,0.0282,108.8551,5.7147,0.5941,2.9972,0.0175,0.1,2.7504,0.2785,5.9378,111.1444,3.3221,3.711,0.2284
6-Aug-18,4.0795,5.2887,4.7149,3.6678,4.0979,3.0166,3.1347,2.9842,51.9735,12.2406,7.7103,13.3154,0.3629,0.0282,108.7765,5.6968,0.5961,3.0026,0.0175,0.0999,2.7488,0.2792,5.936,111.0627,3.3141,3.71,0.2286
7-Aug-18,4.0765,5.286,4.7238,3.6633,4.096,3.0305,3.1442,2.9855,51.9342,12.2638,7.6973,13.3363,0.3633,0.0282,108.6965,5.6865,0.597,2.9936,0.0175,0.0995,2.7531,0.28,5.9316,110.981,3.3086,3.7073,0.2284
8-Aug-18,4.0735,5.2573,4.7206,3.671,4.088,3.0197,3.1144,2.9863,51.8927,12.2631,7.6743,13.3034,0.3638,0.0282,108.6165,5.6961,0.5958,3.0002,0.0175,0.0998,2.7459,0.2769,5.9301,110.8994,3.3063,3.7062,0.2277
9-Aug-18,4.0745,5.249,4.723,3.6664,4.0991,3.0259,3.1312,2.9896,51.9068,12.2763,7.6848,13.2989,0.3642,0.0283,108.6432,5.6934,0.5973,3.0051,0.0175,0.0996,2.711,0.2774,5.9367,110.9266,3.3124,3.7105,0.2282
10-Aug-18,4.0865,5.2131,4.6819,3.6858,4.1097,2.9831,3.1159,2.9799,52.0577,12.2791,7.6843,13.2994,0.3621,0.0282,108.9632,5.7122,0.596,3.0027,0.0176,0.0998,2.693,0.2786,5.9276,111.2563,3.3254,3.7047,0.2288
13-Aug-18,4.0925,5.2212,4.6583,3.7078,4.1139,2.9761,3.111,2.9743,52.1351,12.3046,7.6782,13.2684,0.3611,0.028,109.1188,5.6936,0.5949,2.995,0.0176,0.1,2.6941,0.2765,5.8737,111.4166,3.3313,3.6711,0.2285
14-Aug-18,4.0975,5.2321,4.665,3.6899,4.1256,2.9725,3.1273,2.9815,52.1968,12.3168,7.6617,13.2941,0.3629,0.0281,109.2492,5.6856,0.595,2.9924,0.0176,0.1001,2.7003,0.2759,5.8585,111.5528,3.3339,3.6616,0.2288
15-Aug-18,4.102,5.2141,4.6451,3.6857,4.1133,2.9641,3.1368,2.9728,52.2544,12.3035,7.6616,13.2985,0.3621,0.0281,109.3692,5.6954,0.5937,2.9907,0.0176,0.1003,2.6872,0.272,5.8667,111.6753,3.347,3.6677,0.229
16-Aug-18,4.1015,5.2128,4.6683,3.7019,4.1298,2.981,3.125,2.9806,52.2514,12.3279,7.6735,13.3161,0.3627,0.0281,109.3529,5.6739,0.5946,2.9903,0.0176,0.1003,2.7004,0.2693,5.8335,111.6617,3.3534,3.6459,0.2287
17-Aug-18,4.103,5.217,4.6762,3.7054,4.1182,2.986,3.1221,2.9866,52.2692,12.3547,7.6965,13.3292,0.3651,0.0281,109.3987,5.6866,0.5964,2.9969,0.0176,0.1003,2.7096,0.2763,5.8489,111.7025,3.3478,3.6552,0.2292
20-Aug-18,4.098,5.2192,4.6746,3.7034,4.1136,2.9942,3.1367,2.9873,52.2045,12.39,7.6806,13.3216,0.3652,0.0281,109.2654,5.6881,0.5979,2.9872,0.0176,0.1017,2.7108,0.2705,5.8835,111.5664,3.3437,3.6772,0.2287
21-Aug-18,4.096,5.256,4.7241,3.7174,4.1491,3.0157,3.1454,2.9972,52.18,12.5298,7.6798,13.3461,0.3667,0.0281,109.2136,5.6902,0.599,2.9973,0.0176,0.1001,2.7333,0.2718,5.876,111.5119,3.3451,3.6724,0.2286
23-Aug-18,4.105,5.2856,4.7468,3.7027,4.1762,2.9956,3.1504,2.9959,52.2933,12.5191,7.6729,13.3305,0.3659,0.0281,109.4492,5.739,0.5974,2.9959,0.0176,0.1003,2.7407,0.271,5.8555,111.7569,3.3533,3.6596,0.2297
24-Aug-18,4.1085,5.2726,4.7509,3.6869,4.1728,2.99,3.1413,2.9961,52.3379,12.5412,7.6784,13.3595,0.3677,0.0281,109.5483,5.7392,0.5972,2.9962,0.0176,0.1004,2.7289,0.2668,5.8567,111.8522,3.3527,3.6605,0.2299
27-Aug-18,4.099,5.2639,4.7589,3.687,4.1678,2.9958,3.1455,2.9989,52.2172,12.5775,7.689,13.3396,0.368,0.028,109.295,5.7231,0.6009,2.9989,0.0176,0.1001,2.7353,0.2688,5.8528,111.5936,3.3298,3.658,0.2289
28-Aug-18,4.0955,5.2854,4.788,3.6868,4.1915,3.0083,3.1616,3.0051,52.1723,12.5706,7.6839,13.34,0.3697,0.028,109.1944,5.727,0.6018,3.0051,0.0176,0.1,2.7444,0.2666,5.8313,111.4998,3.328,3.6447,0.2284
29-Aug-18,4.1045,5.285,4.7889,3.6909,4.2016,2.9975,3.1737,3.0043,52.289,12.5482,7.677,13.3667,0.3692,0.028,109.4417,5.7568,0.6014,3.0042,0.0176,0.1011,2.7512,0.2665,5.8207,111.7433,3.3355,3.6379,0.2292
30-Aug-18,4.1105,5.3459,4.8039,3.6841,4.2389,2.9959,3.1795,3.0079,52.3667,12.5627,7.6882,13.3825,0.3703,0.028,109.5987,5.7553,0.6014,3.0079,0.0176,0.1004,2.7359,0.2695,5.806,111.9082,3.3415,3.6288,0.2293
3-Sep-18,4.1283,5.3246,4.7952,3.7198,4.2546,2.9784,3.1639,3.0129,52.6084,12.6207,7.7245,13.4395,0.3714,0.0279,110.1053,5.787,0.6055,3.0129,0.0177,0.1006,2.731,0.269,5.8281,112.4239,3.3545,3.6425,0.2304
4-Sep-18,4.1395,5.3116,4.7875,3.7144,4.2555,2.9697,3.1508,3.0087,52.7375,12.6262,7.7294,13.443,0.3707,0.0277,110.3587,5.8011,0.6059,3.0087,0.0178,0.1018,2.7108,0.2695,5.7992,112.6993,3.3626,3.6245,0.2309
5-Sep-18,4.1475,5.3169,4.7982,3.7187,4.2556,2.9748,3.1467,3.0081,52.8381,12.6333,7.7422,13.4585,0.3692,0.0278,110.5705,5.7857,0.6066,3.0083,0.0178,0.101,2.7179,0.2684,5.7801,112.914,3.3664,3.6125,0.2316
6-Sep-18,4.1455,5.3643,4.8235,3.7228,4.2755,2.9831,3.1479,3.0149,52.8113,12.6426,7.7054,13.4798,0.3702,0.0278,110.526,5.7885,0.6067,3.0151,0.0178,0.1013,2.7348,0.2683,5.7716,112.8595,3.3672,3.6073,0.2311
7-Sep-18,4.1445,5.364,4.8261,3.7432,4.2946,2.967,3.1553,3.0135,52.7985,12.6405,7.7064,13.4756,0.3693,0.028,110.4935,5.7982,0.6059,3.0135,0.0178,0.1023,2.7279,0.2691,5.7755,112.8323,3.3668,3.6097,0.2317
12-Sep-18,4.1445,5.3976,4.8024,3.7175,4.2532,2.9519,3.1744,3.0122,52.8022,12.6357,7.6566,13.4507,0.3675,0.0279,110.4905,5.7899,0.6035,3.0122,0.0178,0.1007,2.7039,0.2674,5.728,112.8354,3.3657,3.5799,0.2312
13-Sep-18,4.1465,5.4081,4.8162,3.7188,4.2732,2.9797,3.1881,3.0222,52.8297,12.7037,7.6603,13.4631,0.3696,0.0279,110.5527,5.7911,0.6056,3.0221,0.0178,0.1007,2.7176,0.2667,5.756,112.8868,3.3643,3.5899,0.2315
14-Sep-18,4.1385,5.4353,4.8439,3.7005,4.2922,2.9822,3.183,3.0239,52.7322,12.7104,7.6681,13.4596,0.3702,0.028,110.3394,5.793,0.6039,3.0239,0.0178,0.1006,2.7279,0.2667,5.7675,112.669,3.3625,3.6047,0.2311
18-Sep-18,4.1445,5.445,4.8439,3.7016,4.3147,2.9863,3.1818,3.0253,52.8366,12.721,7.6651,13.4501,0.3686,0.0279,110.5067,5.8044,0.6035,3.0253,0.0178,0.1007,2.7327,0.2648,5.7211,112.8323,3.3632,3.5756,0.2314
19-Sep-18,4.1435,5.4678,4.8487,3.6874,4.2929,3.0022,3.1994,3.0264,52.8171,12.7728,7.6653,13.4593,0.3695,0.0279,110.4786,5.8062,0.6047,3.0263,0.0178,0.1006,2.7374,0.2614,5.6932,112.8082,3.3627,3.5582,0.231
20-Sep-18,4.1375,5.4574,4.8376,3.6858,4.2818,3.0047,3.2017,3.0225,52.7436,12.7701,7.6436,13.4376,0.3686,0.0279,110.3186,5.8017,0.6033,3.0224,0.0177,0.1005,2.7531,0.2511,5.7179,112.6448,3.3578,3.573,0.2309
21-Sep-18,4.128,5.4558,4.8682,3.6643,4.3203,3.0124,3.198,3.0285,52.8313,12.7486,7.6331,13.4904,0.3699,0.0279,110.0668,5.7961,0.6035,3.0285,0.0177,0.1004,2.7645,0.254,5.7175,112.3862,3.3501,3.5734,0.2304
24-Sep-18,4.133,5.4221,4.8635,3.6681,4.3086,3.0059,3.194,3.0286,52.9231,12.7483,7.6212,13.4768,0.3698,0.0278,110.2133,5.8075,0.6027,3.0287,0.0177,0.1015,2.7575,0.2599,5.6897,112.5192,3.3561,3.556,0.2307
25-Sep-18,4.136,5.4359,4.8641,3.6642,4.2794,2.9953,3.1896,3.0275,52.9608,12.7458,7.6071,13.475,0.3694,0.0277,110.2801,5.8082,0.6012,3.0275,0.0177,0.1007,2.7475,0.2575,5.6825,112.6009,3.357,3.5516,0.2309
26-Sep-18,4.141,5.4541,4.8729,3.6687,4.2896,3.006,3.1974,3.0343,53.0102,12.7631,7.6226,13.5027,0.3711,0.0278,110.4178,5.8138,0.6024,3.0338,0.0177,0.1013,2.7569,0.2585,5.7033,112.7401,3.3616,3.5645,0.2309
27-Sep-18,4.14,5.4333,4.8486,3.6723,4.2685,2.9945,3.1705,3.0331,52.9727,12.7738,7.6454,13.5502,0.3725,0.0278,110.3941,5.8091,0.6019,3.0331,0.0177,0.1012,2.749,0.262,5.6997,112.7098,3.3623,3.5624,0.2311
28-Sep-18,4.1365,5.407,4.8041,3.6447,4.2334,2.9863,3.1783,3.0251,52.8677,12.7921,7.6573,13.5614,0.3732,0.0278,110.2993,5.7996,0.6009,3.0251,0.0177,0.1009,2.7338,0.2652,5.6992,112.6145,3.3572,3.562,0.2308
1-Oct-18,4.1425,5.4097,4.8086,3.6352,4.2079,2.9886,3.2333,3.0227,52.9177,12.8529,7.6522,13.5766,0.373,0.0278,110.4608,5.7798,0.6031,3.0227,0.0178,0.101,2.7384,0.2673,5.6891,112.7779,3.3635,3.5556,0.2308
2-Oct-18,4.143,5.3731,4.77,3.6459,4.2144,2.9693,3.2281,3.0102,52.8636,12.7999,7.6369,13.5092,0.3695,0.0275,110.48,5.7827,0.6032,3.0102,0.0178,0.101,2.7261,0.2708,5.6812,112.7915,3.3575,3.5512,0.2313
3-Oct-18,4.139,5.3877,4.7911,3.6356,4.1997,2.9637,3.226,3.0113,52.8223,12.7905,7.6267,13.4852,0.3697,0.0275,110.3733,5.7596,0.6026,3.0113,0.0177,0.1009,2.7185,0.2723,5.6513,112.6826,3.3588,3.532,0.2307
4-Oct-18,4.147,5.3749,4.7635,3.6274,4.1807,2.9338,3.219,3.0026,52.9295,12.7228,7.6337,13.442,0.3669,0.0273,110.5837,5.7777,0.6037,3.0026,0.0178,0.1011,2.6904,0.2728,5.6303,112.9004,3.3645,3.5189,0.2311
5-Oct-18,4.1465,5.4041,4.7654,3.6422,4.1713,2.9293,3.2056,3.0003,52.9275,12.6225,7.644,13.4208,0.367,0.0273,110.5704,5.7649,0.6037,3.0001,0.0178,0.1011,2.6807,0.2721,5.6304,112.8868,3.3649,3.5191,0.2318
8-Oct-18,4.155,5.4248,4.7674,3.6677,4.1879,2.9307,3.1957,2.9979,53.0668,12.5947,7.6689,13.4106,0.3651,0.0273,110.7911,5.7804,0.6,2.9979,0.0178,0.1028,2.6781,0.2689,5.6097,113.1182,3.3735,3.506,0.232
9-Oct-18,4.1545,5.4276,4.7685,3.6715,4.1806,2.9395,3.2033,2.999,53.0357,12.5932,7.668,13.4163,0.3659,0.0273,110.7778,5.7797,0.6004,2.999,0.0178,0.1028,2.6757,0.2621,5.5974,113.1046,3.2303,3.4984,0.2317
10-Oct-18,4.153,5.456,4.7703,3.6691,4.1821,2.9451,3.2046,3.003,52.9939,12.6059,7.6624,13.389,0.3651,0.0273,110.7245,5.7702,0.6,3.0032,0.0178,0.1033,2.6816,0.2635,5.5936,113.0637,3.1448,3.4961,0.2313
11-Oct-18,4.159,5.487,4.802,3.705,4.2061,2.9473,3.1865,3.0108,53.0705,12.6779,7.6805,13.3661,0.3638,0.0273,110.8771,5.7911,0.6003,3.0107,0.0178,0.1017,2.6961,0.2663,5.607,113.2271,3.1522,3.5044,0.2322
12-Oct-18,4.1545,5.4914,4.8138,3.7009,4.195,2.9588,3.1907,3.0163,53.0218,12.6894,7.6836,13.4629,0.3665,0.0273,110.763,5.8017,0.6001,3.0163,0.0178,0.1015,2.7104,0.2605,5.6376,113.1046,3.1764,3.5235,0.2317
15-Oct-18,4.1565,5.4594,4.8101,3.7226,4.2023,2.9659,3.1926,3.0178,53.0315,12.6916,7.6794,13.4615,0.367,0.0273,110.7647,5.8077,0.6002,3.0178,0.0178,0.1023,2.7154,0.2622,5.6127,113.1621,3.1605,3.5079,0.2321
16-Oct-18,4.1525,5.479,4.8121,3.7038,4.2053,2.9568,3.2001,3.0166,52.9835,12.726,7.6955,13.4819,0.3692,0.0273,110.7053,5.8046,0.6002,3.0168,0.0178,0.1015,2.7294,0.2628,5.6403,113.0501,3.1625,3.5252,0.2316
17-Oct-18,4.1505,5.4558,4.8003,3.699,4.1878,2.9678,3.2068,3.0206,52.9485,12.7786,7.7018,13.4529,0.3688,0.0274,110.649,5.7993,0.5993,3.0206,0.0178,0.1015,2.7335,0.2619,5.6466,112.9987,3.1319,3.529,0.2316
18-Oct-18,4.158,5.4507,4.7892,3.6939,4.1844,2.9692,3.1906,3.018,53.0411,12.7624,7.7129,13.4394,0.3666,0.0274,110.8386,5.7997,0.5993,3.0177,0.0178,0.1018,2.731,0.2623,5.6502,113.2029,3.1378,3.5309,0.2317
19-Oct-18,4.158,5.42,4.7605,3.6981,4.1739,2.9572,3.186,3.0145,53.0374,12.7487,7.7394,13.4491,0.3671,0.0274,110.8209,5.7927,0.6,3.0145,0.0178,0.1015,2.7351,0.2627,5.6604,113.2029,3.1376,3.5378,0.2321
22-Oct-18,4.159,5.4279,4.7895,3.6882,4.1719,2.9562,3.1787,3.0199,53.0522,12.6934,7.7334,13.4639,0.3677,0.0274,110.8476,5.7823,0.5995,3.0199,0.0178,0.1016,2.7395,0.2632,5.6705,113.2271,3.139,3.5441,0.2317
23-Oct-18,4.1635,5.4092,4.7741,3.7096,4.1842,2.9473,3.179,3.0204,53.1096,12.7052,7.741,13.4415,0.3661,0.0274,110.9675,5.7923,0.6002,3.0204,0.0178,0.1026,2.73,0.2635,5.6569,113.3511,3.1318,3.5356,0.232
24-Oct-18,4.164,5.3855,4.7538,3.7015,4.1755,2.9487,3.179,3.0186,53.1034,12.6604,7.7484,13.4531,0.3674,0.0274,111.0015,5.7881,0.5999,3.0186,0.0178,0.1018,2.7249,0.2635,5.6862,113.3632,3.1782,3.5538,0.2325
25-Oct-18,4.172,5.384,4.76,3.7155,4.1808,2.9504,3.2022,3.0234,53.2173,12.6693,7.759,13.4655,0.3666,0.0275,111.2281,5.7861,0.6003,3.0234,0.0179,0.1019,2.7208,0.264,5.6956,113.581,3.1794,3.5597,0.2325
26-Oct-18,4.175,5.3536,4.7507,3.7277,4.1737,2.9369,3.1778,3.0205,53.2502,12.6391,7.7921,13.4704,0.3659,0.0274,111.3007,5.7894,0.6011,3.0205,0.0179,0.1021,2.7021,0.2651,5.6962,113.6627,3.129,3.5602,0.2331
29-Oct-18,4.18,5.355,4.7583,3.734,4.1817,2.9647,3.1899,3.023,53.2936,12.5847,7.7949,13.4878,0.3658,0.0275,111.437,5.7839,0.6006,3.0232,0.0179,0.1038,2.7346,0.2624,5.6919,113.7988,3.1255,3.5574,0.2333
30-Oct-18,4.179,5.341,4.7544,3.7036,4.1671,2.9629,3.1869,3.0204,53.2689,12.5713,7.8025,13.5029,0.3672,0.0275,111.4103,5.79,0.6004,3.0203,0.0179,0.1024,2.7356,0.2628,5.6807,113.7716,3.1266,3.5504,0.2327
31-Oct-18,4.184,5.3333,4.7503,3.6989,4.1686,2.966,3.1888,3.0208,53.3282,12.6252,7.8359,13.526,0.3673,0.0275,111.5436,5.783,0.6001,3.0208,0.0179,0.1026,2.737,0.2602,5.6636,113.9108,3.1279,3.5398,0.2335
1-Nov-18,4.181,5.3973,4.7574,3.7038,4.1689,2.9905,3.1884,3.0289,53.3342,12.6851,7.8583,13.5729,0.3697,0.0276,111.4636,5.7787,0.6019,3.0289,0.0179,0.1027,2.7634,0.2605,5.685,113.826,3.1275,3.5532,0.2333
2-Nov-18,4.1665,5.4265,4.7623,3.6909,4.1644,3.0143,3.1915,3.0333,53.173,12.6911,7.8502,13.6441,0.3724,0.0279,111.077,5.7754,0.6041,3.0334,0.0179,0.1026,2.777,0.262,5.7315,113.4343,3.1171,3.5822,0.2326
5-Nov-18,4.1755,5.4225,4.7526,3.6878,4.1558,3.0059,3.1853,3.0342,53.2909,12.6684,7.8391,13.5926,0.3715,0.0279,111.3155,5.807,0.6028,3.0342,0.0179,0.1028,2.7784,0.2618,5.7191,113.6794,3.1234,3.5745,0.2332
7-Nov-18,4.1705,5.483,4.785,3.6855,4.1755,3.0334,3.1814,3.0434,53.2542,12.7014,7.8905,13.6029,0.3721,0.0286,111.1792,5.7895,0.6025,3.0433,0.0179,0.1041,2.8236,0.2631,5.7481,113.5432,3.1214,3.5706,0.2327
8-Nov-18,4.1605,5.4646,4.7559,3.659,4.1522,3.0315,3.1774,3.0358,53.1486,12.6536,7.9007,13.5764,0.3732,0.0286,110.9171,5.7927,0.6001,3.0359,0.0178,0.1022,2.8225,0.263,5.7462,113.2679,3.1139,3.5621,0.2318
9-Nov-18,4.1775,5.433,4.7335,3.6714,4.1443,3.0235,3.1661,3.0322,53.3634,12.6495,7.8739,13.5796,0.3702,0.0284,111.3703,5.7984,0.6013,3.0322,0.0179,0.1035,2.8152,0.2627,5.7512,113.7307,3.1177,3.5945,0.2333
12-Nov-18,4.188,5.3862,4.7161,3.6738,4.1515,3.0147,3.1719,3.0283,53.463,12.6373,7.87,13.582,0.3686,0.0283,111.6502,5.7988,0.6012,3.0283,0.018,0.1031,2.8133,0.2626,5.7395,114.0197,3.1161,3.5872,0.2336
13-Nov-18,4.1925,5.4113,4.7096,3.6742,4.1504,3.0171,3.1671,3.0307,53.5365,12.6911,7.9014,13.5658,0.3697,0.0283,111.7702,5.7824,0.6026,3.0306,0.018,0.1035,2.8253,0.2612,5.7704,114.1391,3.1523,3.6065,0.2336
14-Nov-18,4.1955,5.4405,4.7329,3.6862,4.1608,3.0191,3.1681,3.0369,53.5629,12.7136,7.8952,13.5645,0.3692,0.0284,111.8248,5.7874,0.6035,3.0371,0.018,0.1052,2.8439,0.2612,5.8128,114.2239,3.1217,3.6329,0.2343
15-Nov-18,4.1905,5.4028,4.7441,3.6947,4.1676,3.0515,3.1695,3.0453,53.5096,12.7197,7.9463,13.5736,0.3713,0.0286,111.705,5.7851,0.6042,3.0452,0.018,0.1034,2.8554,0.2611,5.8214,114.0846,3.1173,3.6384,0.234
16-Nov-18,4.19,5.3588,4.7548,3.6964,4.1607,3.0459,3.1849,3.0447,53.4954,12.7047,7.9461,13.5616,0.3705,0.0287,111.6738,5.7892,0.6031,3.0447,0.018,0.1034,2.8549,0.2619,5.8346,114.071,3.1169,3.6466,0.2339
19-Nov-18,4.189,5.3904,4.7832,3.7132,4.1934,3.0638,3.1843,3.052,53.486,12.7248,7.976,13.5575,0.3719,0.0287,111.6427,5.7905,0.6033,3.052,0.018,0.1033,2.867,0.2628,5.8473,114.0469,3.1163,3.6545,0.2336
21-Nov-18,4.195,5.369,4.7833,3.717,4.2207,3.0391,3.1579,3.0538,53.5657,12.7198,8.0195,13.5818,0.3711,0.0287,111.8055,5.8204,0.6047,3.0539,0.018,0.1041,2.8627,0.2638,5.8832,114.2103,3.1208,3.6692,0.2341
22-Nov-18,4.195,5.3635,4.7836,3.7158,4.2203,3.0378,3.1685,3.0545,53.5668,12.7083,8.0134,13.5671,0.3712,0.0288,111.81,5.8126,0.6048,3.0545,0.018,0.1038,2.8492,0.2638,5.9001,114.2072,3.1208,3.6876,0.2342
23-Nov-18,4.1975,5.3875,4.7726,3.719,4.2141,3.0369,3.1758,3.0529,53.6281,12.7081,7.9998,13.5723,0.3703,0.0289,111.8767,5.816,0.6044,3.0531,0.018,0.1046,2.8535,0.2635,5.9408,114.2783,3.1226,3.712,0.2346
26-Nov-18,4.191,5.38,4.7652,3.6992,4.2068,3.0441,3.177,3.052,53.5786,12.6962,8.0042,13.5791,0.3715,0.029,111.7004,5.807,0.6042,3.052,0.018,0.1043,2.8503,0.2636,5.9407,114.1014,3.1172,3.713,0.2334
27-Nov-18,4.189,5.341,4.7378,3.6873,4.1903,3.0284,3.1579,3.0453,53.5294,12.6863,7.9593,13.5566,0.3709,0.0289,111.6441,5.7993,0.6028,3.0454,0.0179,0.1036,2.841,0.2626,5.915,114.0438,3.1151,3.6969,0.2333
28-Nov-18,4.1975,5.3552,4.7367,3.6877,4.2002,3.0361,3.1509,3.0462,53.6199,12.7081,7.9922,13.5925,0.3722,0.0289,111.8767,5.7971,0.6037,3.0462,0.018,0.1038,2.8545,0.264,5.941,114.2752,3.122,3.7131,0.2338
29-Nov-18,4.1875,5.3562,4.7637,3.6945,4.2145,3.0657,3.1532,3.0545,53.5325,12.7154,7.9914,13.5971,0.3736,0.0291,111.6131,5.7774,0.6028,3.0545,0.018,0.1036,2.8772,0.263,5.9946,114.003,3.1146,3.7465,0.2338
30-Nov-18,4.188,5.3617,4.7689,3.6926,4.2067,3.0629,3.1496,3.0564,53.5444,12.7295,7.9901,13.6014,0.3734,0.0293,111.622,5.7933,0.6032,3.0562,0.018,0.1036,2.8759,0.2649,6.0013,114.0166,3.0025,3.7508,0.2338
3-Dec-18,4.1675,5.3377,4.7382,3.6752,4.1796,3.0802,3.1649,3.0505,53.2935,12.7135,7.9669,13.5878,0.3755,0.0293,111.0771,5.7646,0.6053,3.0508,0.0179,0.1031,2.8872,0.2673,5.9421,113.4585,2.9988,3.7139,0.2326
4-Dec-18,4.1495,5.3026,4.7213,3.6741,4.1653,3.0636,3.1502,3.0419,53.1643,12.678,7.8933,13.537,0.375,0.029,110.6002,5.7367,0.6066,3.0419,0.0178,0.1027,2.8878,0.2739,5.8887,112.9684,2.9837,3.6804,0.2317
5-Dec-18,4.1545,5.2883,4.7102,3.6761,4.1582,3.0311,3.1277,3.038,53.1916,12.701,7.8773,13.4961,0.3732,0.0289,110.7365,5.7645,0.6052,3.038,0.0178,0.1025,2.8776,0.2733,5.8919,113.1046,2.9785,3.6824,0.2316
6-Dec-18,4.1625,5.298,4.718,3.6897,4.1702,3.0093,3.1038,3.0374,53.2694,12.6828,7.882,13.4918,0.3716,0.0287,110.9541,5.7656,0.6044,3.0375,0.0178,0.1027,2.8601,0.2712,5.8573,113.3254,2.9793,3.6608,0.232
7-Dec-18,4.166,5.3108,4.7397,3.6924,4.1958,3.0091,3.1117,3.0419,53.3142,12.6896,7.8991,13.4971,0.372,0.0288,111.0445,5.764,0.6054,3.0421,0.0179,0.1045,2.8662,0.267,5.8904,113.4176,2.9818,3.6815,0.2326
10-Dec-18,4.1725,5.3064,4.7621,3.7018,4.2144,3.0098,3.1329,3.0441,53.4015,12.7172,7.898,13.5032,0.3697,0.0287,111.2163,5.7812,0.6035,3.0441,0.0179,0.1049,2.8721,0.2683,5.85,113.5946,2.9849,3.6562,0.233
11-Dec-18,4.1835,5.2762,4.7606,3.7002,4.2373,3.0094,3.119,3.0474,53.5265,12.7468,7.9218,13.5538,0.3697,0.0287,111.5095,5.7961,0.606,3.0474,0.018,0.1035,2.8724,0.2661,5.8221,113.8941,2.9927,3.6388,0.2334
12-Dec-18,4.1865,5.2453,4.741,3.6894,4.2173,3.0168,3.1303,3.0473,53.554,12.7657,7.9425,13.56,0.3707,0.0287,111.5894,5.7947,0.6077,3.0475,0.018,0.1036,2.8686,0.263,5.815,113.982,2.9938,3.6344,0.2338
13-Dec-18,4.18,5.2988,4.7585,3.6846,4.2135,3.0249,3.1321,3.0512,53.5246,12.7868,7.9324,13.5521,0.3719,0.0288,111.4191,5.7737,0.6082,3.0513,0.0179,0.1035,2.8712,0.2637,5.8331,113.805,2.9891,3.6457,0.2333
14-Dec-18,4.1855,5.2626,4.7277,3.6851,4.2029,2.9951,3.1254,3.042,53.5638,12.7529,7.8778,13.5512,0.369,0.0287,111.5821,5.7933,0.6063,3.042,0.018,0.1038,2.8374,0.2659,5.818,113.9485,2.9931,3.6367,0.2331
17-Dec-18,4.181,5.2693,4.7344,3.6868,4.1942,3.0011,3.1259,3.0417,53.5048,12.7499,7.8812,13.5612,0.3696,0.0287,111.4651,5.7656,0.6061,3.0417,0.0179,0.105,2.8483,0.2634,5.8399,113.826,2.9898,3.6488,0.2328
18-Dec-18,4.1775,5.2802,4.7496,3.7142,4.2097,3.0049,3.1158,3.0473,53.4231,12.7518,7.8769,13.5582,0.3699,0.0288,111.3777,5.7762,0.6056,3.0473,0.0179,0.1033,2.872,0.2644,5.8925,113.7354,2.9873,3.6813,0.2331
19-Dec-18,4.179,5.2883,4.7641,3.7191,4.2148,3.0057,3.1006,3.0524,53.4075,12.7798,7.8708,13.5651,0.3711,0.0289,111.3999,5.7914,0.606,3.0525,0.0179,0.1034,2.8664,0.2662,5.9473,113.7778,2.9879,3.7168,0.233
20-Dec-18,4.181,5.2952,4.7785,3.7379,4.2177,2.9765,3.1012,3.0526,53.402,12.7781,7.8679,13.5795,0.3716,0.0289,111.4488,5.7935,0.606,3.0522,0.0179,0.1034,2.8238,0.2658,5.97,113.826,2.9893,3.7314,0.2333
21-Dec-18,4.179,5.2948,4.7827,3.7613,4.233,2.9671,3.0912,3.0518,53.3802,12.7955,7.9035,13.5834,0.3721,0.0287,111.3376,5.8053,0.6053,3.0519,0.0179,0.1033,2.8208,0.2669,5.9465,113.7716,2.9879,3.7162,0.2333
24-Dec-18,4.1845,5.2993,4.7699,3.771,4.2085,2.9563,3.083,3.0465,53.4238,12.8398,7.8953,13.5927,0.3721,0.0287,111.5183,5.8054,0.6067,3.0465,0.018,0.1035,2.8187,0.2675,5.9804,113.9213,2.9918,3.7378,0.2332
26-Dec-18,4.177,5.3017,4.7586,3.7799,4.2243,2.9467,3.072,3.0469,53.3427,12.8247,7.8856,13.5467,0.3712,0.0287,111.3421,5.795,0.6067,3.0469,0.018,0.1033,2.812,0.2695,5.9595,113.7171,2.987,3.7246,0.2331
27-Dec-18,4.169,5.2771,4.75,3.7608,4.202,2.9398,3.0629,3.0365,53.2252,12.8041,7.9123,13.5447,0.3721,0.0286,111.12,5.7864,0.6074,3.0364,0.018,0.1034,2.7991,0.269,5.9316,113.4993,2.9813,3.7073,0.2326
28-Dec-18,4.1575,5.2603,4.7635,3.7657,4.2197,2.9317,3.0552,3.0403,53.0947,12.7727,7.8935,13.564,0.3724,0.0286,110.8179,5.765,0.6053,3.0403,0.0179,0.1046,2.7889,0.27,5.9355,113.1862,2.972,3.7097,0.2324
31-Dec-18,4.136,5.2672,4.7279,3.7569,4.1977,2.9227,3.0374,3.0355,52.8154,12.693,7.8766,13.5591,0.3714,0.0288,110.2507,5.7523,0.6013,3.0355,0.0178,0.1026,2.7782,0.2686,5.9278,112.6009,2.9587,3.7051,0.2308
2-Jan-19,4.138,5.2613,4.737,3.7979,4.216,2.904,3.0388,3.0354,52.7978,12.8151,7.8729,13.4403,0.3695,0.0286,110.3084,5.7551,0.6037,3.0357,0.0178,0.1041,2.7762,0.2683,5.9144,112.6554,2.9602,3.6965,0.2308
3-Jan-19,4.141,5.2042,4.7125,3.8469,4.2,2.8846,3.0411,3.0328,52.8657,12.8742,7.8801,13.3991,0.3673,0.0287,110.3958,5.7586,0.6026,3.0328,0.0178,0.1034,2.7536,0.2689,5.8925,112.737,2.9612,3.6825,0.231
4-Jan-19,4.139,5.2443,4.7218,3.8312,4.1973,2.9101,3.0805,3.039,52.8395,12.9243,7.8846,13.4131,0.3685,0.029,110.3483,5.7423,0.6031,3.0388,0.0178,0.1039,2.7706,0.2684,5.9266,112.6826,2.9598,3.7038,0.2311
7-Jan-19,4.116,5.2388,4.7054,3.8042,4.1827,2.9372,3.0806,3.0319,52.5174,12.8665,7.8445,13.3589,0.3677,0.0292,109.7351,5.7243,0.6008,3.0319,0.0177,0.1032,2.7812,0.268,5.8938,112.0564,2.9434,3.6837,0.2297
8-Jan-19,4.1195,5.2645,4.7162,3.7823,4.2008,2.9389,3.1026,3.0327,52.55,12.8393,7.8534,13.3555,0.3661,0.0291,109.827,5.7378,0.601,3.0325,0.0178,0.1036,2.7765,0.2696,5.8822,112.1517,2.9459,3.6752,0.2299
9-Jan-19,4.1125,5.2508,4.7144,3.7773,4.1951,2.9431,3.1066,3.0311,52.456,12.8435,7.8528,13.3562,0.367,0.0291,109.6374,5.7308,0.6022,3.0311,0.0177,0.1034,2.7805,0.2683,5.8304,111.9611,2.9403,3.6441,0.2294
10-Jan-19,4.0975,5.2243,4.724,3.7924,4.1989,2.9404,3.0941,3.0306,52.267,12.8368,7.8541,13.3092,0.366,0.0292,109.2375,5.7081,0.6043,3.0306,0.0177,0.1022,2.7781,0.2683,5.802,111.5528,2.9296,3.6263,0.2283
11-Jan-19,4.094,5.2151,4.7202,3.7804,4.1686,2.9546,3.105,3.0311,52.2111,12.8258,7.8723,13.3177,0.3675,0.0291,109.134,5.7225,0.6072,3.031,0.0176,0.1018,2.7968,0.2686,5.8079,111.4575,2.9271,3.6296,0.2284
14-Jan-19,4.0995,5.257,4.7042,3.7888,4.1734,2.9484,3.0884,3.0281,52.2722,12.827,7.8519,13.2894,0.3654,0.029,109.2879,5.7366,0.6064,3.0276,0.0177,0.1017,2.7893,0.2693,5.7913,111.6072,2.9312,3.6195,0.2284
15-Jan-19,4.0985,5.2772,4.6973,3.7745,4.169,2.9554,3.0909,3.0311,52.2531,12.858,7.8787,13.2986,0.3656,0.0291,109.2569,5.7258,0.6067,3.0312,0.0177,0.103,2.8017,0.2698,5.7652,111.58,2.9301,3.6032,0.2283
16-Jan-19,4.11,5.2879,4.6944,3.7868,4.1618,2.9592,3.1008,3.0348,52.3874,12.9694,7.8683,13.3225,0.3664,0.0291,109.5708,5.7348,0.6086,3.0342,0.0177,0.1031,2.7995,0.2695,5.7728,111.8931,2.9383,3.6078,0.229
17-Jan-19,4.111,5.2898,4.6847,3.778,4.145,2.9449,3.0938,3.032,52.4092,12.9603,7.8469,13.3217,0.3662,0.029,109.5974,5.7251,0.6072,3.032,0.0177,0.1025,2.7696,0.2676,5.7702,111.9203,2.9391,3.6065,0.2293
18-Jan-19,4.1125,5.3222,4.686,3.7562,4.1367,2.952,3.0986,3.0332,52.4269,12.9855,7.8259,13.3406,0.3666,0.029,109.6404,5.7313,0.6072,3.0337,0.0177,0.1034,2.7776,0.2667,5.78,111.9611,2.9402,3.6125,0.2299
22-Jan-19,4.1315,5.3245,4.6932,3.7758,4.1433,2.9464,3.0987,3.0371,52.6557,12.9901,7.8115,13.3688,0.3649,0.0291,110.1557,5.756,0.6069,3.0371,0.0178,0.1027,2.7755,0.2702,5.7901,112.4799,2.9539,3.6187,0.2305
23-Jan-19,4.1385,5.3712,4.7024,3.7772,4.147,2.9526,3.1059,3.0446,52.7503,13.0346,7.847,13.4023,0.367,0.0292,110.3453,5.7551,0.6101,3.0446,0.0178,0.1041,2.8084,0.2698,5.8092,112.669,2.9589,3.6307,0.2305
24-Jan-19,4.1425,5.4035,4.708,3.7774,4.1644,2.9414,3.1023,3.0447,52.7946,13.0575,7.8382,13.4122,0.3668,0.0292,110.4534,5.7673,0.6099,3.0447,0.0179,0.1038,2.8074,0.2707,5.8161,112.7779,2.9618,3.635,0.2316
25-Jan-19,4.12,5.3902,4.6671,3.7495,4.1357,2.9273,3.0946,3.0348,52.5078,12.9825,7.8424,13.374,0.3675,0.0293,109.8535,5.7318,0.6091,3.0347,0.0178,0.1022,2.7917,0.269,5.7977,112.1668,2.9457,3.6236,0.2303
28-Jan-19,4.1105,5.4129,4.6866,3.7583,4.1409,2.9528,3.1092,3.0363,52.3894,13.0327,7.8221,13.3534,0.3675,0.0292,109.6002,5.7242,0.6101,3.0365,0.0177,0.1022,2.8155,0.2719,5.7762,111.9067,2.94,3.6101,0.2323
29-Jan-19,4.111,5.4127,4.7034,3.7603,4.1469,2.9482,3.1005,3.0415,52.3965,13.0425,7.8357,13.3323,0.3677,0.0292,109.6135,5.7386,0.6104,3.0416,0.0177,0.1033,2.8185,0.2705,5.7832,111.9218,2.9409,3.6145,0.2329
30-Jan-19,4.1085,5.3875,4.6964,3.7563,4.1238,2.9571,3.1015,3.0419,52.3776,13.0802,7.8519,13.3484,0.3676,0.0291,109.5469,5.7403,0.6116,3.0421,0.0177,0.1032,2.8096,0.2721,5.7712,111.8583,2.9405,3.607,0.2328
31-Jan-19,4.0905,5.369,4.7006,3.7619,4.1189,2.9722,3.1134,3.0383,52.1388,13.0959,7.8422,13.3059,0.3671,0.0293,109.0669,5.7152,0.6096,3.0384,0.0176,0.1017,2.8259,0.2697,5.7479,111.3622,2.9283,3.5924,0.2318
4-Feb-19,4.0995,5.3595,4.6941,3.7321,4.1135,2.9633,3.1312,3.0295,52.2476,13.0849,7.819,13.3003,0.3658,0.0294,109.3054,5.7329,0.6078,3.0296,0.0177,0.103,2.825,0.2717,5.7188,111.6133,2.9369,3.5738,0.2317
7-Feb-19,4.0725,5.2578,4.6245,3.7016,4.0636,2.8921,3.0756,3.0031,51.9058,13.0257,7.7943,13.2205,0.3618,0.0291,108.5928,5.6719,0.6038,3.0035,0.0175,0.1012,2.751,0.2669,5.7038,110.8782,2.9181,3.5649,0.2313
8-Feb-19,4.0675,5.2603,4.6093,3.7048,4.0608,2.883,3.0553,2.9995,51.8397,12.9209,7.8116,13.2002,0.3622,0.0291,108.4565,5.6521,0.6031,2.9995,0.0175,0.1011,2.7492,0.2645,5.7195,110.7375,2.914,3.5739,0.2311
11-Feb-19,4.0735,5.2626,4.6073,3.7003,4.0702,2.8877,3.0668,3.0005,51.9086,12.9688,7.8111,13.2025,0.362,0.029,108.6194,5.6654,0.6,3.0005,0.0175,0.1013,2.7508,0.2654,5.7224,110.8994,2.914,3.5765,0.2312
12-Feb-19,4.0785,5.2392,4.5955,3.6871,4.0512,2.8874,3.0702,3.0006,51.965,13.0096,7.8252,13.2251,0.3628,0.029,108.7528,5.6641,0.6015,3.0004,0.0176,0.1014,2.7454,0.2654,5.7624,111.0355,2.9176,3.6015,0.2313
13-Feb-19,4.068,5.2477,4.608,3.6756,4.0451,2.896,3.0751,3.0015,51.8349,12.9927,7.8036,13.2018,0.3626,0.0289,108.4728,5.6423,0.6017,3.0015,0.0175,0.1028,2.7778,0.2667,5.7582,110.7496,2.908,3.6008,0.231
14-Feb-19,4.0715,5.2217,4.5841,3.6659,4.0348,2.892,3.0702,2.9951,51.8851,12.9748,7.7715,13.1982,0.3611,0.0289,108.5647,5.6579,0.6009,2.9953,0.0175,0.1012,2.7776,0.2651,5.7285,110.851,2.9105,3.5803,0.2319
15-Feb-19,4.091,5.2357,4.613,3.7075,4.0654,2.8997,3.0737,3.0105,52.1259,13.0724,7.7983,13.2665,0.3619,0.0289,109.0832,5.668,0.6036,3.0106,0.0176,0.1017,2.7921,0.2676,5.7301,111.3758,2.9244,3.5814,0.2332
18-Feb-19,4.0855,5.276,4.6197,3.6944,4.0698,2.9219,3.0883,3.0131,52.0615,13.0715,7.8057,13.2521,0.363,0.029,108.9365,5.6648,0.6037,3.0131,0.0176,0.1029,2.8061,0.2665,5.7212,111.2276,2.9258,3.5758,0.2324
19-Feb-19,4.0815,5.276,4.6219,3.6835,4.0667,2.9042,3.0793,3.0095,52.0006,13.0608,7.8145,13.2344,0.3619,0.0289,108.8298,5.6593,0.6034,3.0094,0.0176,0.1028,2.7889,0.2696,5.7051,111.1232,2.9182,3.5756,0.2321
20-Feb-19,4.072,5.3048,4.6199,3.6736,4.0665,2.9133,3.0861,3.0116,51.8782,13.1017,7.8217,13.2176,0.3624,0.029,108.5765,5.6496,0.6055,3.0114,0.0176,0.1033,2.7956,0.2665,5.7221,110.8646,2.9114,3.5763,0.2317
21-Feb-19,4.0775,5.3348,4.63,3.6819,4.0753,2.8993,3.0917,3.0149,51.9586,13.0773,7.8158,13.2326,0.3623,0.029,108.7232,5.6739,0.6071,3.0149,0.0176,0.1014,2.7809,0.2674,5.7347,111.0143,2.9169,3.5851,0.2325
22-Feb-19,4.0765,5.3139,4.626,3.68,4.0751,2.9002,3.0835,3.0146,51.9375,13.0157,7.8304,13.2423,0.3625,0.029,108.6965,5.6769,0.6067,3.0145,0.0176,0.1012,2.7712,0.2682,5.7286,110.9765,2.9178,3.5804,0.2324
25-Feb-19,4.07,5.3183,4.6174,3.6771,4.0708,2.9129,3.0991,3.0145,51.8564,13.0074,7.8254,13.2375,0.3636,0.029,108.5232,5.6637,0.608,3.0145,0.0175,0.1011,2.7973,0.266,5.7296,110.8101,2.9121,3.581,0.2321
26-Feb-19,4.0715,5.3508,4.6232,3.6731,4.0707,2.9085,3.0812,3.0165,51.8692,13.008,7.8238,13.2372,0.3644,0.0291,108.5632,5.6764,0.608,3.0164,0.0175,0.1024,2.7983,0.2696,5.7299,110.8449,2.9121,3.5812,0.2321
27-Feb-19,4.067,5.4004,4.6343,3.684,4.0776,2.916,3.0912,3.0183,51.8112,12.9626,7.8377,13.2187,0.3637,0.029,108.4432,5.673,0.6089,3.0182,0.0175,0.1011,2.7979,0.2702,5.7053,110.7224,2.9089,3.5658,0.2321
28-Feb-19,4.0685,5.4129,4.6312,3.6718,4.0799,2.9051,3.0902,3.0169,51.8303,12.8995,7.8694,13.2081,0.3621,0.0289,108.4832,5.6866,0.6085,3.0169,0.0175,0.1022,2.7841,0.2712,5.7234,110.7632,2.9073,3.5772,0.2321
1-Mar-19,4.073,5.3969,4.6282,3.6397,4.071,2.8892,3.0995,3.0112,51.8923,12.8385,7.8751,13.2133,0.362,0.0289,108.6032,5.694,0.6074,3.0113,0.0176,0.1019,2.7751,0.2724,5.7408,110.8858,2.9158,3.5873,0.2326
4-Mar-19,4.0765,5.3957,4.6238,3.6438,4.0696,2.8847,3.066,3.0096,51.9329,12.7991,7.8712,13.2324,0.3618,0.0289,108.6965,5.6846,0.6084,3.0096,0.0176,0.1014,2.7737,0.2709,5.7533,110.981,2.9154,3.5931,0.2328
5-Mar-19,4.076,5.3728,4.6208,3.6414,4.0734,2.886,3.0547,3.0091,51.9259,12.8085,7.8114,13.2213,0.362,0.0289,108.6846,5.6749,0.6082,3.0091,0.0176,0.1014,2.7698,0.2708,5.7683,110.9689,2.9158,3.6052,0.2325
6-Mar-19,4.093,5.3831,4.628,3.6602,4.0751,2.8766,3.0624,3.015,52.1411,12.8388,7.838,13.2739,0.3626,0.0289,109.1379,5.698,0.6102,3.0149,0.0176,0.1016,2.7751,0.2707,5.8024,111.4318,2.928,3.6265,0.2343
7-Mar-19,4.0885,5.3846,4.6247,3.6594,4.0706,2.8797,3.0428,3.0123,52.0838,12.8569,7.8301,13.2473,0.3622,0.0289,109.0179,5.6844,0.6096,3.0122,0.0176,0.1026,2.7732,0.2715,5.8365,111.3093,2.9242,3.6478,0.2343
8-Mar-19,4.091,5.3568,4.5854,3.6848,4.0523,2.87,3.0396,3.0082,52.1156,12.8607,7.8267,13.2391,0.3599,0.0286,109.0861,5.6898,0.6087,3.0082,0.0176,0.1026,2.7702,0.2702,5.8537,111.3758,2.9276,3.6586,0.2348
11-Mar-19,4.0895,5.3159,4.5993,3.6768,4.0578,2.8829,3.0491,3.0098,52.0972,12.8925,7.8253,13.2295,0.3608,0.0286,109.0446,5.6877,0.6082,3.0098,0.0176,0.1028,2.7862,0.2719,5.8476,111.338,2.9269,3.6548,0.2343
12-Mar-19,4.0845,5.4007,4.6085,3.6662,4.0517,2.8892,3.047,3.0118,52.0322,12.9011,7.7373,13.2189,0.3616,0.0286,108.9113,5.667,0.6087,3.0119,0.0176,0.1028,2.7954,0.2716,5.8687,111.1988,2.9203,3.668,0.2343
13-Mar-19,4.0885,5.3772,4.6171,3.6723,4.0617,2.8873,3.0612,3.0151,52.0838,12.926,7.7507,13.2275,0.3608,0.0287,109.0179,5.6759,0.6092,3.0152,0.0176,0.1028,2.7957,0.2704,5.8789,111.3077,2.9232,3.6744,0.2346
14-Mar-19,4.088,5.4401,4.6305,3.6603,4.0713,2.889,3.0722,3.018,52.0774,12.8878,7.7682,13.2259,0.3605,0.0287,109.0046,5.6864,0.6086,3.018,0.0176,0.1027,2.7952,0.2675,5.878,111.2941,2.9233,3.6738,0.2349
15-Mar-19,4.088,5.4146,4.6286,3.6606,4.0741,2.897,3.0741,3.0202,52.0781,12.904,7.7623,13.2448,0.3599,0.0287,109.0046,5.6863,0.6091,3.0202,0.0176,0.1032,2.8019,0.2674,5.9186,111.3002,2.9233,3.6992,0.2349
18-Mar-19,4.0765,5.4058,4.6244,3.6551,4.0716,2.8976,3.0602,3.0159,51.9303,12.8677,7.7368,13.2268,0.3599,0.0286,108.698,5.676,0.6073,3.0161,0.0176,0.1013,2.7985,0.2668,5.9447,110.9841,2.9104,3.7171,0.2346
19-Mar-19,4.0755,5.4051,4.6275,3.6625,4.0755,2.893,3.0587,3.0171,51.9175,12.8686,7.7085,13.2326,0.3608,0.0286,108.6713,5.6809,0.6069,3.0171,0.0176,0.1013,2.7948,0.2671,5.9198,110.9538,2.9091,3.7,0.2359
20-Mar-19,4.0715,5.3827,4.6189,3.6485,4.0693,2.8845,3.0532,3.0127,51.8666,12.8156,7.7104,13.2123,0.3602,0.0287,108.5646,5.6762,0.6076,3.0127,0.0175,0.1024,2.7845,0.2647,5.9077,110.8479,2.9397,3.6928,0.2355
21-Mar-19,4.0625,5.3471,4.6306,3.678,4.0911,2.9,3.0524,3.0144,51.7654,12.8195,7.7204,13.1848,0.36,0.0287,108.3247,5.6632,0.607,3.0143,0.0175,0.1014,2.8102,0.2687,5.925,110.6029,2.8983,3.6892,0.235
22-Mar-19,4.0625,5.3261,4.592,3.6758,4.0813,2.8821,3.0394,3.0065,51.7658,12.8114,7.7514,13.1771,0.358,0.0287,108.3261,5.6696,0.6052,3.0065,0.0175,0.1022,2.7922,0.2645,5.8825,110.5999,2.8983,3.6795,0.2354
25-Mar-19,4.0705,5.3779,4.6029,3.6971,4.0957,2.8856,3.032,3.0128,51.8644,12.8915,7.7563,13.2069,0.3589,0.0287,108.5394,5.6649,0.6066,3.0128,0.0175,0.101,2.8001,0.2678,5.9101,110.8177,2.9024,3.6947,0.2354
26-Mar-19,4.0685,5.3659,4.6003,3.6938,4.0966,2.899,3.0362,3.0129,51.8336,12.8547,7.7444,13.1961,0.3587,0.0287,108.4847,5.6661,0.606,3.0129,0.0175,0.1024,2.8073,0.2721,5.9055,110.7632,2.8937,3.6929,0.2355
27-Mar-19,4.0775,5.3807,4.5978,3.6885,4.1025,2.896,3.0465,3.0118,51.9476,12.8365,7.7504,13.2112,0.359,0.0287,108.7232,5.6794,0.6067,3.0118,0.0176,0.1021,2.7768,0.2688,5.9193,111.0098,2.9006,3.6996,0.2356
28-Mar-19,4.079,5.3647,4.5901,3.6988,4.0956,2.8924,3.0388,3.0094,51.9615,12.815,7.7283,13.2152,0.3585,0.0286,108.7661,5.6752,0.6065,3.0094,0.0176,0.1019,2.7792,0.2701,5.9125,111.0491,2.9017,3.6952,0.2357
29-Mar-19,4.085,5.3199,4.5875,3.688,4.1053,2.8954,3.0428,3.0142,52.0392,12.8661,7.7721,13.2497,0.3597,0.0287,108.9232,5.6703,0.6082,3.0142,0.0176,0.1022,2.7762,0.2691,5.907,111.2125,2.9013,3.6918,0.2357
1-Apr-19,4.08,5.3391,4.5884,3.6753,4.1042,2.9076,3.0566,3.0139,51.9768,12.8666,7.7699,13.2412,0.3597,0.0287,108.7898,5.6641,0.608,3.0139,0.0176,0.1021,2.7864,0.2698,5.8857,111.0763,2.8967,3.6873,0.2358
2-Apr-19,4.084,5.3266,4.5733,3.6664,4.0848,2.8866,3.0633,3.0112,52.0265,12.8509,7.785,13.2473,0.3592,0.0287,108.8936,5.6692,0.6074,3.0112,0.0176,0.1018,2.7632,0.2715,5.9096,111.1852,2.8975,3.6936,0.2357
3-Apr-19,4.079,5.3729,4.5874,3.6581,4.0937,2.904,3.0655,3.0159,51.9628,12.8564,7.8232,13.2353,0.3595,0.0287,108.7632,5.6535,0.6081,3.0159,0.0176,0.1015,2.7692,0.271,5.9558,111.0491,2.8797,3.7224,0.2352
4-Apr-19,4.0835,5.3751,4.5866,3.6651,4.0892,2.903,3.0564,3.0154,52.0247,12.8452,7.8198,13.2448,0.3586,0.0288,108.8832,5.6713,0.6077,3.0154,0.0176,0.1018,2.7674,0.2717,5.9108,111.1716,2.8828,3.6943,0.2356
5-Apr-19,4.0875,5.3471,4.5909,3.6598,4.0873,2.9121,3.0609,3.0188,52.0744,12.8175,7.838,13.2625,0.3591,0.0289,108.9855,5.6733,0.6085,3.0188,0.0176,0.1017,2.7546,0.2727,5.8989,111.2835,2.8877,3.6868,0.2361
8-Apr-19,4.0995,5.3519,4.605,3.6778,4.0987,2.9121,3.0636,3.0229,52.2332,12.8632,7.8565,13.2878,0.3579,0.0289,109.3098,5.6864,0.61,3.0229,0.0177,0.102,2.7604,0.2726,5.8854,111.6072,2.8962,3.6783,0.2367
9-Apr-19,4.095,5.3679,4.6198,3.6781,4.102,2.9279,3.0793,3.0269,52.2032,12.8693,7.8689,13.2881,0.3593,0.029,109.1898,5.6824,0.6103,3.0271,0.0177,0.1017,2.7666,0.273,5.8993,111.4847,2.8915,3.687,0.2366
10-Apr-19,4.103,5.3606,4.6241,3.6916,4.0989,2.9322,3.0786,3.0322,52.3539,12.9066,7.9025,13.3026,0.36,0.029,109.4002,5.7012,0.6109,3.0322,0.0177,0.1015,2.7712,0.2723,5.9309,111.7025,2.8971,3.7081,0.2365
11-Apr-19,4.1125,5.3789,4.6389,3.7013,4.107,2.9431,3.0806,3.0393,52.4336,12.9395,7.9285,13.3306,0.3608,0.0291,109.655,5.7133,0.6123,3.0393,0.0177,0.1024,2.7798,0.2729,5.9664,111.9611,2.9033,3.7295,0.237
12-Apr-19,4.1165,5.3807,4.656,3.6773,4.1107,2.9466,3.0863,3.0391,52.4816,12.9531,7.9607,13.3492,0.3626,0.0292,109.7646,5.7214,0.6135,3.0391,0.0177,0.1023,2.7762,0.2723,5.9524,112.0655,2.9056,3.7198,0.2378
15-Apr-19,4.1095,5.3828,4.6511,3.6703,4.0997,2.9461,3.0814,3.039,52.4208,12.9352,7.9518,13.3235,0.3628,0.0292,109.5764,5.7134,0.6128,3.039,0.0177,0.1022,2.7801,0.2714,5.9346,111.8795,2.901,3.7084,0.2374
16-Apr-19,4.1305,5.4066,4.6697,3.6898,4.1102,2.9531,3.0857,3.0504,52.6705,13.0013,7.9847,13.379,0.3637,0.0293,110.1408,5.7435,0.6157,3.0505,0.0178,0.1023,2.7895,0.2728,5.9316,112.4512,2.9158,3.7073,0.2387
17-Apr-19,4.1365,5.3946,4.6809,3.6931,4.1055,2.9781,3.1049,3.0583,52.7228,13.0242,7.9994,13.421,0.3651,0.0294,110.2993,5.7496,0.6185,3.0586,0.0178,0.102,2.7874,0.2732,5.9623,112.6145,2.92,3.7142,0.239
18-Apr-19,4.1475,5.4009,4.6705,3.7069,4.1028,2.9713,3.1028,3.0612,52.8677,13.0322,8.0129,13.4428,0.3645,0.0295,110.5971,5.7668,0.6185,3.0612,0.0179,0.1022,2.7817,0.2748,5.9633,112.914,2.9278,3.7271,0.2407
19-Apr-19,4.1325,5.3727,4.6476,3.6922,4.0783,2.957,3.0906,3.0495,52.6785,12.9892,7.9917,13.4122,0.3636,0.0294,110.2,5.7345,0.6165,3.0495,0.0178,0.1023,2.7655,0.2715,5.9547,112.5056,2.9169,3.7238,0.2403
22-Apr-19,4.1365,5.3733,4.6519,3.6958,4.076,2.952,3.0961,3.0488,52.7268,12.9732,7.9594,13.4119,0.3623,0.0294,110.3023,5.7383,0.6162,3.0488,0.0178,0.1019,2.7628,0.2727,5.9441,112.6161,2.92,3.715,0.2414
23-Apr-19,4.128,5.3631,4.6444,3.6902,4.0536,2.9375,3.0884,3.042,52.6205,12.9242,7.9293,13.3794,0.3613,0.0293,110.0756,5.7261,0.6144,3.0418,0.0178,0.102,2.7509,0.2716,5.9202,112.3831,2.914,3.7001,0.2405
24-Apr-19,4.1305,5.3422,4.6346,3.6934,4.0581,2.911,3.0716,3.0404,52.6712,12.9199,7.9197,13.3801,0.3592,0.0293,110.1423,5.7298,0.615,3.0405,0.0178,0.102,2.7377,0.2712,5.9119,112.4512,2.9158,3.6954,0.2403
25-Apr-19,4.133,5.327,4.6075,3.6946,4.052,2.8997,3.0606,3.0305,52.6913,12.8834,7.9138,13.3443,0.3552,0.0291,110.2089,5.7238,0.6132,3.0304,0.0178,0.1018,2.7265,0.2724,5.8938,112.5223,2.9188,3.6836,0.2406
26-Apr-19,4.1315,5.3336,4.6037,3.7002,4.0485,2.9069,3.0629,3.0324,52.6658,12.919,7.9269,13.3582,0.3561,0.0291,110.1689,5.7041,0.6134,3.0323,0.0177,0.1019,2.7491,0.2727,5.9,112.4784,2.9172,3.6875,0.2406
29-Apr-19,4.133,5.35,4.6145,3.6986,4.0547,2.9138,3.0684,3.037,52.69,12.9521,7.9313,13.3754,0.3562,0.0291,110.2089,5.7101,0.614,3.037,0.0177,0.1019,2.7553,0.2719,5.9199,112.5192,2.9178,3.6894,0.2406
30-Apr-19,4.1365,5.3665,4.6356,3.7142,4.0626,2.9177,3.0755,3.0403,52.7302,12.9549,7.9794,13.3798,0.3548,0.029,110.3008,5.7183,0.614,3.0404,0.0178,0.102,2.7607,0.272,5.93,112.6176,2.9202,3.7062,0.2409
2-May-19,4.1365,5.4002,4.6368,3.709,4.0606,2.9053,3.0768,3.0394,52.7302,12.9266,7.9809,13.3876,0.3553,0.029,110.2978,5.7393,0.6142,3.0394,0.0178,0.1018,2.7435,0.2738,5.9509,112.6145,2.9202,3.7194,0.2411
3-May-19,4.1425,5.3927,4.6253,3.7151,4.0613,2.8995,3.0779,3.0379,52.805,12.9332,7.9894,13.4075,0.354,0.0291,110.4578,5.74,0.6151,3.0379,0.0178,0.1019,2.7419,0.2742,5.9759,112.7779,2.9255,3.735,0.2412
6-May-19,4.1475,5.4363,4.6386,3.7459,4.0758,2.8983,3.0772,3.0425,52.8617,12.9488,7.9836,13.4106,0.3541,0.029,110.5912,5.7364,0.6129,3.0425,0.0178,0.102,2.7444,0.272,5.9747,112.9171,2.9301,3.7341,0.2418
7-May-19,4.1485,5.4329,4.6449,3.7521,4.0731,2.9122,3.0859,3.046,52.8603,13.0047,7.9871,13.4212,0.3551,0.0291,110.6178,5.7482,0.6136,3.046,0.0178,0.1029,2.7405,0.2742,5.9832,112.9412,2.9318,3.7391,0.2416
8-May-19,4.1485,5.4105,4.6455,3.7664,4.0757,2.9102,3.0807,3.0475,52.8572,13.0538,7.961,13.4117,0.3545,0.029,110.6178,5.7482,0.6124,3.0476,0.0178,0.1021,2.7334,0.2724,5.9652,112.9412,2.9298,3.7283,0.2418
9-May-19,4.1535,5.3958,4.6474,3.7861,4.0809,2.8977,3.0803,3.0454,52.9243,13.0654,7.9554,13.4127,0.3513,0.0289,110.7511,5.7544,0.6089,3.0454,0.0177,0.1022,2.7326,0.2738,5.9382,113.0804,2.9343,3.7115,0.242
10-May-19,4.1575,5.4072,4.6693,3.7852,4.1017,2.9096,3.0895,3.0514,52.9763,13.165,7.9635,13.4249,0.3532,0.029,110.8578,5.7528,0.61,3.0515,0.0178,0.1023,2.7429,0.2744,5.9542,113.1862,2.9356,3.7217,0.2428
13-May-19,4.166,5.4195,4.6784,3.799,4.126,2.906,3.102,3.0447,53.0816,13.1503,7.9489,13.4028,0.3512,0.0289,111.0844,5.774,0.6057,3.0447,0.0179,0.1027,2.7419,0.2728,5.9201,113.4176,2.9416,3.7002,0.2444
14-May-19,4.1705,5.4,4.6887,3.8028,4.1395,2.8966,3.0984,3.0472,53.1325,13.2397,7.9606,13.3826,0.351,0.0289,111.2074,5.7753,0.606,3.0472,0.0178,0.1025,2.745,0.2717,5.9299,113.5432,2.9437,3.7056,0.244
15-May-19,4.1745,5.3909,4.6813,3.8153,4.1513,2.8919,3.0989,3.0516,53.1794,13.223,7.977,13.4185,0.3508,0.0289,111.3111,5.777,0.6075,3.0518,0.0179,0.1031,2.7401,0.275,5.9457,113.6491,2.9466,3.7153,0.2447
16-May-19,4.1645,5.3458,4.6726,3.8013,4.131,2.8864,3.1048,3.0439,53.0567,13.1871,7.9345,13.3713,0.3505,0.0288,111.0445,5.7567,0.6054,3.0439,0.0179,0.1026,2.7407,0.2743,5.9402,113.3768,2.8722,3.7122,0.2445
17-May-19,4.176,5.3382,4.6661,3.8097,4.1379,2.872,3.0961,3.0359,53.2025,13.1528,7.9294,13.3223,0.3495,0.0289,111.3511,5.771,0.604,3.0359,0.0179,0.1028,2.728,0.2717,5.9525,113.6899,2.8169,3.7203,0.2449
21-May-19,4.186,5.3145,4.6661,3.8015,4.1439,2.8772,3.1174,3.0356,53.3299,13.1099,7.9665,13.2813,0.3501,0.0289,111.6177,5.769,0.6054,3.0359,0.0179,0.1041,2.7238,0.2716,6.0001,113.9652,2.7838,3.7501,0.246
23-May-19,4.1935,5.2943,4.6716,3.8076,4.1553,2.8822,3.1162,3.0356,53.4265,13.1129,7.9876,13.2983,0.352,0.029,111.8177,5.7783,0.6063,3.0356,0.0179,0.1033,2.7222,0.2727,6.0139,114.1663,2.759,3.7576,0.2487
24-May-19,4.1915,5.3188,4.6884,3.8265,4.1794,2.8915,3.1161,3.0435,53.4072,13.1519,8.0226,13.3021,0.3529,0.0291,111.7674,5.7699,0.6071,3.0435,0.0179,0.1033,2.7366,0.2768,6.0167,114.1243,2.7623,3.7604,0.2485
27-May-19,4.1865,5.3194,4.6859,3.8235,4.1624,2.8983,3.1133,3.0459,53.3346,13.161,8.0155,13.3078,0.3531,0.0291,111.6311,5.7766,0.607,3.0459,0.0179,0.1042,2.7405,0.2729,6.0147,113.9757,2.773,3.7593,0.249
28-May-19,4.187,5.3056,4.6861,3.8334,4.1722,2.8966,3.1104,3.0392,53.3461,13.1833,8.0103,13.298,0.3522,0.0291,111.6474,5.7773,0.6057,3.0392,0.0179,0.1031,2.7423,0.2753,6.0098,113.9894,2.7603,3.7557,0.2487
29-May-19,4.1965,5.3054,4.6812,3.841,4.1731,2.9027,3.1067,3.0343,53.4617,13.1758,8.0103,13.2683,0.3512,0.0291,111.9022,5.7903,0.6073,3.0343,0.0179,0.1033,2.7355,0.277,6.0031,114.2527,2.7806,3.7519,0.2498
30-May-19,4.196,5.2987,4.6716,3.8248,4.1571,2.9076,3.1079,3.0409,53.4614,13.1908,8.0411,13.2701,0.3521,0.0291,111.8904,5.7833,0.6075,3.0411,0.0179,0.104,2.7362,0.275,6.0055,114.2344,2.7822,3.7525,0.2499
31-May-19,4.1905,5.2863,4.6716,3.8521,4.1684,2.8988,3.0956,3.042,53.4244,13.2401,8.0327,13.2716,0.3517,0.0294,111.7437,5.7707,0.6072,3.0421,0.0179,0.103,2.7312,0.2739,5.9998,114.0846,2.8338,3.749,0.2497
3-Jun-19,4.183,5.2886,4.6766,3.8631,4.1958,2.907,3.0951,3.0514,53.388,13.2039,8.0649,13.3089,0.3539,0.0293,111.5437,5.7626,0.6056,3.0514,0.0179,0.1028,2.7424,0.2736,6.0363,113.8805,2.8485,3.7729,0.2497
4-Jun-19,4.1755,5.2851,4.6962,3.8614,4.2001,2.913,3.1079,3.0508,53.2647,13.3317,8.0692,13.2707,0.3529,0.0293,111.3437,5.7643,0.6041,3.051,0.0178,0.1037,2.75,0.2734,6.0226,113.6763,2.8415,3.7641,0.2491
7-Jun-19,4.1595,5.2896,4.6859,3.8335,4.1844,2.9,3.1141,3.0432,53.042,13.2595,8.0054,13.2321,0.351,0.0291,110.917,5.7519,0.602,3.0432,0.0178,0.1031,2.755,0.2738,5.9899,113.2407,2.8306,3.7438,0.2479
10-Jun-19,4.1635,5.2826,4.7035,3.8329,4.2026,2.9003,3.1381,3.0451,53.0876,13.2701,7.9852,13.2408,0.3508,0.0292,111.0207,5.7598,0.6005,3.0451,0.0178,0.1021,2.7558,0.2734,5.9876,113.3496,2.7672,3.7423,0.2484
11-Jun-19,4.1645,5.2922,4.7111,3.8321,4.2019,2.8964,3.1402,3.0508,53.1474,13.3094,8.0225,13.2627,0.3525,0.0293,111.0311,5.7663,0.6024,3.0508,0.0178,0.1031,2.7442,0.2718,6.0001,113.3768,2.7399,3.7501,0.2485
12-Jun-19,4.16,5.3013,4.7152,3.8431,4.1952,2.8914,3.1281,3.0496,53.1718,13.3163,8.0015,13.2488,0.352,0.0292,110.9215,5.764,0.6011,3.0496,0.0178,0.1021,2.7385,0.2719,6.0005,113.2543,2.7379,3.7521,0.2487
13-Jun-19,4.1635,5.2754,4.7012,3.841,4.1937,2.8757,3.1249,3.0467,53.2036,13.3381,8.0299,13.2238,0.3517,0.0292,111.0148,5.7719,0.6015,3.0467,0.0179,0.1028,2.7333,0.2734,5.9921,113.3496,2.7169,3.7447,0.2485
14-Jun-19,4.168,5.2775,4.7011,3.8505,4.1881,2.8747,3.1242,3.0485,53.257,13.3761,8.0108,13.2292,0.3517,0.0291,111.1348,5.7698,0.602,3.0488,0.0179,0.103,2.7255,0.2734,5.9788,113.4721,2.7153,3.7378,0.2487
17-Jun-19,4.177,5.2586,4.6841,3.8469,4.1799,2.8709,3.1141,3.0473,53.3447,13.3514,8.0065,13.2578,0.3519,0.0291,111.3748,5.7782,0.6031,3.0472,0.0179,0.1029,2.7201,0.2737,5.9839,113.7171,2.6563,3.7395,0.2498
18-Jun-19,4.1815,5.2409,4.6801,3.8612,4.1828,2.8618,3.1145,3.0491,53.3773,13.3296,8.0352,13.2759,0.3526,0.0292,111.4977,5.774,0.6037,3.0491,0.0179,0.1022,2.7213,0.2746,5.9979,113.8396,2.6618,3.749,0.2494
19-Jun-19,4.1765,5.2494,4.6773,3.8516,4.1828,2.869,3.1217,3.0531,53.3649,13.3541,8.0441,13.3215,0.355,0.0293,111.3674,5.7637,0.6049,3.0531,0.0179,0.1023,2.7239,0.2744,5.987,113.7051,2.656,3.7419,0.249
20-Jun-19,4.1515,5.2772,4.6873,3.8513,4.2036,2.8714,3.1417,3.0591,53.1164,13.4092,8.0596,13.3997,0.3575,0.0293,110.7008,5.7338,0.6059,3.0591,0.0178,0.1016,2.7338,0.2732,5.9674,113.0229,2.6376,3.7295,0.2484
21-Jun-19,4.1525,5.2635,4.694,3.8655,4.2267,2.8715,3.1488,3.0596,53.1711,13.444,8.0568,13.3641,0.3568,0.0293,110.7156,5.7616,0.6038,3.0596,0.0178,0.1017,2.7278,0.2737,5.9641,113.0501,2.6408,3.7292,0.2488
24-Jun-19,4.1445,5.2755,4.7189,3.8598,4.2451,2.8804,3.1426,3.0601,53.0513,13.4627,8.0711,13.3707,0.3579,0.0293,110.5038,5.7497,0.6022,3.0601,0.0178,0.1031,2.7403,0.2732,5.9657,112.8323,2.6348,3.7289,0.2486
25-Jun-19,4.1435,5.2886,4.7176,3.8701,4.2469,2.8874,3.1449,3.0615,53.0762,13.488,8.066,13.3343,0.3583,0.0293,110.4815,5.7653,0.6021,3.0615,0.0178,0.1019,2.7534,0.2746,5.9737,112.8051,2.6334,3.7336,0.2478
26-Jun-19,4.1495,5.2589,4.7134,3.862,4.2528,2.8966,3.1526,3.0632,53.1343,13.4943,8.0573,13.3472,0.3589,0.0293,110.6415,5.7744,0.6029,3.063,0.0178,0.1018,2.7658,0.2739,5.9907,112.9684,2.5774,3.744,0.2485
27-Jun-19,4.145,5.2629,4.7135,3.8399,4.2341,2.9003,3.1586,3.0598,53.0529,13.4622,8.0847,13.3705,0.3583,0.0293,110.523,5.76,0.6028,3.0597,0.0178,0.1027,2.7726,0.2741,5.9973,112.8459,2.5252,3.7482,0.2484
28-Jun-19,4.1335,5.2413,4.7083,3.8396,4.2438,2.8984,3.1561,3.0563,52.9474,13.4773,8.0559,13.3382,0.3579,0.0293,110.2179,5.7461,0.602,3.0562,0.0177,0.1015,2.7725,0.2734,5.9885,112.5328,2.5264,3.7431,0.2476
1-Jul-19,4.134,5.2258,4.6836,3.8189,4.2012,2.8936,3.1557,3.0527,52.942,13.5098,8.1027,13.3394,0.3554,0.0293,110.2327,5.7471,0.604,3.0527,0.0178,0.1014,2.7735,0.2734,5.9881,112.5465,2.6058,3.7413,0.2473
2-Jul-19,4.1375,5.2201,4.6729,3.8234,4.1884,2.8892,3.1517,3.0509,53.0187,13.4816,8.0937,13.3251,0.3545,0.0293,110.326,5.7432,0.6016,3.051,0.0178,0.1015,2.757,0.2736,5.9946,112.6417,2.654,3.7464,0.2487
3-Jul-19,4.1375,5.2046,4.6708,3.8422,4.198,2.9022,3.1577,3.0523,53.069,13.5478,8.0858,13.3122,0.3539,0.0293,110.326,5.7336,0.6014,3.0523,0.0178,0.1013,2.769,0.2742,6.0099,112.6417,2.6455,3.7562,0.2487
4-Jul-19,4.1355,5.2023,4.6642,3.8357,4.1917,2.9027,3.1622,3.0488,53.0962,13.4883,8.0866,13.3047,0.3535,0.0292,110.2712,5.7306,0.6019,3.0488,0.0178,0.1022,2.7623,0.275,6.0159,112.5873,2.6161,3.7599,0.2494
5-Jul-19,4.1345,5.1907,4.6563,3.8274,4.1868,2.901,3.164,3.0465,53.0632,13.4916,8.0799,13.2863,0.3531,0.0294,110.2416,5.7293,0.6011,3.0465,0.0178,0.1014,2.7581,0.2729,6.0384,112.5601,2.6104,3.7742,0.2486
8-Jul-19,4.1405,5.1895,4.6504,3.8202,4.1775,2.8936,3.1677,3.0453,53.0946,13.4607,8.0664,13.2857,0.3507,0.0293,110.4045,5.73,0.6018,3.0454,0.0178,0.1014,2.752,0.2751,6.024,112.7296,2.6125,3.7651,0.2492
9-Jul-19,4.144,5.1676,4.6407,3.8048,4.1665,2.8734,3.1558,3.042,53.053,13.4371,8.067,13.2893,0.3502,0.0293,110.4964,5.7236,0.6017,3.042,0.0178,0.1015,2.7379,0.2752,6.0366,112.8187,2.6148,3.7731,0.2499
10-Jul-19,4.1385,5.1651,4.6455,3.7989,4.1757,2.8657,3.1548,3.0406,52.9579,13.4236,8.0437,13.3084,0.3506,0.0293,110.3497,5.7103,0.6014,3.0407,0.0178,0.1013,2.7331,0.2741,6.0368,112.669,2.6134,3.7729,0.2489
11-Jul-19,4.1145,5.1571,4.6387,3.8078,4.1742,2.8711,3.1543,3.036,52.6235,13.4373,8.0267,13.2598,0.3504,0.0293,109.7068,5.6795,0.5992,3.036,0.0177,0.1007,2.7448,0.2725,6.0149,112.0156,2.5912,3.7596,0.2477
12-Jul-19,4.1115,5.1562,4.6302,3.7948,4.1665,2.8776,3.1557,3.0268,52.5586,13.3231,8.0539,13.2352,0.3489,0.0294,109.6254,5.6925,0.5978,3.0269,0.0177,0.1007,2.7477,0.2723,5.9982,111.9339,2.5839,3.749,0.2474
15-Jul-19,4.1105,5.1599,4.6336,3.8097,4.1818,2.8889,3.1554,3.0301,52.5042,13.3198,8.0535,13.2371,0.3484,0.0295,109.5929,5.6859,0.5979,3.0302,0.0177,0.1016,2.7631,0.2731,5.9949,111.9097,2.5767,3.7469,0.2474
16-Jul-19,4.1105,5.125,4.6225,3.8051,4.1769,2.8901,3.1491,3.029,52.5918,13.3026,8.0788,13.2388,0.3489,0.0295,109.5987,5.692,0.5978,3.0293,0.0177,0.1004,2.7647,0.2726,5.9864,111.9067,2.5767,3.7414,0.2473
17-Jul-19,4.115,5.1038,4.6133,3.8012,4.1578,2.8842,3.1513,3.0235,52.6541,13.3128,8.0513,13.2379,0.3485,0.0294,109.7187,5.6845,0.5983,3.0235,0.0177,0.1007,2.7655,0.2722,5.9817,112.0292,2.5808,3.7382,0.2474
18-Jul-19,4.1125,5.1326,4.6222,3.8172,4.1747,2.8923,3.1507,3.0247,52.6141,13.3285,8.0479,13.2401,0.3491,0.0295,109.6535,5.6785,0.5981,3.0249,0.0177,0.1006,2.7718,0.2727,5.9697,111.9611,2.5743,3.7307,0.2472
19-Jul-19,4.1105,5.1437,4.6247,3.8179,4.1784,2.9014,3.1522,3.0253,52.6619,13.3588,8.0488,13.2452,0.3498,0.0295,109.6002,5.6784,0.5977,3.0253,0.0177,0.1006,2.782,0.2737,5.9655,111.9067,2.5699,3.7282,0.2473
22-Jul-19,4.1125,5.1262,4.613,3.8126,4.1885,2.8962,3.1524,3.0236,52.6717,13.3306,8.0511,13.2392,0.3493,0.0295,109.6535,5.6893,0.5976,3.0236,0.0177,0.1006,2.7875,0.2729,5.9612,111.9611,2.5537,3.7254,0.2471
23-Jul-19,4.1175,5.1176,4.6044,3.8063,4.1817,2.893,3.1358,3.0194,52.7296,13.3166,8.053,13.2483,0.3492,0.0294,109.7868,5.6897,0.5986,3.0189,0.0177,0.1007,2.77,0.2734,5.9714,112.1034,2.5654,3.7327,0.2477
24-Jul-19,4.1185,5.1339,4.5874,3.8111,4.1774,2.8735,3.1329,3.0179,52.7047,13.3285,8.0502,13.2547,0.3497,0.0294,109.8135,5.683,0.5989,3.018,0.0177,0.1014,2.758,0.2731,5.9681,112.1245,2.5558,3.7297,0.2483
25-Jul-19,4.117,5.1343,4.582,3.809,4.1748,2.8673,3.1347,3.0148,52.6821,13.3236,8.0505,13.2482,0.3485,0.0295,109.775,5.6796,0.5988,3.0147,0.0177,0.1008,2.7522,0.273,5.9693,112.0836,2.5532,3.7302,0.2478
26-Jul-19,4.12,5.1257,4.588,3.7911,4.1541,2.855,3.1252,3.0102,52.711,13.3118,8.0642,13.2514,0.3479,0.0294,109.8549,5.6806,0.5988,3.0102,0.0177,0.1013,2.7384,0.2734,5.9683,112.1653,2.5583,3.7299,0.2483
29-Jul-19,4.126,5.0855,4.5893,3.7977,4.1601,2.8492,3.1319,3.0083,52.778,13.3571,8.0807,13.2652,0.3482,0.0294,110.0105,5.6825,0.5986,3.0083,0.0178,0.1008,2.7345,0.2743,5.9924,112.3287,2.5588,3.7451,0.2486
31-Jul-19,4.1305,5.0219,4.6032,3.8043,4.1689,2.8476,3.1408,3.0162,52.7711,13.4325,8.1197,13.2863,0.3494,0.0295,110.1305,5.6815,0.6,3.0162,0.0178,0.1009,2.7298,0.2741,6,112.4512,2.6027,3.7492,0.2491
1-Aug-19,4.1445,5.02,4.5786,3.7992,4.1653,2.8404,3.1351,3.0135,52.9574,13.4257,8.0931,13.2994,0.3488,0.0294,110.5008,5.7004,0.6005,3.0135,0.0179,0.1012,2.7192,0.2759,6.0026,112.8323,2.5817,3.7508,0.2503
2-Aug-19,4.1565,5.0368,4.6121,3.8869,4.2134,2.8221,3.143,3.0182,53.145,13.5017,8.0771,13.2129,0.3463,0.0293,110.8045,5.6929,0.5987,3.0182,0.0179,0.1028,2.7136,0.2767,5.9756,113.159,2.5871,3.7348,0.2507
5-Aug-19,4.1775,5.0698,4.6567,3.9431,4.2837,2.8221,3.1557,3.0229,53.3307,13.5545,8.0522,13.2028,0.3437,0.0293,111.3644,5.7363,0.5937,3.0236,0.018,0.102,2.7204,0.2776,5.9251,113.7307,2.603,3.7043,0.2527
6-Aug-19,4.19,5.1047,4.6924,3.9374,4.2996,2.8448,3.175,3.0328,53.4927,13.6249,8.053,13.3058,0.3446,0.0294,111.7035,5.7597,0.5955,3.0329,0.018,0.1023,2.7432,0.2777,5.9218,114.071,2.6133,3.7011,0.2532
7-Aug-19,4.1855,5.0829,4.684,3.9399,4.2803,2.816,3.1489,3.0262,53.3783,13.5827,7.9998,13.3017,0.3444,0.0294,111.5836,5.7602,0.5942,3.0262,0.018,0.1022,2.689,0.2783,5.9119,113.9485,2.6164,3.6952,0.2528
8-Aug-19,4.182,5.0845,4.6901,3.9406,4.2897,2.836,3.1473,3.0253,53.3289,13.5967,8.033,13.3325,0.3458,0.0294,111.4903,5.7506,0.5937,3.0253,0.018,0.1021,2.7018,0.2773,5.9164,113.8532,2.6159,3.6978,0.2528
9-Aug-19,4.1845,5.0704,4.6841,3.9508,4.2953,2.8476,3.1655,3.0267,53.3727,13.617,8.0595,13.36,0.3456,0.0295,111.5569,5.7581,0.593,3.0267,0.018,0.1019,2.7132,0.2775,5.9215,113.9275,2.656,3.7002,0.2526
13-Aug-19,4.1965,5.0639,4.6965,3.9855,4.3203,2.8389,3.1663,3.0224,53.4828,13.6162,8.0147,13.3281,0.3433,0.0293,111.8694,5.7737,0.5939,3.0227,0.0181,0.1026,2.7065,0.2783,5.8893,114.248,2.619,3.6808,0.253
14-Aug-19,4.1865,5.0502,4.679,3.933,4.2987,2.8345,3.1614,3.0207,53.3635,13.5793,7.9956,13.343,0.3451,0.0294,111.6102,5.7635,0.5966,3.0207,0.018,0.1024,2.6969,0.2774,5.8704,113.9757,2.6128,3.6706,0.2524
15-Aug-19,4.1925,5.0662,4.674,3.9528,4.3007,2.8387,3.1511,3.0178,53.4802,13.5768,7.969,13.366,0.3451,0.0294,111.7657,5.7669,0.5964,3.0179,0.0181,0.1025,2.6987,0.2767,5.8785,114.1391,2.6165,3.6763,0.2529
16-Aug-19,4.1815,5.0789,4.6348,3.9331,4.2677,2.8369,3.1445,3.0132,53.329,13.5367,7.9769,13.3419,0.3454,0.0294,111.4829,5.747,0.5939,3.0132,0.018,0.1032,2.6887,0.2758,5.8746,113.8458,2.6457,3.6723,0.2522
19-Aug-19,4.177,5.0657,4.6373,3.9193,4.2703,2.8276,3.1475,3.0151,53.2543,13.5331,7.9744,13.3272,0.3452,0.0293,111.3718,5.7294,0.5928,3.0151,0.018,0.1021,2.6777,0.2748,5.8453,113.7171,2.6069,3.6536,0.2514
20-Aug-19,4.1825,5.0579,4.6332,3.93,4.2696,2.8345,3.1384,3.017,53.3207,13.5729,7.9941,13.3222,0.346,0.0293,111.5185,5.739,0.5921,3.017,0.018,0.1022,2.681,0.2753,5.8283,113.8669,2.6091,3.6449,0.252
21-Aug-19,4.1785,5.076,4.6379,3.9226,4.2646,2.8357,3.1405,3.0198,53.2792,13.5798,8.0002,13.3201,0.3473,0.0293,111.4118,5.7271,0.5914,3.0198,0.018,0.1022,2.6759,0.2751,5.8479,113.7626,2.6095,3.6548,0.2515
22-Aug-19,4.1855,5.0854,4.6455,3.9339,4.2616,2.8323,3.1479,3.0198,53.3712,13.5992,7.9983,13.3398,0.3465,0.0294,111.6014,5.7413,0.5905,3.0198,0.018,0.1033,2.6722,0.2779,5.8169,113.9485,2.6147,3.638,0.2524
23-Aug-19,4.19,5.1139,4.6371,3.9297,4.2441,2.8322,3.1468,3.0216,53.4394,13.6371,8.0115,13.3704,0.3461,0.0295,111.7229,5.7407,0.5918,3.0216,0.0181,0.1024,2.6745,0.2784,5.8498,114.071,2.6251,3.6557,0.2529
26-Aug-19,4.203,5.1453,4.6716,3.9687,4.2947,2.8412,3.1616,3.0297,53.5759,13.7398,8.0179,13.423,0.3461,0.0295,112.071,5.7584,0.588,3.0297,0.0181,0.1027,2.6796,0.2796,5.8442,114.425,2.6336,3.6535,0.2537
27-Aug-19,4.2065,5.1549,4.6749,3.9766,4.2917,2.8398,3.1768,3.0281,53.6181,13.758,8.0492,13.3948,0.3465,0.0295,112.1644,5.7727,0.5868,3.028,0.0181,0.1028,2.6798,0.2795,5.8634,114.5202,2.6371,3.666,0.2538
28-Aug-19,4.213,5.1361,4.6718,3.9834,4.2924,2.8408,3.1665,3.0328,53.6927,13.75,8.0493,13.3988,0.3468,0.0296,112.3377,5.7796,0.588,3.0328,0.0182,0.1037,2.6723,0.2799,5.867,114.6972,2.68,3.6659,0.2541
29-Aug-19,4.217,5.1431,4.6707,3.9674,4.2886,2.8439,3.1752,3.0387,53.755,13.781,8.0785,13.4381,0.348,0.0296,112.4383,5.7813,0.5899,3.0387,0.0182,0.1039,2.6734,0.2804,5.8743,114.8061,2.642,3.6711,0.255
30-Aug-19,4.215,5.1297,4.6529,3.9609,4.2638,2.8316,3.1685,3.0362,53.7418,13.7745,8.0949,13.4424,0.3487,0.0297,112.391,5.7737,0.5897,3.0361,0.0182,0.1029,2.6552,0.2802,5.8968,114.7516,2.6873,3.6854,0.2547
3-Sep-19,4.2225,5.0628,4.6232,3.9814,4.2604,2.8401,3.1632,3.0319,53.8327,13.7653,8.0736,13.4487,0.3474,0.0297,112.582,5.7778,0.5884,3.0319,0.0182,0.1031,2.6564,0.2769,5.8436,114.9558,2.6938,3.6524,0.2547
4-Sep-19,4.203,5.1077,4.6262,3.9574,4.2622,2.8519,3.1553,3.031,53.621,13.7432,8.0951,13.4311,0.3485,0.0297,112.0591,5.758,0.5878,3.031,0.0181,0.1026,2.671,0.2765,5.8377,114.425,2.6771,3.6488,0.2532
5-Sep-19,4.193,5.144,4.6278,3.9354,4.267,2.8561,3.177,3.0287,53.4859,13.7172,8.077,13.4142,0.3493,0.0296,111.7925,5.735,0.5866,3.0287,0.0181,0.1023,2.6747,0.2733,5.8348,114.1527,2.6707,3.6467,0.2548
6-Sep-19,4.18,5.1408,4.6137,3.9049,4.2267,2.856,3.1655,3.0234,53.3207,13.6334,8.0602,13.406,0.3504,0.0297,111.4459,5.7273,0.5873,3.0234,0.018,0.1028,2.6794,0.2714,5.8346,113.7988,2.6642,3.6472,0.2536
10-Sep-19,4.1735,5.1438,4.6069,3.8894,4.2095,2.8624,3.1658,3.0241,53.2212,13.6255,8.019,13.3727,0.3503,0.0297,111.2696,5.7149,0.5872,3.0241,0.018,0.1016,2.6796,0.274,5.8043,113.6218,2.6626,3.6377,0.254
11-Sep-19,4.1795,5.1654,4.6081,3.8789,4.206,2.8692,3.1775,3.0292,53.3099,13.6529,8.0159,13.4074,0.3499,0.0297,111.4296,5.7234,0.5873,3.0292,0.018,0.1016,2.682,0.2735,5.8282,113.7852,2.6647,3.6419,0.2547
12-Sep-19,4.1685,5.1368,4.5964,3.8646,4.2089,2.8686,3.1608,3.0312,53.2426,13.6897,8.0302,13.4746,0.3523,0.0298,111.1333,5.7023,0.588,3.0312,0.018,0.101,2.6839,0.273,5.8434,113.4903,2.6577,3.6521,0.2541
13-Sep-19,4.1658,5.1864,4.6204,3.8577,4.2172,2.8646,3.1493,3.0328,53.2408,13.6941,8.0126,13.4788,0.3538,0.0298,111.06,5.7018,0.5884,3.0327,0.018,0.1022,2.6677,0.2728,5.8561,113.4108,2.6576,3.6601,0.2537
17-Sep-19,4.183,5.1886,4.6074,3.8676,4.2085,2.8599,3.1571,3.0381,53.4654,13.6912,8.0073,13.4944,0.3515,0.0297,111.505,5.7347,0.5896,3.0381,0.018,0.102,2.6457,0.2738,5.8187,113.8851,2.6669,3.6366,0.2557
18-Sep-19,4.184,5.2089,4.62,3.8664,4.2027,2.8596,3.1527,3.0426,53.4454,13.7023,8.0184,13.5051,0.351,0.0298,111.5436,5.7275,0.5902,3.0426,0.018,0.102,2.6489,0.2731,5.8756,113.9123,2.6667,3.6723,0.2562
19-Sep-19,4.1925,5.2385,4.6365,3.8821,4.2293,2.8486,3.1558,3.0436,53.5427,13.7369,8.0393,13.5355,0.3513,0.0298,111.7732,5.7451,0.5908,3.0437,0.0181,0.1032,2.6484,0.2733,5.8935,114.1438,2.6726,3.6836,0.2574
20-Sep-19,4.177,5.235,4.6147,3.8703,4.2145,2.837,3.1465,3.038,53.3277,13.7063,8.0389,13.5038,0.3515,0.0297,111.3599,5.7272,0.5893,3.038,0.018,0.1027,2.6223,0.273,5.8765,113.7171,2.6635,3.6722,0.2561
23-Sep-19,4.1785,5.1966,4.5869,3.8922,4.2222,2.8282,3.1423,3.0315,53.2996,13.7,8.0094,13.473,0.3488,0.0297,111.3999,5.728,0.5862,3.0315,0.018,0.1019,2.6178,0.2729,5.8941,113.758,2.6645,3.6841,0.256
24-Sep-19,4.1805,5.1957,4.5958,3.884,4.2204,2.8346,3.1551,3.0366,53.3217,13.6953,8.0117,13.4753,0.3501,0.0296,111.4533,5.7178,0.5883,3.0366,0.018,0.1031,2.6306,0.2732,5.8984,113.817,2.6662,3.6865,0.2564
25-Sep-19,4.19,5.2101,4.6098,3.9044,4.2514,2.8402,3.1595,3.0412,53.4517,13.7063,8.0176,13.4978,0.3494,0.0296,111.6872,5.7308,0.5882,3.0412,0.0181,0.1022,2.6489,0.274,5.8919,114.0772,2.6718,3.6824,0.2569
26-Sep-19,4.1955,5.1722,4.5897,3.8986,4.2225,2.8357,3.1665,3.0388,53.5232,13.703,8.0358,13.5138,0.3492,0.0296,111.8457,5.7397,0.5882,3.0387,0.0181,0.1022,2.643,0.2744,5.9108,114.2208,2.6753,3.6942,0.2569
27-Sep-19,4.188,5.1445,4.5748,3.8808,4.2179,2.8321,3.1591,3.0304,53.4119,13.6684,8.0632,13.4971,0.3494,0.0296,111.6473,5.7152,0.5879,3.0303,0.018,0.102,2.6351,0.2737,5.9178,114.0166,2.6701,3.6987,0.2568
30-Sep-19,4.19,5.1656,4.5813,3.883,4.2191,2.8289,3.1647,3.0304,53.4388,13.7018,8.0794,13.4944,0.3493,0.0295,111.6976,5.7162,0.5867,3.0304,0.0181,0.103,2.624,0.2739,5.9235,114.0772,2.6714,3.7021,0.2574
1-Oct-19,4.1945,5.1529,4.5693,3.8693,4.1911,2.8097,3.161,3.0251,53.4955,13.6718,8.0757,13.5054,0.3491,0.0295,111.8131,5.7184,0.5868,3.0251,0.0181,0.1029,2.6111,0.2741,5.9024,114.1982,2.6747,3.6889,0.2577
2-Oct-19,4.193,5.1274,4.5727,3.8948,4.1943,2.802,3.1661,3.0258,53.4777,13.6803,8.0604,13.4951,0.3479,0.0295,111.7805,5.7109,0.5866,3.0258,0.0181,0.1032,2.6099,0.2739,5.897,114.1574,2.6724,3.6866,0.2572
3-Oct-19,4.1875,5.1563,4.5912,3.9093,4.1917,2.8138,3.1429,3.0298,53.3994,13.6992,8.084,13.4941,0.3478,0.0295,111.6369,5.7071,0.5858,3.0299,0.018,0.1023,2.6335,0.2737,5.8958,114.003,2.6715,3.6849,0.2564
4-Oct-19,4.1845,5.1593,4.5921,3.9186,4.1973,2.8273,3.14,3.0341,53.3509,13.7422,8.0797,13.5311,0.3498,0.0296,111.5569,5.7146,0.5854,3.0341,0.018,0.1023,2.648,0.2735,5.8957,113.9213,2.6657,3.6848,0.2566
7-Oct-19,4.1955,5.1596,4.5997,3.9263,4.2202,2.8252,3.1482,3.0349,53.4837,13.7693,8.0838,13.5715,0.3503,0.0296,111.8561,5.7384,0.5869,3.035,0.0181,0.1026,2.6394,0.2778,5.9091,114.2208,2.6728,3.6921,0.2578
8-Oct-19,4.1915,5.1442,4.6069,3.9116,4.2242,2.8311,3.1519,3.0381,53.4375,13.7946,8.0995,13.6127,0.3508,0.0296,111.7495,5.7298,0.5878,3.0381,0.0181,0.1034,2.6505,0.2739,5.9043,114.1119,2.6708,3.6884,0.2568
9-Oct-19,4.1975,5.1386,4.6105,3.9132,4.2254,2.8295,3.1546,3.0396,53.5112,13.8394,8.108,13.6207,0.3501,0.0296,111.9154,5.7345,0.5884,3.0397,0.0181,0.1034,2.6509,0.2743,5.9037,114.2799,2.6749,3.6898,0.2574
10-Oct-19,4.194,5.1293,4.6207,3.9047,4.2276,2.8324,3.1515,3.043,53.471,13.7779,8.1106,13.639,0.351,0.0296,111.8191,5.7277,0.5886,3.043,0.0181,0.1032,2.6514,0.2745,5.9002,114.1846,2.6739,3.6875,0.258
11-Oct-19,4.1875,5.2342,4.6106,3.8779,4.193,2.8444,3.1544,3.0471,53.3943,13.7826,8.1153,13.6623,0.3534,0.0296,111.6458,5.7277,0.5898,3.047,0.018,0.103,2.6536,0.274,5.8983,114.003,2.6698,3.6865,0.2572
14-Oct-19,4.186,5.2656,4.6169,3.8668,4.202,2.832,3.1697,3.0571,53.3646,13.7607,8.1171,13.6851,0.3535,0.0296,111.6029,5.7371,0.5926,3.0573,0.018,0.1027,2.6368,0.2739,5.8912,113.9668,2.6701,3.6819,0.2581
15-Oct-19,4.1915,5.302,4.622,3.8687,4.1972,2.8364,3.1675,3.0583,53.43,13.806,8.1168,13.6816,0.3535,0.0296,111.7495,5.7447,0.5923,3.0583,0.0181,0.1038,2.6335,0.2743,5.8677,114.1165,2.6779,3.6674,0.2588
16-Oct-19,4.194,5.3436,4.6285,3.8578,4.2058,2.8282,3.1737,3.0558,53.4598,13.787,8.1326,13.6764,0.3528,0.0296,111.8161,5.7488,0.5906,3.0558,0.0181,0.104,2.6309,0.2745,5.8633,114.1846,2.6795,3.6643,0.2582
17-Oct-19,4.1845,5.3566,4.6406,3.8452,4.2136,2.8476,3.1756,3.0621,53.3414,13.8028,8.1506,13.6626,0.3548,0.0296,111.5629,5.7379,0.5911,3.0621,0.018,0.1027,2.6444,0.2735,5.8738,113.9213,2.6747,3.6706,0.2582
18-Oct-19,4.1855,5.3997,4.6574,3.8507,4.2361,2.8616,3.1868,3.0651,53.3671,13.8272,8.1605,13.6879,0.3546,0.0296,111.5895,5.7598,0.591,3.0651,0.018,0.1028,2.6672,0.2739,5.8843,113.9485,2.6749,3.6776,0.2575
21-Oct-19,4.181,5.4259,4.6685,3.8494,4.2462,2.8746,3.1877,3.072,53.3124,13.8169,8.1836,13.6822,0.357,0.0297,111.4696,5.7572,0.5912,3.072,0.018,0.1028,2.6775,0.2778,5.9025,113.826,2.6723,3.673,0.2578
22-Oct-19,4.1875,5.4188,4.6655,3.8575,4.2364,2.8737,3.2006,3.0742,53.3871,13.8133,8.1739,13.6822,0.3568,0.0298,111.6429,5.7757,0.5913,3.0742,0.018,0.1031,2.6869,0.2777,5.9048,114.003,2.677,3.6906,0.2583
23-Oct-19,4.1875,5.3818,4.6559,3.8635,4.2326,2.8653,3.1973,3.0722,53.3946,13.8201,8.2092,13.6896,0.3575,0.0298,111.6458,5.7708,0.5919,3.0722,0.018,0.104,2.6806,0.273,5.9044,114.003,2.6773,3.6906,0.2588
24-Oct-19,4.187,5.396,4.6612,3.8521,4.2274,2.8595,3.2011,3.072,53.4039,13.8322,8.1538,13.6888,0.3569,0.0298,111.6414,5.762,0.5922,3.072,0.018,0.1032,2.6765,0.2733,5.8949,113.9987,2.6892,3.6843,0.2588
25-Oct-19,4.186,5.374,4.6555,3.8554,4.2238,2.8597,3.2042,3.0715,53.4058,13.8655,8.1726,13.6849,0.3568,0.0298,111.6118,5.7644,0.592,3.0715,0.018,0.1025,2.6673,0.2737,5.8995,113.9621,2.6761,3.6871,0.2592
29-Oct-19,4.1865,5.3713,4.6384,3.8449,4.2031,2.8673,3.2061,3.0719,53.3941,13.858,8.2008,13.7244,0.3589,0.0299,111.6311,5.7584,0.5928,3.0721,0.018,0.1034,2.6568,0.2742,5.9105,113.9851,2.688,3.6942,0.2599
30-Oct-19,4.1835,5.3879,4.6521,3.8439,4.217,2.8751,3.1984,3.0712,53.362,13.8435,8.2158,13.7556,0.3589,0.0298,111.5511,5.752,0.5929,3.0712,0.018,0.1043,2.6595,0.2743,5.8964,113.9034,2.6933,3.6853,0.259
31-Oct-19,4.1735,5.4049,4.6637,3.8432,4.2272,2.8889,3.1701,3.0686,53.2521,13.8287,8.2253,13.7372,0.3588,0.0297,111.2844,5.7455,0.5935,3.0688,0.018,0.1041,2.6804,0.2742,5.8917,113.6311,2.6874,3.6824,0.2582
1-Nov-19,4.1645,5.3968,4.6478,3.8562,4.2241,2.876,3.1673,3.0666,53.1291,13.808,8.2302,13.6709,0.3575,0.0297,111.0445,5.7445,0.5918,3.0668,0.0179,0.1031,2.6786,0.2742,5.8751,113.3845,2.6885,3.6719,0.258
4-Nov-19,4.1535,5.3705,4.6361,3.8325,4.2057,2.8721,3.1604,3.0605,52.9969,13.7579,8.2215,13.6547,0.358,0.0296,110.7541,5.7319,0.591,3.0602,0.0179,0.1029,2.6798,0.2751,5.8757,113.085,2.6762,3.6714,0.2577
5-Nov-19,4.1315,5.3234,4.5996,3.7951,4.1722,2.8604,3.1467,3.0449,52.732,13.6805,8.199,13.6113,0.3577,0.0296,110.1675,5.7005,0.5907,3.0449,0.0178,0.1016,2.6543,0.2736,5.8431,112.4876,2.6438,3.652,0.2561
6-Nov-19,4.1365,5.3334,4.5868,3.7948,4.1669,2.8565,3.1446,3.0455,52.8319,13.6563,8.1733,13.619,0.3574,0.0295,110.3008,5.7006,0.5912,3.0456,0.0178,0.1021,2.6405,0.2739,5.8322,112.6145,2.647,3.6451,0.2563
7-Nov-19,4.1295,5.3143,4.5767,3.7897,4.1586,2.8496,3.136,3.042,52.7745,13.6085,8.1821,13.6027,0.3574,0.0295,110.1141,5.6835,0.5914,3.0421,0.0178,0.1022,2.6326,0.2721,5.8226,112.4347,2.6438,3.6394,0.2561
8-Nov-19,4.133,5.2989,4.5674,3.7812,4.1508,2.8441,3.133,3.0406,52.8115,13.6055,8.1761,13.6131,0.3571,0.0295,110.2075,5.6874,0.5912,3.0406,0.0178,0.1017,2.6302,0.273,5.8029,112.5192,2.6454,3.627,0.2561
11-Nov-19,4.1436,5.3066,4.5701,3.8023,4.1585,2.8431,3.1331,3.0438,52.9155,13.6526,8.1438,13.6064,0.3555,0.0295,110.4888,5.6911,0.5913,3.0438,0.0179,0.102,2.6334,0.2735,5.7978,112.8157,2.6528,3.6228,0.2568
12-Nov-19,4.1405,5.3094,4.5647,3.7908,4.1636,2.8331,3.1241,3.0428,52.9073,13.6459,8.1506,13.6075,0.3562,0.0295,110.4074,5.6872,0.591,3.0427,0.0178,0.1022,2.624,0.2733,5.7835,112.7326,2.651,3.6214,0.2567
13-Nov-19,4.1525,5.3306,4.5715,3.8053,4.19,2.8405,3.1323,3.0488,53.0379,13.7227,8.163,13.6139,0.3557,0.0295,110.7274,5.7014,0.5919,3.0486,0.0179,0.1025,2.6576,0.2737,5.7858,113.0593,2.6581,3.6159,0.2574
14-Nov-19,4.157,5.3386,4.5764,3.8255,4.2092,2.8253,3.1338,3.0502,53.1103,13.7603,8.1879,13.6019,0.3554,0.0295,110.8474,5.7061,0.592,3.0502,0.0179,0.1027,2.6569,0.2771,5.7748,113.1726,2.6614,3.6093,0.2579
15-Nov-19,4.1535,5.3489,4.5784,3.8265,4.1999,2.8198,3.1361,3.0502,53.0521,13.7442,8.1972,13.6105,0.3561,0.0295,110.7541,5.6996,0.5924,3.0502,0.0179,0.1036,2.6508,0.2747,5.789,113.0773,2.6749,3.6177,0.2575
18-Nov-19,4.1525,5.3804,4.5925,3.8112,4.1989,2.8291,3.1423,3.0525,53.0457,13.7318,8.1952,13.6241,0.3566,0.0295,110.7274,5.7077,0.5921,3.0525,0.0179,0.1023,2.6597,0.2743,5.7852,113.0593,2.659,3.6154,0.2576
19-Nov-19,4.1585,5.3875,4.6035,3.8234,4.1986,2.8303,3.1485,3.056,53.1234,13.7767,8.1732,13.6315,0.3563,0.0295,110.8859,5.7208,0.5921,3.056,0.0179,0.1025,2.6625,0.2772,5.7872,113.2242,2.6628,3.6167,0.2582
20-Nov-19,4.1645,5.3697,4.6059,3.8421,4.2049,2.8342,3.1324,3.058,53.2079,13.7943,8.1737,13.6474,0.3558,0.0295,111.0474,5.7318,0.5918,3.058,0.018,0.1027,2.6701,0.2749,5.7975,113.3768,2.6666,3.6235,0.2587
21-Nov-19,4.1685,5.3945,4.6212,3.8414,4.2089,2.8367,3.1337,3.0616,53.2767,13.8053,8.1993,13.656,0.3543,0.0296,111.1541,5.7324,0.5925,3.0617,0.018,0.1026,2.6791,0.2751,5.8078,113.4965,2.6837,3.6298,0.259
22-Nov-19,4.1695,5.3849,4.6161,3.8388,4.1951,2.8351,3.1404,3.0613,53.2915,13.8109,8.2158,13.6575,0.3545,0.0296,111.1807,5.7404,0.5924,3.0613,0.018,0.1034,2.6777,0.2752,5.8097,113.5129,2.6866,3.6312,0.2588
25-Nov-19,4.175,5.377,4.6031,3.8352,4.1869,2.8357,3.1422,3.0602,53.3345,13.8108,8.2185,13.6814,0.3548,0.0297,111.3304,5.7415,0.5934,3.0602,0.018,0.1027,2.6806,0.276,5.8219,113.6627,2.6729,3.6388,0.2585
26-Nov-19,4.185,5.3886,4.611,3.8424,4.1938,2.8368,3.1441,3.0637,53.465,13.853,8.2252,13.7011,0.3555,0.0297,111.597,5.7465,0.5944,3.0637,0.018,0.104,2.6853,0.277,5.8492,113.9442,2.6944,3.6553,0.2591
27-Nov-19,4.173,5.3627,4.5934,3.8227,4.1826,2.8301,3.1449,3.0546,53.3063,13.8065,8.2065,13.6761,0.3545,0.0296,111.277,5.7294,0.5941,3.0546,0.018,0.1036,2.6828,0.2786,5.8521,113.6144,2.6866,3.6568,0.2588
28-Nov-19,4.1735,5.3995,4.5973,3.8137,4.1789,2.8242,3.1396,3.0552,53.3167,13.8047,8.222,13.6883,0.354,0.0296,111.2933,5.7298,0.5935,3.0552,0.018,0.102,2.6819,0.2768,5.8367,113.6218,2.6871,3.6478,0.2584
29-Nov-19,4.176,5.3898,4.5957,3.8118,4.1793,2.8299,3.1428,3.0559,53.3548,13.8141,8.2108,13.6954,0.3541,0.0296,111.3615,5.7332,0.5946,3.0561,0.018,0.1031,2.6864,0.2788,5.813,113.6899,2.6956,3.6326,0.2591
2-Dec-19,4.18,5.3981,4.6039,3.8109,4.18,2.8365,3.1462,3.0543,53.3943,13.8091,8.1832,13.7045,0.3527,0.0296,111.4667,5.7387,0.5935,3.0543,0.018,0.1035,2.7017,0.2777,5.8278,113.7988,2.6918,3.6424,0.2589
3-Dec-19,4.1745,5.4223,4.6272,3.8265,4.2169,2.8627,3.1423,3.0596,53.3193,13.7954,8.1821,13.6927,0.3514,0.0296,111.32,5.7287,0.5925,3.0596,0.018,0.1041,2.7247,0.2787,5.8297,113.6491,2.6902,3.6435,0.2587
4-Dec-19,4.1775,5.4533,4.6308,3.8515,4.2357,2.8486,3.1442,3.0617,53.3583,13.7849,8.188,13.7012,0.3498,0.0296,111.4,5.7476,0.591,3.0617,0.018,0.1025,2.7177,0.2789,5.8276,113.7307,2.6928,3.6423,0.2586
5-Dec-19,4.171,5.4786,4.6254,3.8292,4.2176,2.8505,3.1646,3.0632,53.2759,13.7668,8.2026,13.6777,0.3502,0.0297,111.2267,5.7419,0.5924,3.0632,0.018,0.1034,2.7255,0.2792,5.8381,113.5584,2.6893,3.6488,0.258
6-Dec-19,4.1595,5.4639,4.6202,3.8299,4.2141,2.8474,3.1576,3.0587,53.1304,13.7187,8.1912,13.6395,0.3496,0.0296,110.92,5.7322,0.5914,3.0587,0.0179,0.102,2.7303,0.2779,5.826,113.2407,2.6825,3.6413,0.2577
9-Dec-19,4.161,5.4765,4.6037,3.8352,4.2028,2.8395,3.1374,3.0585,53.155,13.7281,8.1813,13.6507,0.349,0.0297,110.96,5.7367,0.5909,3.0585,0.018,0.1021,2.7259,0.2787,5.8503,113.2861,2.6842,3.6566,0.258
10-Dec-19,4.16,5.475,4.6068,3.8307,4.2156,2.8382,3.1429,3.0594,53.1538,13.7248,8.2003,13.6472,0.349,0.0297,110.9304,5.7335,0.591,3.0596,0.018,0.1026,2.7256,0.2784,5.8694,113.2543,2.6841,3.6684,0.2572
11-Dec-19,4.1645,5.4715,4.6159,3.831,4.2292,2.8423,3.1477,3.0622,53.2729,13.7397,8.1882,13.6698,0.3485,0.0297,111.0504,5.741,0.5916,3.0624,0.018,0.1017,2.7213,0.2765,5.8779,113.3768,2.6872,3.6729,0.2578
12-Dec-19,4.1585,5.4928,4.6305,3.828,4.2365,2.8629,3.158,3.0657,53.2714,13.787,8.2006,13.7149,0.3502,0.0297,110.8874,5.7308,0.5912,3.0657,0.0179,0.1021,2.738,0.2754,5.8919,113.2165,2.6829,3.6819,0.2571
13-Dec-19,4.1385,5.5472,4.6254,3.7762,4.2129,2.8651,3.1438,3.0598,53.039,13.6946,8.1756,13.6765,0.3533,0.0296,110.3512,5.713,0.5924,3.0599,0.0179,0.103,2.7397,0.2735,5.8548,112.669,2.6794,3.6593,0.2567
16-Dec-19,4.143,5.5365,4.6116,3.7843,4.2089,2.8479,3.1526,3.0553,53.1952,13.7095,8.1797,13.7231,0.3529,0.0296,110.4623,5.7343,0.5915,3.0553,0.0179,0.1017,2.7331,0.2753,5.8406,112.7961,2.6726,3.6488,0.2572
17-Dec-19,4.1425,5.4698,4.6143,3.7795,4.2096,2.838,3.1427,3.0556,53.1707,13.6942,8.1884,13.7488,0.3549,0.0296,110.4431,5.7269,0.5919,3.0557,0.0179,0.1012,2.7254,0.2758,5.8434,112.7825,2.6735,3.6522,0.2589
18-Dec-19,4.1385,5.4214,4.6055,3.782,4.2169,2.8332,3.1432,3.0523,53.1398,13.6855,8.1676,13.7218,0.3546,0.0296,110.3365,5.718,0.5914,3.0521,0.0179,0.1021,2.7136,0.2763,5.8236,112.6736,2.6715,3.6395,0.2583
19-Dec-19,4.141,5.4251,4.6085,3.7795,4.2244,2.8471,3.1576,3.0555,53.0955,13.6983,8.1789,13.7297,0.3553,0.0296,110.4002,5.7124,0.5909,3.0555,0.0179,0.1011,2.7289,0.2766,5.8201,112.7416,2.6733,3.638,0.258
20-Dec-19,4.1425,5.4,4.6073,3.7881,4.2257,2.8565,3.1533,3.0557,53.1216,13.7214,8.1545,13.7328,0.3574,0.0296,110.4313,5.7141,0.5909,3.0556,0.0179,0.1019,2.7347,0.278,5.8209,112.7779,2.6744,3.6387,0.2581
23-Dec-19,4.1425,5.396,4.5915,3.7878,4.2232,2.865,3.1509,3.0551,53.1877,13.726,8.1417,13.7447,0.3561,0.0297,110.4225,5.707,0.5908,3.0551,0.0179,0.102,2.7423,0.2776,5.8192,112.7779,2.6741,3.6379,0.2579
24-Dec-19,4.14,5.3547,4.5888,3.7845,4.2135,2.8659,3.1469,3.0539,53.1707,13.7268,8.1464,13.7359,0.3562,0.0296,110.3559,5.699,0.5909,3.0539,0.0179,0.1019,2.749,0.2771,5.8183,112.7098,2.673,3.6364,0.2581
26-Dec-19,4.133,5.3694,4.5854,3.7727,4.2148,2.8635,3.1422,3.0509,53.0726,13.699,8.1358,13.7396,0.3557,0.0296,110.1472,5.6894,0.5903,3.0509,0.0178,0.1028,2.7476,0.2772,5.8003,112.5192,2.665,3.6251,0.2578
27-Dec-19,4.1275,5.3928,4.5954,3.7699,4.2191,2.8719,3.1504,3.0498,53.0094,13.6876,8.133,13.7423,0.3553,0.0296,109.9933,5.6861,0.5898,3.0498,0.0178,0.1029,2.7588,0.2785,5.7869,112.3695,2.6658,3.6168,0.2573
30-Dec-19,4.11,5.381,4.602,3.7646,4.2214,2.8715,3.1438,3.0453,52.7779,13.6909,8.0953,13.6808,0.3558,0.0295,109.5576,5.6725,0.5882,3.0453,0.0177,0.1008,2.757,0.2786,5.7603,111.9007,2.6527,3.6002,0.2562
31-Dec-19,4.093,5.3772,4.5907,3.7677,4.227,2.8674,3.137,3.0412,52.561,13.6844,8.0809,13.6858,0.3544,0.0295,109.1089,5.6599,0.5879,3.0412,0.0177,0.1003,2.7523,0.2781,5.7413,111.4303,2.6435,3.588,0.2546
2-Jan-20,4.0875,5.4049,4.5829,3.7574,4.2187,2.8637,3.1508,3.0355,52.4674,13.5752,8.059,13.6091,0.3534,0.0294,108.9622,5.6523,0.5872,3.0355,0.0176,0.1,2.7472,0.279,5.7315,111.2805,2.6391,3.5819,0.255
3-Jan-20,4.1015,5.3721,4.5736,3.7979,4.2192,2.851,3.1618,3.039,52.7073,13.6037,8.0311,13.6553,0.3516,0.0295,109.3413,5.6766,0.5883,3.039,0.0177,0.1003,2.7324,0.2802,5.7195,111.6617,2.6478,3.5752,0.2557
6-Jan-20,4.1055,5.3807,4.5895,3.8023,4.232,2.8517,3.1629,3.0404,52.8188,13.6237,8.0405,13.652,0.3511,0.0295,109.4391,5.6708,0.5887,3.0401,0.0177,0.1017,2.7355,0.2806,5.6973,111.7751,2.6494,3.5613,0.256
7-Jan-20,4.0925,5.3972,4.5775,3.7735,4.223,2.8263,3.1574,3.0363,52.6411,13.5761,8.0593,13.624,0.3513,0.0295,109.0926,5.668,0.5902,3.0363,0.0177,0.1014,2.7266,0.2797,5.7007,111.4166,2.6403,3.5632,0.2546
8-Jan-20,4.1015,5.4002,4.567,3.7818,4.2249,2.82,3.155,3.0379,52.7338,13.5318,8.0659,13.6478,0.3509,0.0295,109.3165,5.6778,0.5908,3.0378,0.0177,0.1013,2.7324,0.2817,5.7042,111.6662,2.6451,3.5645,0.2554
9-Jan-20,4.089,5.3517,4.5457,3.7399,4.1982,2.8065,3.1342,3.0268,52.6265,13.4995,8.0667,13.655,0.3525,0.0295,108.9993,5.649,0.5898,3.0269,0.0176,0.1009,2.7112,0.2808,5.7207,111.3214,2.6432,3.5757,0.2556
10-Jan-20,4.0795,5.3303,4.528,3.7229,4.1869,2.8036,3.121,3.0217,52.5225,13.486,8.0527,13.6079,0.3514,0.0296,108.7461,5.6271,0.5889,3.0217,0.0176,0.1001,2.6994,0.2753,5.7383,111.0627,2.6348,3.5864,0.2551
13-Jan-20,4.063,5.2827,4.5213,3.7042,4.1766,2.8077,3.1123,3.017,52.2767,13.4492,8.0599,13.5964,0.3517,0.0297,108.3005,5.6044,0.5897,3.017,0.0175,0.0998,2.6952,0.2764,5.7393,110.6135,2.624,3.5873,0.2557
14-Jan-20,4.0725,5.2826,4.5347,3.7028,4.2015,2.8072,3.1147,3.0216,52.3831,13.4484,8.0452,13.6031,0.3517,0.0298,108.5479,5.6202,0.5913,3.0215,0.0176,0.1001,2.6974,0.277,5.7477,110.8721,2.63,3.5922,0.256
15-Jan-20,4.0745,5.3042,4.5349,3.707,4.2175,2.8057,3.1174,3.0236,52.3974,13.4672,8.0302,13.5907,0.3522,0.0298,108.6041,5.6253,0.5916,3.0235,0.0176,0.1011,2.6924,0.2759,5.7519,110.9266,2.6326,3.594,0.2571
16-Jan-20,4.0635,5.3031,4.5332,3.6927,4.2188,2.8097,3.1174,3.0189,52.2714,13.3932,7.9912,13.5817,0.3505,0.0298,108.3167,5.6136,0.5904,3.0189,0.0175,0.1011,2.6982,0.2787,5.7277,110.6346,2.6275,3.5799,0.2567
17-Jan-20,4.0535,5.3075,4.5142,3.6788,4.1994,2.7995,3.1088,3.0123,52.1709,13.3251,7.9558,13.541,0.3498,0.0297,108.0314,5.6034,0.591,3.0122,0.0175,0.1006,2.6936,0.2765,5.7038,110.3549,2.6231,3.5645,0.2561
20-Jan-20,4.06,5.2674,4.5023,3.6857,4.191,2.7902,3.1066,3.0123,52.2593,13.3729,7.967,13.5591,0.3502,0.0298,108.2176,5.6053,0.5916,3.0123,0.0175,0.1008,2.6831,0.2775,5.7112,110.5363,2.6266,3.5694,0.2577
21-Jan-20,4.0725,5.2995,4.5166,3.7035,4.2065,2.7903,3.1144,3.0168,52.4013,13.4052,7.9822,13.5619,0.3488,0.0298,108.5508,5.6225,0.5897,3.0168,0.0176,0.0995,2.6852,0.2786,5.7199,110.8721,2.6343,3.5749,0.2584
22-Jan-20,4.0665,5.3084,4.5063,3.698,4.1836,2.7807,3.1099,3.0135,52.3214,13.4009,7.9845,13.5677,0.349,0.0298,108.3938,5.6106,0.5893,3.0135,0.0176,0.1001,2.679,0.277,5.7102,110.7088,2.6321,3.5687,0.2572
23-Jan-20,4.0695,5.342,4.5106,3.7153,4.2006,2.7955,3.0921,3.0161,52.3546,13.3361,7.9841,13.5474,0.3488,0.0299,108.4824,5.6121,0.5871,3.016,0.0176,0.1014,2.683,0.2787,5.7098,110.795,2.6323,3.5685,0.2577
24-Jan-20,4.062,5.3367,4.4869,3.705,4.1872,2.7835,3.0949,3.0084,52.2555,13.3093,7.9976,13.5341,0.348,0.0299,108.2825,5.6039,0.5856,3.0084,0.0175,0.1008,2.6923,0.2782,5.6977,110.5863,2.6284,3.561,0.2576
28-Jan-20,4.084,5.3123,4.5004,3.7497,4.2123,2.754,3.0942,3.0055,52.5094,13.234,8.0378,13.556,0.3464,0.0299,108.8573,5.6206,0.5888,3.0055,0.0176,0.0997,2.6652,0.2797,5.723,111.1913,2.6424,3.5779,0.2583
29-Jan-20,4.0805,5.3122,4.4894,3.7407,4.1892,2.7576,3.0986,3.0024,52.4854,13.1672,8.0262,13.5583,0.3462,0.0299,108.7611,5.6114,0.5883,3.0019,0.0176,0.0996,2.6656,0.2789,5.7294,111.0899,2.6403,3.581,0.2586
30-Jan-20,4.0895,5.3131,4.5056,3.7558,4.2123,2.7533,3.0941,3.0008,52.6384,13.1242,8.0233,13.5096,0.3439,0.03,109.001,5.6232,0.5895,3.0008,0.0176,0.101,2.6606,0.2805,5.7148,111.335,2.6482,3.573,0.2584
31-Jan-20,4.0935,5.3784,4.5119,3.7546,4.2168,2.7408,3.095,3.0033,52.6973,13.1539,8.0438,13.5336,0.343,0.03,109.1076,5.6323,0.5901,3.0032,0.0176,0.0998,2.646,0.28,5.7347,111.4439,2.6501,3.5854,0.2591
3-Feb-20,4.114,5.3967,4.5526,3.7877,4.261,2.7535,3.1063,3.0072,52.9721,13.2283,8.0857,13.5686,0.3448,0.0299,109.654,5.6648,0.5863,3.0072,0.0177,0.1017,2.6572,0.2831,5.7528,112.002,2.6626,3.5958,0.2601
4-Feb-20,4.1125,5.3409,4.5476,3.7717,4.2458,2.7638,3.0982,3.0009,52.9405,13.3026,8.0987,13.6388,0.3464,0.03,109.6141,5.6634,0.5882,3.0006,0.0177,0.1003,2.6591,0.2861,5.7774,111.9611,2.6641,3.6109,0.2599
5-Feb-20,4.123,5.3795,4.5524,3.7634,4.2518,2.7869,3.1056,2.9855,53.1024,13.3,8.1129,13.7059,0.3478,0.0301,109.8998,5.6747,0.5896,2.9854,0.0177,0.1005,2.68,0.2847,5.7889,112.247,2.6697,3.6179,0.2612
6-Feb-20,4.122,5.3528,4.5326,3.7491,4.2288,2.7817,3.1046,2.9782,53.0984,13.2668,8.1222,13.7135,0.3482,0.0302,109.8731,5.6695,0.5914,2.9784,0.0178,0.1005,2.6628,0.2841,5.7871,112.2198,2.6684,3.6179,0.2612
7-Feb-20,4.137,5.3471,4.5337,3.7628,4.2392,2.7712,3.1087,2.9789,53.295,13.2469,8.1453,13.7364,0.3474,0.0303,110.273,5.6824,0.5922,2.9789,0.0178,0.1017,2.6597,0.2855,5.7985,112.6281,2.6795,3.6247,0.2625
10-Feb-20,4.1485,5.3482,4.543,3.7787,4.2444,2.778,3.1198,2.9879,53.4246,13.2625,8.1663,13.7895,0.3491,0.0303,110.5972,5.6871,0.5942,2.9879,0.0178,0.1021,2.6596,0.2869,5.8098,112.9412,2.6864,3.6317,0.2639
11-Feb-20,4.1365,5.3375,4.5131,3.7647,4.2324,2.7758,3.1114,2.981,53.281,13.2368,8.1781,13.7883,0.3495,0.0303,110.2861,5.6714,0.5931,2.981,0.0178,0.1009,2.6453,0.2855,5.8035,112.6176,2.679,3.6271,0.2637
12-Feb-20,4.1385,5.366,4.5203,3.7587,4.2405,2.7914,3.1194,2.9872,53.2732,13.2815,8.1902,13.7968,0.351,0.0303,110.3423,5.6688,0.5938,2.9872,0.0178,0.102,2.6782,0.2856,5.8035,112.669,2.6809,3.6274,0.2639
13-Feb-20,4.1405,5.3673,4.5078,3.7721,4.2388,2.7888,3.125,2.9836,53.3,13.3028,8.2006,13.8143,0.3504,0.0303,110.3957,5.6736,0.5931,2.9837,0.0178,0.101,2.6762,0.2863,5.7961,112.7296,2.6819,3.6226,0.2637
14-Feb-20,4.1395,5.3983,4.4885,3.7702,4.2216,2.7842,3.123,2.9786,53.295,13.2889,8.2003,13.7979,0.3504,0.0303,110.369,5.6632,0.5928,2.9784,0.0178,0.1018,2.6642,0.2873,5.8021,112.6962,2.6849,3.6264,0.2637
17-Feb-20,4.1443,5.4047,4.4949,3.7728,4.2224,2.7868,3.1301,2.9819,53.3616,13.2743,8.1935,13.8098,0.3501,0.0304,110.4957,5.6673,0.5937,2.9819,0.0178,0.1021,2.6654,0.2882,5.8065,112.8301,2.6864,3.6291,0.2653
18-Feb-20,4.1525,5.3891,4.4959,3.7836,4.2338,2.7737,3.1305,2.981,53.4534,13.2923,8.192,13.7774,0.3487,0.0304,110.7156,5.6786,0.5927,2.981,0.0179,0.1022,2.6597,0.2888,5.8042,113.0501,2.6925,3.6276,0.2651
19-Feb-20,4.16,5.4057,4.4945,3.7755,4.2307,2.7866,3.1432,2.9911,53.5293,13.3376,8.2278,13.7998,0.3498,0.0304,110.9156,5.6863,0.595,2.9911,0.0179,0.1015,2.6622,0.2871,5.8188,113.2543,2.6965,3.6341,0.2662
20-Feb-20,4.182,5.3952,4.5153,3.7428,4.2543,2.7735,3.1569,2.9871,53.7639,13.3015,8.2583,13.7895,0.3474,0.0305,111.5022,5.7066,0.596,2.9871,0.018,0.1021,2.6522,0.2882,5.8409,113.8594,2.7116,3.6505,0.2677
21-Feb-20,4.1945,5.4164,4.5359,3.755,4.2744,2.7688,3.1648,2.9954,53.8554,13.2779,8.2391,13.7696,0.3463,0.0305,111.8295,5.7113,0.5961,2.9954,0.018,0.103,2.6505,0.2905,5.8407,114.1935,2.7202,3.6603,0.2696
24-Feb-20,4.225,5.4608,4.5746,3.7928,4.3117,2.7872,3.1802,3.0145,54.215,13.3365,8.299,13.8672,0.3472,0.0305,112.6306,5.7562,0.6011,3.0145,0.0182,0.1038,2.6698,0.2926,5.8835,115.0239,2.7396,3.6773,0.2716
25-Feb-20,4.233,5.4934,4.5987,3.8302,4.3291,2.797,3.1855,3.0282,54.3434,13.3449,8.2886,13.9347,0.3483,0.0305,112.8168,5.7706,0.6032,3.0282,0.0182,0.1039,2.6829,0.2944,5.8876,115.2417,2.7443,3.6809,0.2721
26-Feb-20,4.2255,5.482,4.603,3.8328,4.3394,2.7785,3.1779,3.0242,54.2249,13.2461,8.2723,13.9113,0.3473,0.0303,112.6169,5.7698,0.6021,3.0242,0.0182,0.1046,2.6678,0.2928,5.8982,115.0375,2.7394,3.6867,0.2706
27-Feb-20,4.2065,5.4396,4.6053,3.8224,4.329,2.7666,3.1578,3.0177,53.9655,13.253,8.2756,13.8952,0.3465,0.03,112.0971,5.7508,0.5999,3.0177,0.0181,0.1035,2.6606,0.2931,5.8742,114.5202,2.728,3.6716,0.2699
28-Feb-20,4.217,5.4311,4.6526,3.88,4.3758,2.7567,3.1365,3.0236,54.1026,13.3365,8.2703,13.9497,0.3486,0.0294,112.3949,5.7759,0.6035,3.0236,0.0181,0.1046,2.6386,0.2953,5.8496,114.8061,2.7344,3.6566,0.2698
2-Mar-20,4.2005,5.3687,4.656,3.8888,4.3585,2.7543,3.1534,3.0249,54.0091,13.4073,8.285,14.0068,0.3531,0.0294,111.9611,5.7685,0.6036,3.0249,0.0181,0.103,2.6295,0.2941,5.8197,114.3569,2.7215,3.6379,0.2686
3-Mar-20,4.2035,5.3674,4.6701,3.8894,4.3837,2.7535,3.1449,3.0165,54.0198,13.2938,8.2828,14.0159,0.3523,0.0294,112.0515,5.7964,0.602,3.0166,0.0181,0.104,2.6318,0.2948,5.757,114.4432,2.7246,3.5981,0.2685
4-Mar-20,4.1805,5.3473,4.6671,3.8919,4.3766,2.7623,3.1301,3.0187,53.8111,13.3456,8.2651,13.9662,0.3531,0.0296,111.4176,5.7621,0.6032,3.0187,0.018,0.1041,2.6289,0.301,5.6919,113.8124,2.7111,3.5582,0.2675
5-Mar-20,4.1625,5.3663,4.6358,3.8815,4.3564,2.7568,3.1056,3.0011,53.5621,13.1996,8.223,13.9177,0.3511,0.0294,110.9438,5.7499,0.5995,3.001,0.0179,0.1035,2.6265,0.3016,5.676,113.3254,2.6985,3.5484,0.2667
6-Mar-20,4.1755,5.4165,4.707,3.9479,4.4382,2.7719,3.1191,3.0239,53.7284,13.2661,8.2406,13.9635,0.3517,0.0293,111.2873,5.7786,0.6022,3.0238,0.018,0.1022,2.6556,0.3081,5.6705,113.6763,2.7074,3.5458,0.267
9-Mar-20,4.213,5.5371,4.8053,4.112,4.5428,2.7772,3.0953,3.045,54.2322,13.3428,8.331,14.0326,0.3509,0.0293,112.2389,5.8664,0.6062,3.045,0.0182,0.1036,2.6635,0.3109,5.6875,114.7003,2.6903,3.5547,0.2687
10-Mar-20,4.2325,5.5274,4.8085,4.0512,4.5401,2.7816,3.0971,3.048,54.4769,13.4622,8.3779,14.1163,0.3545,0.0295,112.7464,5.9245,0.6093,3.0481,0.0183,0.1043,2.6732,0.3124,5.7081,115.2296,2.6882,3.5687,0.2688
11-Mar-20,4.2295,5.4692,4.785,4.018,4.5153,2.7591,3.0884,3.0421,54.4446,13.4526,8.3703,14.1026,0.3551,0.0295,112.6875,5.8947,0.6087,3.0416,0.0183,0.1045,2.6709,0.3087,5.7359,115.1527,2.6706,3.5845,0.2691
12-Mar-20,4.2625,5.4449,4.8028,4.1074,4.552,2.7431,3.0964,3.0419,54.8418,13.4847,8.3415,14.1593,0.3531,0.0294,113.5607,5.9317,0.6099,3.0419,0.0184,0.1051,2.6666,0.3078,5.7471,116.0448,2.6893,3.5905,0.2715
13-Mar-20,4.2875,5.3997,4.805,4.0511,4.5443,2.6968,3.1001,3.0437,55.2018,13.47,8.3855,14.2229,0.352,0.029,114.2267,5.9435,0.6136,3.0438,0.0185,0.1053,2.6312,0.3093,5.7986,116.7302,2.6982,3.6241,0.2731
16-Mar-20,4.3065,5.3241,4.8345,4.0618,4.5814,2.6599,3.1033,3.0304,55.4404,13.441,8.3492,14.259,0.3511,0.0289,114.7452,5.935,0.6153,3.0303,0.0185,0.1052,2.6037,0.3116,5.799,117.2475,2.7196,3.6244,0.2728
17-Mar-20,4.3475,5.307,4.8307,4.0694,4.5648,2.6372,3.0945,3.0523,55.983,13.4639,8.3413,14.3629,0.3509,0.0287,115.8314,5.9936,0.6202,3.0525,0.0187,0.1062,2.6165,0.3051,5.8685,118.3589,2.7292,3.6674,0.2764
18-Mar-20,4.3695,5.2513,4.7942,4.0626,4.5445,2.5913,3.0575,3.0442,56.2634,13.4302,8.4467,14.4042,0.3476,0.0287,116.4114,5.9794,0.622,3.0442,0.0188,0.1068,2.5614,0.3066,5.8772,118.9627,2.7456,3.6737,0.2768
19-Mar-20,4.4095,5.0886,4.779,4.0486,4.53,2.5191,3.0436,3.0447,56.8063,13.5396,8.5605,14.4902,0.3451,0.0277,117.477,6.0179,0.621,3.0447,0.0189,0.1094,2.4914,0.3105,5.8758,120.0468,2.7699,3.6724,0.28
20-Mar-20,4.38,5.1984,4.7254,3.9854,4.4794,2.6043,3.0925,3.0336,56.4684,13.4832,8.5748,14.486,0.3529,0.0275,116.4662,5.9033,0.6199,3.0333,0.0187,0.1083,2.5579,0.3093,5.8397,119.2486,2.7513,3.6503,0.2781
23-Mar-20,4.444,5.1675,4.7586,4.0332,4.5089,2.5597,3.0754,3.0508,57.3083,13.4769,8.6526,14.6618,0.3513,0.0268,118.3647,5.9945,0.6251,3.0508,0.0189,0.1098,2.5073,0.3197,5.8491,120.991,2.8091,3.6558,0.2822
24-Mar-20,4.4335,5.1723,4.7993,4.0044,4.5383,2.6335,3.0752,3.0575,57.1677,13.4859,8.6744,14.6664,0.3559,0.0269,117.9594,5.967,0.6264,3.0575,0.0188,0.1095,2.5812,0.3236,5.8158,120.7002,2.785,3.6345,0.2819
25-Mar-20,4.3945,5.24,4.7614,3.9482,4.4842,2.6644,3.0722,3.0402,56.6648,13.3877,8.6032,14.5304,0.356,0.0266,117.0073,5.9529,0.6188,3.0402,0.0186,0.1089,2.5928,0.3184,5.7536,119.6385,2.7543,3.6194,0.279
26-Mar-20,4.327,5.1587,4.7327,3.9301,4.4457,2.5763,3.0472,3.0085,55.8132,13.2284,8.4793,14.2923,0.3524,0.0265,115.2177,5.8529,0.61,3.0083,0.0183,0.1068,2.5302,0.3124,5.7404,117.804,2.6628,3.5872,0.2747
27-Mar-20,4.345,5.284,4.7847,3.9894,4.5082,2.635,3.0886,3.0276,56.0548,13.3385,8.5146,14.3629,0.3554,0.0269,115.697,5.9132,0.6126,3.0275,0.0184,0.1086,2.5818,0.3115,5.7718,118.2909,2.6254,3.6073,0.2759
30-Mar-20,4.335,5.37,4.8079,4.0271,4.5378,2.6671,3.0801,3.0411,55.907,13.2731,8.495,14.3334,0.3539,0.0265,115.4,5.9203,0.6111,3.0409,0.0183,0.1068,2.6088,0.3164,5.7375,118.0186,2.6036,3.5859,0.2747
31-Mar-20,4.313,5.31,4.7352,3.9744,4.4727,2.6506,3.0393,3.0255,55.629,13.1394,8.4535,14.2475,0.3526,0.0264,114.7991,5.9113,0.608,3.0256,0.0183,0.1061,2.5764,0.3125,5.7128,117.4197,2.5892,3.5707,0.2738
1-Apr-20,4.35,5.3818,4.7663,4.0475,4.5101,2.6426,3.0646,3.0341,56.1127,13.1679,8.5194,14.3555,0.3536,0.0264,115.5379,5.9369,0.613,3.0341,0.0184,0.1071,2.5709,0.3141,5.7742,118.427,2.615,3.5931,0.2756
2-Apr-20,4.3625,5.4204,4.7634,4.0655,4.5086,2.6603,3.0883,3.0504,56.2754,13.2337,8.5724,14.4456,0.3555,0.0265,115.8853,5.9588,0.6146,3.0504,0.0185,0.1076,2.5983,0.3123,5.7098,118.7737,2.6104,3.6034,0.2767
3-Apr-20,4.357,5.3598,4.7051,4.0244,4.46,2.6227,3.0781,3.037,56.1896,13.2311,8.5734,14.4105,0.3535,0.0265,115.8007,5.95,0.6143,3.0366,0.0185,0.1076,2.5617,0.3112,5.7314,118.6175,2.6071,3.582,0.2766
6-Apr-20,4.369,5.3791,4.7146,4.0011,4.4666,2.6483,3.0929,3.0448,56.3491,13.2514,8.614,14.4554,0.3553,0.0266,116.1582,5.9347,0.616,3.0444,0.0186,0.1074,2.5847,0.307,5.7334,118.9442,2.6111,3.5831,0.277
7-Apr-20,4.345,5.357,4.7224,3.9908,4.466,2.68,3.0954,3.0471,56.0425,13.2712,8.5938,14.4328,0.3578,0.0269,115.5586,5.9015,0.6155,3.0469,0.0185,0.1073,2.5979,0.3001,5.7444,118.2909,2.598,3.5906,0.2759
8-Apr-20,4.3498,5.3532,4.7212,3.9948,4.4741,2.6694,3.0997,3.0444,56.1131,13.2604,8.5997,14.4361,0.3561,0.0269,115.7157,5.9239,0.6153,3.0452,0.0185,0.108,2.5877,0.3042,5.6938,118.425,2.5892,3.5595,0.2762
9-Apr-20,4.337,5.3798,4.7141,3.9827,4.4665,2.6993,3.0878,3.0456,55.9378,13.2226,8.5881,14.4158,0.3555,0.0274,115.2646,5.9078,0.6142,3.0455,0.0185,0.1061,2.6059,0.3065,5.6833,118.0731,2.5855,3.553,0.2754
10-Apr-20,4.31,5.3756,4.7162,3.9766,4.4645,2.7373,3.0896,3.0487,55.5903,13.1966,8.538,14.3475,0.356,0.0272,114.6277,5.8728,0.6128,3.0487,0.0184,0.1073,2.6209,0.3035,5.6774,117.338,2.5894,3.5309,0.273
13-Apr-20,4.324,5.4111,4.7266,4.0054,4.4753,2.7434,3.0964,3.0548,55.777,13.2232,8.5438,14.365,0.3553,0.0277,115,5.9122,0.6131,3.0548,0.0185,0.1078,2.6266,0.3045,5.6699,117.7191,2.5954,3.5431,0.2745
14-Apr-20,4.332,5.4414,4.7325,4.0273,4.4882,2.7703,3.1168,3.0582,55.8885,13.2427,8.5545,14.4136,0.3563,0.0277,115.2128,5.9179,0.6134,3.0582,0.0185,0.1079,2.6412,0.3051,5.6867,117.9369,2.5964,3.5497,0.2744
15-Apr-20,4.339,5.4303,4.7432,4.038,4.5006,2.747,3.0982,3.0471,55.9817,13.2976,8.5599,14.4182,0.3555,0.0279,115.4143,5.9377,0.6143,3.0472,0.0185,0.1085,2.6112,0.3056,5.6741,118.1307,2.6013,3.5475,0.2752
16-Apr-20,4.3715,5.4583,4.7597,4.0588,4.5249,2.7573,3.1012,3.0645,56.401,13.3859,8.607,14.5281,0.3566,0.028,116.2479,5.9741,0.618,3.0644,0.0186,0.1091,2.6113,0.3078,5.6902,119.0155,2.6092,3.5545,0.2769
17-Apr-20,4.37,5.4363,4.7331,4.0544,4.5005,2.7645,3.1006,3.0677,56.3806,13.4204,8.5939,14.5289,0.3592,0.0283,116.2853,5.9644,0.6178,3.0677,0.0187,0.1088,2.6146,0.3077,5.7278,118.9731,2.6752,3.5752,0.2775
20-Apr-20,4.375,5.453,4.7596,4.062,4.5252,2.7921,3.111,3.0782,56.4494,13.4719,8.6258,14.5731,0.3588,0.0284,116.558,5.9615,0.6187,3.0782,0.0187,0.1091,2.6543,0.3103,5.7261,119.1092,2.6759,3.5724,0.2778
21-Apr-20,4.3915,5.4433,4.7593,4.0903,4.5273,2.7671,3.0904,3.0757,56.6642,13.5269,8.6498,14.5916,0.3567,0.0284,117.0443,5.9894,0.6198,3.0757,0.0187,0.1096,2.627,0.3099,5.7198,119.5584,2.7276,3.5719,0.2788
22-Apr-20,4.375,5.3979,4.7513,4.0664,4.5143,2.7742,3.0918,3.0668,56.4509,13.5073,8.6275,14.5479,0.355,0.0283,116.1249,5.9565,0.6177,3.0668,0.0186,0.1073,2.6202,0.3081,5.7181,119.1092,2.7301,3.5662,0.2771
23-Apr-20,4.3563,5.3806,4.7037,4.0472,4.4735,2.7606,3.0781,3.0588,56.2003,13.4723,8.6058,14.4861,0.3541,0.0283,115.7961,5.938,0.6153,3.0587,0.0185,0.1065,2.6031,0.3079,5.7213,118.5987,2.7278,3.5789,0.2763
24-Apr-20,4.364,5.3749,4.6939,4.0522,4.4642,2.7746,3.0957,3.0631,56.3021,13.4525,8.5973,14.5032,0.3534,0.0283,116.0484,5.9327,0.6164,3.063,0.0186,0.108,2.6145,0.3099,5.7113,118.8097,2.7284,3.5674,0.2764
27-Apr-20,4.358,5.419,4.7282,4.0655,4.4831,2.8133,3.1035,3.0713,56.2315,13.4134,8.5821,14.5073,0.3551,0.0283,115.9197,5.9256,0.6153,3.0713,0.0186,0.1081,2.6414,0.3102,5.7177,118.6448,2.7094,3.5724,0.276
28-Apr-20,4.367,5.4448,4.7382,4.0796,4.4716,2.8311,3.1166,3.0816,56.3429,13.4576,8.6287,14.5591,0.3572,0.0283,116.1591,5.9558,0.6165,3.0816,0.0186,0.1067,2.6355,0.3082,5.7347,118.893,2.7103,3.5822,0.2773
29-Apr-20,4.343,5.4033,4.7189,4.0774,4.4686,2.8345,3.1165,3.0712,56.0351,13.4002,8.6,14.5265,0.3565,0.0284,115.5207,5.9321,0.6139,3.0713,0.0185,0.1071,2.6481,0.3102,5.7384,118.2396,2.6883,3.586,0.2757
30-Apr-20,4.305,5.3701,4.6862,4.036,4.4354,2.8172,3.1027,3.0544,55.5394,13.3076,8.5383,14.4837,0.3566,0.0289,114.6014,5.8717,0.6103,3.0544,0.0184,0.1063,2.6351,0.3075,5.7288,117.205,2.6906,3.582,0.2733
4-May-20,4.3145,5.3642,4.7222,4.0415,4.477,2.7673,3.0597,3.0471,55.6491,13.3431,8.5284,14.4908,0.3523,0.0286,114.839,5.9078,0.6109,3.0471,0.0184,0.1052,2.6116,0.3108,5.709,117.4605,2.6949,3.5614,0.2739
5-May-20,4.31,5.3582,4.6746,4.0361,4.4415,2.7685,3.0591,3.0419,55.5839,13.2994,8.5144,14.4384,0.3522,0.0286,114.7803,5.8881,0.6103,3.0424,0.0184,0.1052,2.6019,0.3107,5.6868,117.3396,2.7022,3.5617,0.2737
6-May-20,4.3185,5.3441,4.6648,4.0601,4.431,2.7751,3.0732,3.0433,55.7093,13.3297,8.538,14.4157,0.3528,0.0287,115.0067,5.8856,0.6085,3.0436,0.0184,0.1053,2.611,0.3113,5.7007,117.571,2.7042,3.5627,0.2742
8-May-20,4.334,5.3718,4.6959,4.075,4.4602,2.8249,3.1068,3.0669,55.9128,13.4325,8.5907,14.5047,0.3551,0.029,115.3887,5.8988,0.6122,3.0669,0.0185,0.1059,2.6533,0.3118,5.7324,117.9962,2.7121,3.5857,0.2752
12-May-20,4.335,5.3414,4.6907,4.0309,4.4608,2.8123,3.0936,3.0577,55.9315,13.4921,8.632,14.4983,0.3541,0.0291,115.4,5.8992,0.6115,3.058,0.0186,0.1062,2.637,0.3096,5.7412,118.0186,2.7018,3.5883,0.2746
13-May-20,4.328,5.3126,4.6926,4.0428,4.4605,2.8048,3.0814,3.0528,55.8405,13.5039,8.6061,14.4771,0.3533,0.0291,115.2136,5.8938,0.6101,3.0529,0.0185,0.1056,2.6031,0.3087,5.7358,117.8312,2.689,3.584,0.2741
14-May-20,4.337,5.292,4.6883,4.0595,4.458,2.7906,3.0757,3.0506,55.9544,13.5151,8.6017,14.5002,0.3533,0.0291,115.4225,5.9101,0.6113,3.0501,0.0186,0.1055,2.5948,0.3131,5.7459,118.0763,2.7098,3.5871,0.2754
15-May-20,4.347,5.3055,4.6995,4.0602,4.4667,2.809,3.0946,3.0545,56.0813,13.5547,8.5757,14.5312,0.3534,0.0293,115.6732,5.9064,0.6122,3.0545,0.0186,0.1066,2.6054,0.3139,5.7493,118.3501,2.734,3.5954,0.2762
18-May-20,4.37,5.2897,4.724,4.0729,4.4936,2.8165,3.1055,3.0629,56.3758,13.6392,8.577,14.5458,0.3541,0.0294,116.3317,5.9405,0.6141,3.063,0.0187,0.1068,2.6015,0.3162,5.7526,118.9763,2.7244,3.5979,0.2768
19-May-20,4.345,5.3226,4.7584,4.0428,4.4727,2.8492,3.121,3.0686,56.0605,13.6207,8.5683,14.5051,0.3545,0.0294,115.6816,5.9016,0.6115,3.0686,0.0186,0.1059,2.6461,0.3104,5.7485,118.2909,2.708,3.5902,0.2752
20-May-20,4.3545,5.3323,4.7649,4.0456,4.501,2.8491,3.1267,3.0723,56.1853,13.6783,8.5888,14.532,0.3538,0.0296,115.95,5.9459,0.6126,3.0725,0.0187,0.1067,2.6571,0.3104,5.7465,118.5543,2.7199,3.5906,0.2758
21-May-20,4.345,5.312,4.7678,4.0319,4.4963,2.856,3.123,3.0715,56.0638,13.6506,8.5853,14.5454,0.3533,0.0295,115.7124,5.9319,0.6122,3.0712,0.0187,0.1066,2.6609,0.3115,5.7627,118.2908,2.7063,3.5917,0.274
22-May-20,4.365,5.3155,4.7581,4.0591,4.49,2.8458,3.1117,3.0661,56.2707,13.6834,8.5858,14.5297,0.3519,0.0297,116.1522,5.9621,0.6113,3.0663,0.0188,0.1067,2.6635,0.3158,5.7446,118.8353,2.7078,3.5917,0.2752
27-May-20,4.353,5.3555,4.7694,4.0455,4.4825,2.8947,3.1631,3.0701,56.1478,13.6586,8.5892,14.4914,0.3523,0.0296,115.8792,5.9411,0.6083,3.0701,0.0187,0.1066,2.7028,0.315,5.7498,118.5087,2.7004,3.5931,0.2748
28-May-20,4.357,5.3391,4.7923,4.0408,4.4927,2.8778,3.1607,3.0686,56.1885,13.6765,8.5954,14.5122,0.3515,0.0296,116.0165,5.9559,0.6087,3.0687,0.0187,0.106,2.6918,0.3123,5.7474,118.6175,2.6945,3.5949,0.2751
29-May-20,4.3455,5.3424,4.8305,4.0527,4.5186,2.8891,3.155,3.0772,56.0511,13.6565,8.6118,14.4778,0.3513,0.0297,115.6795,5.934,0.6085,3.0772,0.0187,0.1049,2.6949,0.3144,5.752,118.3045,2.6721,3.5916,0.2743
1-Jun-20,4.3125,5.3501,4.8039,4.0152,4.4997,2.9053,3.1448,3.0647,55.6333,13.6084,8.5684,14.4019,0.3513,0.0295,114.8622,5.9168,0.6047,3.0647,0.0185,0.1041,2.6901,0.3089,5.7104,117.406,2.6477,3.5679,0.27
2-Jun-20,4.2795,5.3721,4.7802,3.9708,4.466,2.9285,3.1688,3.0536,55.2154,13.576,8.5147,14.3036,0.3502,0.0297,113.9984,5.8683,0.6025,3.0536,0.0184,0.1034,2.6952,0.3101,5.6844,116.5076,2.5882,3.5488,0.2681
3-Jun-20,4.267,5.364,4.7837,3.9224,4.4316,2.9398,3.1556,3.0508,55.0556,13.5203,8.5545,14.2578,0.3503,0.0303,113.6806,5.8708,0.6001,3.0508,0.0183,0.1035,2.7243,0.3092,5.6557,116.1673,2.5822,3.5339,0.2647
4-Jun-20,4.2755,5.3516,4.7913,3.9201,4.4499,2.9497,3.1686,3.0499,55.166,13.5344,8.5613,14.2946,0.3508,0.0303,113.8767,5.8845,0.6002,3.0499,0.0184,0.1048,2.7453,0.3052,5.6618,116.3987,2.6271,3.5355,0.2641
5-Jun-20,4.269,5.3947,4.8381,3.9077,4.4571,2.9781,3.1671,3.063,55.0832,13.5567,8.5706,14.3298,0.3532,0.0308,113.7036,5.8721,0.6019,3.063,0.0184,0.1035,2.7736,0.3051,5.6489,116.2265,2.6142,3.5298,0.2629
9-Jun-20,4.276,5.4053,4.8156,3.9635,4.4766,2.9569,3.174,3.0695,55.1738,13.6265,8.5435,14.3659,0.3561,0.0308,113.9659,5.8995,0.6032,3.0696,0.0184,0.1035,2.773,0.3072,5.6589,116.4124,2.6073,3.5343,0.2641
10-Jun-20,4.2525,5.4285,4.8349,3.9626,4.4957,2.9755,3.1761,3.0711,54.8706,13.6473,8.5272,14.3724,0.3576,0.0304,113.3396,5.8733,0.602,3.0711,0.0183,0.1033,2.7845,0.3042,5.6291,115.7726,2.5851,3.5161,0.2626
11-Jun-20,4.249,5.3954,4.8392,3.9775,4.5188,2.9499,3.1544,3.0632,54.8194,13.7242,8.481,14.3581,0.3557,0.0303,113.2463,5.8926,0.6012,3.0631,0.0183,0.1042,2.7623,0.3061,5.6098,115.6773,2.5745,3.5042,0.2622
12-Jun-20,4.2615,5.3833,4.8261,3.9718,4.5043,2.9396,3.1443,3.0673,54.9864,13.7557,8.4907,14.395,0.3543,0.0302,113.5794,5.9088,0.6023,3.0673,0.0184,0.1037,2.7559,0.3046,5.6184,116.0176,2.5789,3.5117,0.2634
15-Jun-20,4.278,5.3653,4.8198,3.9868,4.4998,2.918,3.1357,3.0677,55.1989,13.7733,8.5016,14.4142,0.3521,0.0303,114.004,5.9145,0.6031,3.0678,0.0184,0.1037,2.7516,0.3056,5.6292,116.4668,2.592,3.5169,0.2639
16-Jun-20,4.2735,5.4043,4.8447,3.977,4.5065,2.9603,3.1499,3.0738,55.1409,13.7544,8.5333,14.4161,0.3526,0.0303,113.9144,5.8947,0.6037,3.0738,0.0184,0.1044,2.7618,0.3092,5.6209,116.3443,2.585,3.5044,0.2636
17-Jun-20,4.2805,5.3755,4.819,3.9845,4.5027,2.9544,3.1639,3.0722,55.2319,13.735,8.5439,14.4577,0.3529,0.0304,114.1102,5.9228,0.604,3.0721,0.0185,0.1052,2.7648,0.3064,5.6204,116.5349,2.5841,3.5129,0.264
18-Jun-20,4.2755,5.3512,4.8095,3.9945,4.5019,2.9484,3.1594,3.072,55.1674,13.752,8.5356,14.4448,0.3537,0.0304,113.983,5.8996,0.6039,3.072,0.0184,0.1051,2.7611,0.3065,5.6154,116.3987,2.5811,3.5094,0.2638
19-Jun-20,4.277,5.3088,4.7971,3.9996,4.4997,2.9359,3.1481,3.0685,55.1846,13.7946,8.5386,14.4635,0.354,0.0303,114.0229,5.9039,0.6045,3.0683,0.0184,0.1055,2.7475,0.3064,5.6176,116.4396,2.5581,3.5085,0.2643
22-Jun-20,4.2775,5.3154,4.8011,4.0012,4.5038,2.9457,3.1533,3.0666,55.1925,13.7984,8.5345,14.4515,0.3525,0.0302,114.0363,5.8918,0.6045,3.0666,0.0184,0.1053,2.7603,0.3088,5.6268,116.4564,2.5652,3.5165,0.2647
23-Jun-20,4.276,5.3382,4.828,3.9946,4.5268,2.9594,3.1599,3.0715,55.1738,13.8114,8.5247,14.4513,0.3537,0.0302,113.9963,5.8919,0.6051,3.0714,0.0184,0.1051,2.773,0.3076,5.6532,116.4124,2.5544,3.5327,0.2645
24-Jun-20,4.2755,5.3444,4.833,4.0136,4.5253,2.9586,3.1528,3.079,55.1674,13.8747,8.5544,14.5109,0.3557,0.0303,113.9829,5.9066,0.6044,3.0789,0.0184,0.1051,2.7543,0.3098,5.6523,116.3987,2.5541,3.5291,0.2638
25-Jun-20,4.278,5.3235,4.8038,3.9905,4.5084,2.9441,3.1394,3.0732,55.1968,13.8402,8.5461,14.4899,0.3554,0.0302,114.0496,5.9176,0.6044,3.0736,0.0184,0.104,2.754,0.3104,5.6621,116.4731,2.5579,3.5336,0.2639
26-Jun-20,4.2875,5.3197,4.8187,4.0121,4.5275,2.9528,3.141,3.0833,55.3208,13.8709,8.5853,14.5359,0.3575,0.0302,114.2937,5.9058,0.6057,3.0833,0.0185,0.1041,2.7642,0.3116,5.6733,116.7254,2.5582,3.5422,0.2653
29-Jun-20,4.285,5.2836,4.823,3.9972,4.5267,2.9457,3.1366,3.078,55.2878,13.8763,8.5958,14.5417,0.357,0.0301,114.2271,5.9062,0.6054,3.078,0.0185,0.1053,2.7587,0.3116,5.6736,116.6574,2.5567,3.5431,0.2647
30-Jun-20,4.2825,5.2559,4.8045,3.9769,4.4989,2.9329,3.1293,3.0677,55.257,13.8727,8.5787,14.5446,0.3559,0.03,114.1696,5.9089,0.6054,3.0676,0.0185,0.1048,2.7408,0.3142,5.668,116.5893,2.5499,3.5448,0.2645
1-Jul-20,4.2855,5.3082,4.813,3.9854,4.5263,2.9626,3.162,3.0761,55.2921,13.8465,8.5985,14.5473,0.3564,0.03,114.2495,5.8956,0.6069,3.076,0.0185,0.1051,2.7706,0.3133,5.6704,116.671,2.557,3.5432,0.2653
2-Jul-20,4.286,5.3674,4.8423,3.9916,4.5451,2.9711,3.155,3.0792,55.3014,13.7991,8.629,14.5535,0.3576,0.0298,114.2629,5.9021,0.6067,3.0792,0.0185,0.1055,2.7932,0.3149,5.7408,116.6846,2.5527,3.5709,0.2658
3-Jul-20,4.287,5.3425,4.8158,3.9892,4.5298,2.9732,3.161,3.0746,55.3151,13.7801,8.6624,14.55,0.3575,0.0295,114.2895,5.9195,0.6067,3.0747,0.0185,0.1052,2.7983,0.3171,5.7392,116.7182,2.5694,3.59,0.2659
6-Jul-20,4.283,5.3499,4.8357,3.9814,4.546,2.9823,3.1629,3.0747,55.2642,13.7584,8.6771,14.5458,0.3585,0.0296,114.1829,5.9049,0.6089,3.0703,0.0185,0.1054,2.8017,0.3129,5.7327,116.6077,2.5762,3.5847,0.2669
7-Jul-20,4.2775,5.3343,4.819,3.9722,4.5289,2.9622,3.1492,3.0639,55.1932,13.7231,8.631,14.5207,0.3573,0.0296,114.0363,5.8973,0.6089,3.0665,0.0184,0.1045,2.7898,0.3134,5.7089,116.4579,2.558,3.5674,0.2669
8-Jul-20,4.2745,5.3555,4.8212,3.9735,4.5391,2.9663,3.1421,3.0621,55.1541,13.6784,8.6284,14.5071,0.3574,0.0297,113.9563,5.9045,0.6091,3.0644,0.0184,0.1042,2.7955,0.3131,5.697,116.3715,2.5574,3.5612,0.2671
9-Jul-20,4.261,5.3859,4.8273,3.9717,4.5407,2.9763,3.1569,3.0611,54.9803,13.668,8.6203,14.4804,0.3566,0.0296,113.6024,5.8858,0.6097,3.0547,0.0184,0.1041,2.8029,0.3126,5.6776,116.004,2.547,3.5508,0.2667
10-Jul-20,4.267,5.3751,4.8157,3.9966,4.5307,2.9628,3.1345,3.0636,55.0566,13.6369,8.6289,14.4747,0.3553,0.0296,113.7639,5.912,0.6088,3.0654,0.0184,0.1043,2.7992,0.3131,5.6719,116.1673,2.5682,3.5461,0.2669
13-Jul-20,4.2655,5.3779,4.8236,3.9842,4.5284,2.9703,3.1438,3.0673,55.0348,13.5931,8.6294,14.4868,0.3546,0.0296,113.7224,5.9054,0.6091,3.0665,0.0184,0.1043,2.798,0.3136,5.6722,116.1265,2.5504,3.5454,0.2674
14-Jul-20,4.271,5.3507,4.848,3.9795,4.546,2.966,3.1339,3.0638,55.1068,13.5201,8.6265,14.4868,0.3543,0.0296,113.869,5.9176,0.6086,3.0705,0.0184,0.1046,2.787,0.3133,5.6633,116.2762,2.5537,3.5394,0.2681
15-Jul-20,4.263,5.3739,4.8756,3.9877,4.5414,2.985,3.1393,3.0702,54.9965,13.5333,8.6278,14.4695,0.355,0.0292,113.6558,5.9069,0.61,3.0588,0.0184,0.1044,2.7935,0.3125,5.6731,116.0584,2.5497,3.5454,0.2669
16-Jul-20,4.2705,5.3556,4.8654,3.9894,4.5195,2.9823,3.1577,3.0656,55.0798,13.4801,8.6203,14.4945,0.3545,0.0292,113.8648,5.9376,0.6101,3.0641,0.0184,0.1042,2.798,0.3108,5.6761,116.2626,2.5527,3.5496,0.2676
17-Jul-20,4.2685,5.3627,4.8733,3.984,4.5275,2.985,3.1452,3.071,55.0547,13.4653,8.6372,14.4857,0.3545,0.029,113.8115,5.922,0.6099,3.0627,0.0184,0.1041,2.7971,0.3102,5.6935,116.2082,2.5484,3.5562,0.2675
20-Jul-20,4.2625,5.3656,4.884,3.9764,4.5375,2.982,3.1409,3.0653,54.9755,13.3957,8.639,14.4546,0.3543,0.0288,113.6515,5.9201,0.6098,3.0656,0.0184,0.1049,2.7981,0.3116,5.692,116.0448,2.541,3.5556,0.2669
21-Jul-20,4.262,5.4106,4.8774,3.9722,4.5408,3.0066,3.1584,3.0664,54.9818,13.449,8.6345,14.4769,0.3563,0.0289,113.6473,5.9259,0.6096,3.0684,0.0184,0.1049,2.8061,0.3077,5.708,116.0312,2.5294,3.5632,0.2663
22-Jul-20,4.257,5.3877,4.9049,3.9772,4.5568,3.0335,3.1597,3.0715,54.9191,13.4417,8.6261,14.4653,0.3554,0.0291,113.5139,5.9195,0.6075,3.0652,0.0184,0.1039,2.829,0.3085,5.6969,115.8951,2.5302,3.5589,0.2662
23-Jul-20,4.252,5.4081,4.9274,3.9688,4.5814,3.04,3.1778,3.0734,54.8507,13.4302,8.6178,14.4567,0.3554,0.0292,113.3806,5.9348,0.608,3.0616,0.0183,0.1038,2.8416,0.3108,5.6877,115.759,2.5291,3.5544,0.2659
24-Jul-20,4.2635,5.427,4.9461,4.0061,4.6062,3.0192,3.1739,3.0778,55.0019,13.4602,8.6358,14.4717,0.3543,0.0292,113.6842,5.9522,0.6076,3.0699,0.0184,0.1052,2.8256,0.3125,5.6979,116.072,2.536,3.5608,0.2666
27-Jul-20,4.2525,5.46,4.9735,4.03,4.6198,3.0291,3.1756,3.0802,54.8635,13.4191,8.6433,14.4815,0.3551,0.0293,113.3909,5.9392,0.6072,3.0732,0.0183,0.1036,2.8328,0.3162,5.6831,115.7789,2.546,3.5514,0.2664
28-Jul-20,4.253,5.4779,4.9847,4.0349,4.6223,3.0379,3.1801,3.0812,54.8742,13.4206,8.6461,14.5198,0.3545,0.0293,113.3891,5.9749,0.6072,3.0735,0.0183,0.1037,2.8306,0.315,5.6837,115.7862,2.5551,3.552,0.266
29-Jul-20,4.2435,5.5023,4.9863,4.0447,4.6354,3.0475,3.1789,3.0869,54.7545,13.4843,8.6479,14.4938,0.3559,0.0292,113.1479,5.9644,0.6063,3.0667,0.0183,0.1043,2.8291,0.312,5.6771,115.5276,2.541,3.5456,0.2655
30-Jul-20,4.243,5.5104,4.9821,4.0377,4.6394,3.0278,3.1619,3.0841,54.7473,13.5127,8.6328,14.4753,0.3548,0.0291,113.1225,5.969,0.6058,3.0663,0.0183,0.1037,2.8112,0.3131,5.6683,115.5139,2.5422,3.5432,0.2657
3-Aug-20,4.2245,5.5349,4.9758,4.0007,4.6064,3.01,3.1489,3.0731,54.5083,13.5357,8.6074,14.3766,0.3536,0.0289,112.6413,5.9695,0.6054,3.0707,0.0182,0.1029,2.803,0.3102,5.6312,115.0103,2.5251,3.5195,0.2645
4-Aug-20,4.2225,5.5184,4.9794,3.9852,4.6117,3.0168,3.1591,3.0707,54.4835,13.5772,8.6015,14.3608,0.3537,0.0289,112.5835,5.9354,0.6049,3.067,0.0182,0.1032,2.7921,0.3125,5.6274,114.9558,2.5112,3.5161,0.2641
5-Aug-20,4.1975,5.4996,4.9701,3.9717,4.6121,3.0224,3.1623,3.0635,54.1585,13.5403,8.5593,14.2981,0.3535,0.0288,111.9214,5.9075,0.6046,3.0483,0.0181,0.1029,2.7928,0.3114,5.6084,114.2814,2.4949,3.5005,0.2621
6-Aug-20,4.19,5.5145,4.9622,3.965,4.613,3.0101,3.1537,3.0566,54.0638,13.4727,8.5353,14.2658,0.3533,0.0287,111.7214,5.9162,0.6033,3.0428,0.0181,0.1028,2.7813,0.3101,5.5882,114.071,2.4859,3.4947,0.262
7-Aug-20,4.1905,5.4917,4.9586,3.9685,4.5898,3.0234,3.1385,3.0568,54.0706,13.4483,8.5486,14.2573,0.3535,0.0287,111.7407,5.9205,0.6022,3.0432,0.0181,0.1025,2.7888,0.3093,5.5929,114.0847,2.4885,3.4953,0.2624
10-Aug-20,4.197,5.4888,4.9411,3.9615,4.5844,3.0055,3.137,3.0565,54.1538,13.4822,8.5548,14.2646,0.3536,0.0287,111.914,5.9217,0.6022,3.0479,0.0181,0.1027,2.7692,0.31,5.6037,114.2616,2.4901,3.5023,0.2624
11-Aug-20,4.1975,5.4937,4.9415,3.956,4.5909,3.0113,3.1546,3.0585,54.1602,13.4968,8.5698,14.2721,0.3543,0.0286,111.9274,5.905,0.604,3.0483,0.0181,0.1025,2.7781,0.3091,5.6235,114.2752,2.4908,3.5084,0.2622
12-Aug-20,4.1925,5.4729,4.9253,3.9254,4.577,2.9876,3.1504,3.052,54.0901,13.4937,8.5719,14.2607,0.3539,0.0284,111.794,5.9099,0.6034,3.0535,0.0181,0.1026,2.7432,0.3071,5.6014,114.1391,2.4874,3.5015,0.2624
13-Aug-20,4.1915,5.4854,4.9623,3.9266,4.6101,3.0047,3.1689,3.057,54.0818,13.5035,8.5874,14.2505,0.354,0.0284,111.7674,5.9013,0.6038,3.0539,0.0181,0.1025,2.7534,0.31,5.6013,114.1119,2.4902,3.5002,0.2632
14-Aug-20,4.1935,5.4845,4.955,3.9296,4.6077,2.9975,3.1661,3.0562,54.1069,13.4796,8.6091,14.2593,0.3535,0.0283,111.8222,5.9174,0.6034,3.0569,0.0181,0.1027,2.7415,0.3097,5.5992,114.1663,2.4925,3.499,0.2632
17-Aug-20,4.193,5.4893,4.9639,3.9376,4.6176,3.0108,3.1684,3.0605,54.1001,13.4348,8.6223,14.259,0.3536,0.0283,111.8074,5.9108,0.6042,3.0605,0.0181,0.1029,2.7378,0.3094,5.601,114.1527,2.4885,3.4993,0.2638
18-Aug-20,4.1825,5.5096,4.983,3.9622,4.6221,3.0267,3.178,3.0644,53.9667,13.427,8.6202,14.2233,0.353,0.0282,111.5244,5.9048,0.6042,3.0643,0.018,0.1024,2.7437,0.3091,5.6022,113.8669,2.4819,3.4966,0.2627
19-Aug-20,4.1755,5.5296,4.9862,3.962,4.6271,3.0352,3.1765,3.062,53.8771,13.3744,8.6004,14.2198,0.3544,0.0283,111.3318,5.9109,0.6045,3.062,0.018,0.1028,2.7709,0.3086,5.5795,113.6763,2.4781,3.4877,0.2625
21-Aug-20,4.1785,5.5156,4.9361,3.9601,4.5885,3.0006,3.1663,3.0533,53.9144,13.2483,8.5907,14.2145,0.3515,0.0283,111.4088,5.9025,0.6044,3.0533,0.018,0.1031,2.7298,0.3072,5.581,113.758,2.4798,3.4894,0.2623
24-Aug-20,4.1755,5.4716,4.9365,3.9453,4.588,2.998,3.1729,3.0491,53.8757,13.2766,8.604,14.2092,0.3517,0.0285,111.3318,5.8941,0.604,3.0491,0.018,0.1032,2.7268,0.3086,5.635,113.6763,2.4773,3.5116,0.2628
25-Aug-20,4.1705,5.4667,4.9312,3.922,4.586,2.9865,3.1542,3.0452,53.8105,13.2439,8.5972,14.1962,0.3513,0.0285,111.2,5.8915,0.6033,3.0452,0.018,0.1031,2.7229,0.3103,5.6178,113.5402,2.4736,3.507,0.2622
26-Aug-20,4.1705,5.4869,4.9272,3.9261,4.582,3.0057,3.1647,3.0494,53.8112,13.3073,8.5919,14.1984,0.3515,0.0284,111.203,5.8875,0.6054,3.0494,0.018,0.1015,2.7396,0.3112,5.6125,113.5402,2.4729,3.5082,0.2625
27-Aug-20,4.173,5.5138,4.9383,3.9348,4.5973,3.0269,3.1735,3.0565,53.8448,13.3622,8.59,14.2161,0.3524,0.0285,111.2696,5.893,0.6062,3.0565,0.018,0.1015,2.7688,0.313,5.6501,113.6082,2.4936,3.5333,0.263
28-Aug-20,4.1725,5.5417,4.969,3.9413,4.6197,3.0524,3.1914,3.0665,53.838,13.3906,8.6138,14.2101,0.3525,0.0285,111.2489,5.8929,0.6078,3.0665,0.018,0.1015,2.7899,0.3135,5.6924,113.5946,2.506,3.5533,0.2629
1-Sep-20,4.1425,5.5596,4.9602,3.9174,4.589,3.0594,3.187,3.0511,53.4513,13.3285,8.5377,14.1084,0.3498,0.0284,110.449,5.8778,0.6069,3.0511,0.0179,0.1006,2.8041,0.3143,5.6713,112.7779,2.5039,3.553,0.263
2-Sep-20,4.1455,5.5307,4.9153,3.9037,4.541,3.0438,3.1718,3.0437,53.4893,13.2614,8.5263,14.1181,0.3493,0.0281,110.5246,5.9013,0.6073,3.0437,0.0179,0.1007,2.8019,0.3145,5.6727,112.8595,2.5048,3.5477,0.2619
3-Sep-20,4.1435,5.5179,4.9028,3.8996,4.5473,3.0316,3.1689,3.0393,53.4628,13.2127,8.5292,14.1173,0.3485,0.028,110.4712,5.8724,0.6063,3.0393,0.0179,0.1006,2.7983,0.3148,5.6464,112.8051,2.4968,3.5246,0.2615
4-Sep-20,4.1495,5.5232,4.9211,3.9071,4.5614,3.0252,3.1693,3.0427,53.5402,13.2024,8.5451,14.1467,0.3491,0.0281,110.6356,5.8665,0.6068,3.0427,0.0179,0.1007,2.7897,0.3132,5.6719,112.9684,2.5042,3.5458,0.2625
7-Sep-20,4.154,5.4797,4.9152,3.9113,4.5491,3.0249,3.1693,3.0412,53.5972,13.2167,8.5421,14.1673,0.3498,0.0282,110.7571,5.8803,0.6081,3.0412,0.0179,0.1008,2.7848,0.3126,5.6595,113.0971,2.5047,3.5398,0.2629
8-Sep-20,4.166,5.4595,4.9192,3.9193,4.5391,3.0285,3.1702,3.0444,53.7521,13.2591,8.572,14.2345,0.3504,0.0282,111.0756,5.8973,0.6095,3.0444,0.018,0.1011,2.7812,0.3161,5.6568,113.4238,2.5062,3.5377,0.2638
9-Sep-20,4.1705,5.3966,4.9058,3.935,4.5435,3.0149,3.1514,3.0428,53.8094,13.2903,8.5777,14.228,0.3512,0.0282,111.1955,5.8876,0.609,3.0431,0.018,0.1013,2.7638,0.3138,5.6702,113.5402,2.5063,3.5447,0.2645
10-Sep-20,4.1645,5.4205,4.9279,3.9264,4.5834,3.0278,3.1646,3.0438,53.7327,13.2924,8.5725,14.2187,0.3508,0.028,111.0326,5.8677,0.6089,3.0438,0.018,0.1012,2.7804,0.3131,5.6668,113.3768,2.5035,3.5432,0.2649
11-Sep-20,4.154,5.3109,4.9258,3.9106,4.5719,3.0303,3.1529,3.0403,53.5972,13.2631,8.5526,14.192,0.35,0.0279,110.7497,5.8705,0.6077,3.0403,0.0179,0.101,2.7749,0.3123,5.6504,113.0909,2.5002,3.5304,0.2636
14-Sep-20,4.1425,5.3219,4.9113,3.908,4.5627,3.0126,3.1442,3.0319,53.4506,13.2306,8.5412,14.16,0.3503,0.0278,110.4372,5.8503,0.6071,3.0319,0.0179,0.1006,2.7728,0.3129,5.6349,112.7779,2.4925,3.5234,0.2635
15-Sep-20,4.1305,5.3205,4.9074,3.9042,4.558,3.021,3.1375,3.0355,53.2961,13.243,8.5306,14.1344,0.3502,0.0278,110.1202,5.8401,0.6096,3.0355,0.0178,0.1006,2.7782,0.3148,5.6089,112.4573,2.486,3.5052,0.262
17-Sep-20,4.139,5.3641,4.8855,3.9519,4.5454,3.0204,3.1332,3.0442,53.4061,13.2788,8.5393,14.2009,0.353,0.0279,110.3469,5.8643,0.6114,3.0442,0.0179,0.1009,2.7829,0.3145,5.6214,112.6826,2.4919,3.5121,0.2626
18-Sep-20,4.1225,5.3537,4.8891,3.9459,4.5379,3.0125,3.133,3.0402,53.1932,13.277,8.5158,14.2118,0.3553,0.028,109.9084,5.8293,0.61,3.0402,0.0178,0.1005,2.7959,0.313,5.613,112.2334,2.4861,3.5079,0.2616
21-Sep-20,4.119,5.2904,4.8608,3.956,4.509,2.9984,3.115,3.0327,53.1484,13.1977,8.5033,14.2049,0.3543,0.028,109.8166,5.8351,0.6079,3.0327,0.0178,0.1004,2.7727,0.3135,5.6041,112.1381,2.4776,3.5082,0.2619
22-Sep-20,4.1355,5.3034,4.8574,3.9553,4.517,2.9813,3.1071,3.0327,53.3599,13.183,8.5338,14.2439,0.3556,0.028,110.2624,5.8447,0.6094,3.0327,0.0178,0.1009,2.758,0.3157,5.6248,112.5873,2.4905,3.5125,0.2626
23-Sep-20,4.1525,5.2753,4.8599,3.9518,4.5136,2.9589,3.117,3.0406,53.5796,13.1909,8.5619,14.2673,0.3574,0.028,110.7112,5.8628,0.6117,3.0406,0.0179,0.1013,2.7398,0.3177,5.6481,113.0501,2.4989,3.5274,0.2633
24-Sep-20,4.1675,5.3079,4.8581,3.9559,4.5069,2.9375,3.1108,3.0306,53.7728,13.1883,8.5822,14.2148,0.3551,0.028,111.1111,5.8668,0.6105,3.0306,0.018,0.1017,2.721,0.3206,5.6379,113.4585,2.5121,3.5246,0.2641
25-Sep-20,4.167,5.3192,4.8571,3.952,4.4959,2.9461,3.1197,3.0312,53.7657,13.216,8.6006,14.2569,0.3554,0.028,111.0963,5.851,0.6111,3.0312,0.018,0.1017,2.7392,0.3218,5.6629,113.4495,2.5127,3.5378,0.2642
28-Sep-20,4.1755,5.3555,4.8607,3.964,4.5046,2.9408,3.1174,3.0351,53.8774,13.1636,8.6075,14.3508,0.356,0.028,111.3259,5.8601,0.6124,3.0351,0.018,0.1018,2.7337,0.3204,5.6613,113.6763,2.5161,3.5371,0.2649
29-Sep-20,4.1605,5.3583,4.8609,3.9371,4.5073,2.9575,3.1134,3.0356,53.6839,13.1453,8.5819,14.3224,0.356,0.0279,110.923,5.8521,0.6101,3.0356,0.0179,0.1015,2.7384,0.3215,5.6369,113.2679,2.5082,3.5208,0.2636
30-Sep-20,4.1555,5.3274,4.8661,3.9331,4.5012,2.9579,3.1004,3.0334,53.619,13.1213,8.5663,14.3446,0.3551,0.0279,110.7867,5.848,0.6099,3.0334,0.0179,0.1012,2.7339,0.3187,5.6343,113.1318,2.5101,3.5207,0.2637
1-Oct-20,4.1495,5.3203,4.8649,3.93,4.5125,2.9777,3.1175,3.0426,53.5402,13.1272,8.5645,14.3711,0.3564,0.028,110.6297,5.8407,0.611,3.0427,0.0179,0.1009,2.7507,0.318,5.6666,112.9684,2.513,3.5454,0.2632
2-Oct-20,4.1625,5.3884,4.8755,3.9568,4.5183,2.9758,3.1271,3.0503,53.7076,13.1683,8.586,14.3887,0.3576,0.028,110.9763,5.8713,0.613,3.0503,0.0179,0.101,2.7589,0.319,5.6701,113.3224,2.5289,3.5565,0.2643
5-Oct-20,4.158,5.3859,4.8854,3.9362,4.5368,2.9859,3.1329,3.0538,53.6513,13.2168,8.5909,14.4435,0.3583,0.0281,110.8564,5.8631,0.6123,3.0538,0.0179,0.1009,2.7626,0.3196,5.6745,113.1998,2.5315,3.5457,0.2649
6-Oct-20,4.1565,5.3999,4.8947,3.9381,4.5439,2.9761,3.1349,3.0566,53.6319,13.3221,8.5772,14.4549,0.3578,0.0282,110.8134,5.8686,0.6121,3.0566,0.0179,0.1009,2.7607,0.3217,5.6603,113.159,2.5352,3.5365,0.2648
7-Oct-20,4.1565,5.3638,4.8872,3.9218,4.5302,2.9669,3.1265,3.0592,53.6319,13.3093,8.5825,14.5053,0.359,0.0283,110.8105,5.8729,0.6121,3.0592,0.0179,0.1008,2.7425,0.3227,5.6714,113.159,2.5352,3.5421,0.2644
8-Oct-20,4.1545,5.3817,4.8861,3.9199,4.5273,2.9769,3.139,3.06,53.6061,13.3285,8.5801,14.4953,0.3607,0.0282,110.7542,5.8628,0.6118,3.0601,0.0179,0.1009,2.7382,0.3241,5.673,113.1046,2.5383,3.5451,0.2645
9-Oct-20,4.1455,5.3674,4.8927,3.9158,4.5415,2.9808,3.1494,3.0576,53.49,13.3468,8.5731,14.5059,0.362,0.0282,110.5113,5.8514,0.6181,3.0576,0.0179,0.1007,2.7433,0.3254,5.6693,112.8595,2.5316,3.541,0.2639
12-Oct-20,4.146,5.3964,4.8973,3.926,4.552,2.9932,3.1562,3.0574,53.4964,13.3013,8.5476,14.4919,0.3605,0.0282,110.5246,5.8649,0.6148,3.0574,0.0179,0.1007,2.7583,0.3254,5.6529,112.8732,2.5319,3.5363,0.264
13-Oct-20,4.142,5.4107,4.8851,3.9285,4.5496,2.9816,3.1611,3.0502,53.4448,13.2927,8.5256,14.4451,0.3616,0.0281,110.418,5.8593,0.6148,3.0502,0.0179,0.1004,2.7609,0.3267,5.6511,112.7643,2.5295,3.5289,0.265
14-Oct-20,4.1485,5.3541,4.8705,3.9373,4.5369,2.977,3.1615,3.0575,53.5287,13.3135,8.526,14.4409,0.3623,0.0282,110.5942,5.8688,0.616,3.0575,0.0179,0.1005,2.7646,0.3254,5.6649,112.9412,2.5389,3.537,0.2651
15-Oct-20,4.1535,5.3775,4.8625,3.9443,4.5369,2.9365,3.148,3.0527,53.5932,13.2997,8.5244,14.4434,0.362,0.0283,110.7305,5.8635,0.617,3.0527,0.0179,0.1009,2.7399,0.3195,5.6553,113.0773,2.5513,3.5375,0.2657
16-Oct-20,4.1495,5.3665,4.857,3.9435,4.5325,2.9391,3.1402,3.0541,53.5416,13.3168,8.5275,14.4268,0.3622,0.0282,110.6268,5.8571,0.6193,3.0541,0.0179,0.1008,2.7397,0.3212,5.6563,112.9684,2.5567,3.536,0.2643
19-Oct-20,4.1425,5.3838,4.8625,3.9323,4.5367,2.9416,3.1433,3.0517,53.4516,13.2772,8.5251,14.4222,0.3635,0.0282,110.449,5.8466,0.6191,3.0517,0.0179,0.1006,2.7477,0.3216,5.6474,112.7779,2.5516,3.5285,0.2645
20-Oct-20,4.1495,5.3798,4.8885,3.9319,4.5629,2.9204,3.1462,3.0573,53.5416,13.2742,8.546,14.4544,0.3644,0.0283,110.6356,5.87,0.6211,3.0573,0.0179,0.1006,2.7244,0.3222,5.6508,112.9684,2.5583,3.5301,0.2641
21-Oct-20,4.1455,5.4057,4.9124,3.9502,4.5842,2.9317,3.1606,3.0583,53.49,13.2699,8.5355,14.4624,0.3658,0.0283,110.529,5.8695,0.6227,3.0583,0.0179,0.1006,2.7402,0.3218,5.63,112.8595,2.5571,3.521,0.2639
22-Oct-20,4.145,5.4329,4.91,3.9595,4.5708,2.9444,3.1541,3.0554,53.4832,13.2682,8.5306,14.4521,0.3653,0.0283,110.5215,5.8867,0.6212,3.0554,0.0179,0.1009,2.7614,0.3221,5.6299,112.8459,2.5621,3.523,0.264
23-Oct-20,4.157,5.4413,4.9213,3.9734,4.5944,2.9702,3.1668,3.0654,53.6384,13.2896,8.5853,14.5248,0.3685,0.0284,110.8415,5.8974,0.6231,3.0654,0.0179,0.1016,2.7823,0.3237,5.6468,113.1726,2.5761,3.5289,0.2646
26-Oct-20,4.165,5.4216,4.9226,3.9701,4.5941,2.9674,3.1608,3.0617,53.7416,13.3067,8.6059,14.5568,0.3686,0.0284,111.0548,5.9127,0.6218,3.0617,0.018,0.1015,2.7831,0.3244,5.6395,113.3951,2.587,3.5246,0.2653
27-Oct-20,4.166,5.4229,4.9196,3.9778,4.5873,2.9681,3.1593,3.0629,53.7538,13.3355,8.6181,14.5649,0.3696,0.0285,111.0844,5.9042,0.6204,3.0629,0.018,0.1019,2.7858,0.3255,5.6502,113.4176,2.5908,3.5325,0.2651
28-Oct-20,4.156,5.4032,4.8895,3.9845,4.5645,2.9609,3.1435,3.0539,53.6251,13.3333,8.598,14.5305,0.3666,0.0284,110.8178,5.8918,0.6192,3.0539,0.0179,0.1015,2.7791,0.3247,5.6271,113.1454,2.5878,3.5158,0.2642
30-Oct-20,4.1545,5.3709,4.8479,3.9798,4.5342,2.9219,3.1178,3.0433,53.5826,13.3114,8.5762,14.5283,0.3663,0.0284,110.7778,5.8661,0.6204,3.0433,0.0179,0.102,2.7524,0.3236,5.5637,113.1046,2.5876,3.5038,0.2646
2-Nov-20,4.1595,5.3495,4.8387,3.9646,4.5306,2.9139,3.1199,3.0425,53.6436,13.3446,8.582,14.5595,0.3664,0.0284,110.9111,5.8717,0.6211,3.0425,0.0179,0.102,2.7449,0.3239,5.5836,113.2407,2.5993,3.4927,0.265
3-Nov-20,4.155,5.3919,4.8547,3.9721,4.5318,2.9513,3.1551,3.0508,53.6098,13.3773,8.5883,14.5341,0.367,0.0285,110.7911,5.8574,0.6212,3.0508,0.0179,0.102,2.7697,0.3236,5.5835,113.1182,2.5987,3.49,0.2643
4-Nov-20,4.167,5.3863,4.8618,3.9707,4.5551,2.9488,3.144,3.0508,53.7521,13.3751,8.6038,14.5405,0.3643,0.0286,111.1082,5.8873,0.6204,3.0508,0.018,0.1022,2.7636,0.3255,5.5731,113.4449,2.6086,3.4844,0.2644
5-Nov-20,4.1525,5.4041,4.8848,3.9813,4.5632,2.9881,3.1619,3.0619,53.5509,13.4125,8.5897,14.5528,0.3685,0.0289,110.7186,5.8691,0.6255,3.0619,0.0179,0.1013,2.788,0.3231,5.5902,113.0501,2.6051,3.4886,0.2642
6-Nov-20,4.1325,5.4243,4.8941,3.9931,4.581,2.9998,3.1601,3.0658,53.3023,13.5093,8.5745,14.4741,0.3686,0.0291,110.1853,5.8667,0.6241,3.0658,0.0178,0.1009,2.8031,0.3216,5.5737,112.5056,2.5978,3.4806,0.2634
9-Nov-20,4.1105,5.4061,4.88,3.9694,4.5662,2.9912,3.1566,3.0603,53.0172,13.4682,8.536,14.4041,0.3687,0.0292,109.5987,5.8546,0.6247,3.0602,0.0177,0.1008,2.7968,0.3201,5.5531,111.9067,2.5852,3.4691,0.263
10-Nov-20,4.1225,5.4471,4.879,3.9234,4.5163,3.003,3.167,3.062,53.1699,13.5341,8.5393,14.4431,0.3698,0.0293,109.9187,5.8742,0.6247,3.062,0.0178,0.1008,2.8146,0.3188,5.556,112.2334,2.5977,3.4725,0.2634
11-Nov-20,4.1305,5.4857,4.8692,3.9148,4.5044,3.0136,3.1674,3.0633,53.2755,13.6455,8.5394,14.4706,0.3712,0.0293,110.132,5.8654,0.624,3.0633,0.0178,0.101,2.8434,0.3192,5.5611,112.4512,2.6075,3.4738,0.2638
12-Nov-20,4.1355,5.4541,4.8751,3.9247,4.5179,3.0032,3.1605,3.0641,53.3369,13.6395,8.533,14.5105,0.3709,0.0292,110.2653,5.8646,0.624,3.0641,0.0178,0.1015,2.8405,0.3203,5.5366,112.5873,2.6133,3.4594,0.264
13-Nov-20,4.126,5.4261,4.8745,3.9254,4.5086,2.9856,3.1379,3.0586,53.2112,13.6668,8.5522,14.4691,0.3708,0.0291,110.0076,5.8552,0.6239,3.0586,0.0178,0.1011,2.8127,0.3196,5.5293,112.3287,2.6114,3.4547,0.2638
16-Nov-20,4.1165,5.4373,4.8822,3.9436,4.5236,3.004,3.1431,3.0607,53.0966,13.6398,8.5449,14.4272,0.3721,0.0292,109.7587,5.8417,0.6263,3.0607,0.0178,0.1008,2.8348,0.3181,5.526,112.07,2.6054,3.4485,0.263
17-Nov-20,4.104,5.4265,4.8731,3.9361,4.5094,3.0064,3.1379,3.0549,52.9343,13.6029,8.5048,14.397,0.3713,0.0292,109.4254,5.834,0.6264,3.0549,0.0177,0.1008,2.8297,0.3164,5.5107,111.7297,2.5958,3.4437,0.2622
18-Nov-20,4.088,5.4293,4.8557,3.9323,4.4874,2.9918,3.1253,3.0484,52.7338,13.4962,8.4752,14.3283,0.3705,0.0291,109.0017,5.8269,0.6241,3.0484,0.0176,0.1006,2.8299,0.3145,5.5061,111.2941,2.5606,3.4404,0.2617
19-Nov-20,4.0975,5.413,4.8457,3.9424,4.4865,2.9787,3.1251,3.0434,52.8556,13.4786,8.4782,14.3485,0.3663,0.0289,109.255,5.8415,0.6217,3.0434,0.0177,0.1004,2.8211,0.3142,5.5144,111.5528,2.5538,3.4462,0.2622
20-Nov-20,4.0925,5.4291,4.8592,3.9427,4.4953,2.9847,3.1348,3.0467,52.7884,13.5111,8.4845,14.3345,0.3665,0.0289,109.1202,5.8248,0.623,3.0467,0.0177,0.1007,2.8361,0.3143,5.5233,111.4166,2.5502,3.4504,0.2623
23-Nov-20,4.0905,5.4694,4.8567,3.9402,4.4916,2.9977,3.135,3.0486,52.7626,13.5089,8.4874,14.3375,0.3679,0.0289,109.0684,5.8311,0.623,3.0486,0.0176,0.1007,2.8449,0.3137,5.5221,111.3622,2.5446,3.4499,0.2612
24-Nov-20,4.0865,5.4649,4.8523,3.9182,4.4904,3.0071,3.1374,3.0454,52.7198,13.469,8.4897,14.3298,0.3682,0.0289,108.9617,5.8341,0.6215,3.0454,0.0177,0.1006,2.8601,0.3119,5.5244,111.2533,2.5536,3.4526,0.261
25-Nov-20,4.0865,5.4528,4.867,3.9137,4.4818,3.0028,3.1424,3.0433,52.7209,13.4601,8.4893,14.3401,0.3691,0.0289,108.9617,5.8213,0.6211,3.0433,0.0176,0.1006,2.8487,0.3119,5.5275,111.2533,2.5669,3.4548,0.2605
26-Nov-20,4.0695,5.436,4.8492,3.9038,4.4799,2.9943,3.1289,3.0376,52.5046,13.4218,8.4623,14.2664,0.3677,0.0289,108.5084,5.8001,0.6188,3.0376,0.0176,0.0997,2.8466,0.3104,5.5119,110.7905,2.5566,3.4448,0.2596
27-Nov-20,4.07,5.4418,4.8559,3.9129,4.4903,3.0057,3.1329,3.0419,52.5104,13.4368,8.4528,14.2657,0.3685,0.0289,108.5218,5.8008,0.6183,3.0419,0.0176,0.1002,2.8612,0.3102,5.5057,110.8041,2.5541,3.4401,0.2602
30-Nov-20,4.075,5.4332,4.8812,3.9098,4.5167,3.0053,3.1391,3.0473,52.5725,13.4577,8.4719,14.2757,0.3683,0.0289,108.6551,5.808,0.6193,3.0473,0.0176,0.0997,2.8637,0.3106,5.5128,110.9402,2.5565,3.4391,0.2597
1-Dec-20,4.078,5.4647,4.8854,3.9127,4.5023,3.0032,3.1494,3.0436,52.6024,13.4765,8.4808,14.2852,0.368,0.0289,108.7293,5.8319,0.6207,3.0436,0.0176,0.1004,2.8721,0.3096,5.5409,111.0219,2.5555,3.4642,0.2604
2-Dec-20,4.0775,5.4394,4.9126,3.8965,4.5255,3.0074,3.1521,3.0434,52.597,13.4927,8.4842,14.2985,0.3699,0.0289,108.713,5.8267,0.6209,3.0434,0.0176,0.1005,2.8771,0.3089,5.5279,111.0083,2.5504,3.4552,0.26
3-Dec-20,4.0715,5.4566,4.9351,3.905,4.5543,3.0247,3.1516,3.044,52.525,13.4818,8.4722,14.3489,0.3723,0.0288,108.5502,5.8305,0.6207,3.044,0.0176,0.1002,2.8777,0.3087,5.5088,110.8449,2.5431,3.443,0.2598
4-Dec-20,4.06,5.4485,4.9372,3.9033,4.5567,3.0119,3.1567,3.0458,52.3834,13.466,8.4495,14.3819,0.3746,0.0288,108.2407,5.8332,0.6213,3.0458,0.0176,0.0999,2.8607,0.3094,5.5047,110.5318,2.5367,3.4399,0.2591
7-Dec-20,4.069,5.3916,4.9247,3.9041,4.5545,3.0092,3.1735,3.04,52.4981,13.4914,8.4507,14.3903,0.3746,0.0288,108.4748,5.8565,0.6223,3.0396,0.0176,0.0992,2.857,0.3083,5.5068,110.7769,2.5407,3.441,0.2592
8-Dec-20,4.072,5.4333,4.9373,3.9129,4.5763,3.0237,3.1839,3.0476,52.5335,13.5282,8.4601,14.4285,0.3756,0.0289,108.5461,5.8423,0.6241,3.0476,0.0176,0.0993,2.8691,0.3073,5.5241,110.8585,2.5418,3.4519,0.2599
9-Dec-20,4.064,5.4571,4.9331,3.9013,4.5799,3.0356,3.1792,3.0421,52.4242,13.5196,8.4566,14.3971,0.3746,0.0288,108.3329,5.8344,0.6213,3.0421,0.0176,0.1,2.8777,0.306,5.5255,110.6407,2.5333,3.453,0.259
10-Dec-20,4.058,5.4012,4.9065,3.8821,4.5608,3.0354,3.1706,3.0333,52.3522,13.4997,8.4471,14.385,0.3726,0.0288,108.1787,5.8315,0.62,3.0333,0.0175,0.0998,2.856,0.3086,5.5053,110.4774,2.5307,3.4406,0.258
11-Dec-20,4.053,5.3544,4.9147,3.8928,4.5688,3.0527,3.1753,3.0311,52.286,13.483,8.4271,14.3876,0.3712,0.0288,108.0512,5.8099,0.6194,3.0313,0.0175,0.099,2.8703,0.3011,5.5004,110.3413,2.5312,3.4374,0.258
14-Dec-20,4.053,5.4294,4.9224,3.9022,4.5673,3.0657,3.1786,3.0388,52.285,13.4718,8.4332,14.4002,0.3716,0.0288,108.0541,5.8139,0.6195,3.0388,0.0175,0.0995,2.8799,0.2969,5.5086,110.3413,2.5312,3.4434,0.2574
15-Dec-20,4.058,5.3992,4.9278,3.8984,4.5773,3.0524,3.181,3.0407,52.3468,13.4952,8.4454,14.4297,0.3707,0.0287,108.1787,5.8379,0.6199,3.0407,0.0175,0.0996,2.8676,0.2934,5.5095,110.4774,2.5279,3.4434,0.2582
16-Dec-20,4.055,5.4775,4.9508,3.9241,4.5946,3.0721,3.1905,3.0504,52.3047,13.4964,8.4391,14.404,0.3719,0.0287,108.093,5.831,0.6212,3.0504,0.0175,0.0999,2.887,0.2964,5.5152,110.3957,2.5273,3.4462,0.258
17-Dec-20,4.0345,5.4797,4.936,3.9105,4.5662,3.0765,3.176,3.0448,52.0419,13.5114,8.3959,14.3372,0.369,0.0286,107.5437,5.8174,0.6178,3.0448,0.0174,0.0996,2.8867,0.2984,5.4908,109.8376,2.5199,3.4317,0.2568
18-Dec-20,4.0345,5.4633,4.9467,3.8994,4.5582,3.0682,3.1648,3.0409,52.0349,13.5431,8.3869,14.3306,0.3674,0.0286,107.5437,5.8278,0.6168,3.041,0.0174,0.0994,2.877,0.3004,5.487,109.8376,2.5192,3.4295,0.2568
21-Dec-20,4.051,5.3753,4.9493,3.9125,4.5766,3.0551,3.1457,3.0346,52.2447,13.4854,8.429,14.3816,0.367,0.0287,107.9806,5.8495,0.6185,3.0346,0.0175,0.0996,2.8564,0.305,5.4953,110.2868,2.5224,3.4357,0.2585
22-Dec-20,4.061,5.4545,4.9634,3.9277,4.5789,3.0677,3.1549,3.0427,52.3814,13.4604,8.4463,14.4099,0.3668,0.0286,108.2471,5.8359,0.6201,3.0427,0.0176,0.1003,2.8728,0.3065,5.4981,110.5591,2.5279,3.4363,0.2588
23-Dec-20,4.063,5.4527,4.9522,3.9288,4.5711,3.0737,3.1543,3.0471,52.4086,13.4737,8.454,14.4285,0.3672,0.0286,108.2947,5.8589,0.6215,3.0471,0.0176,0.1004,2.8754,0.3064,5.5092,110.6135,2.5327,3.4425,0.2585
24-Dec-20,4.062,5.5225,4.9562,3.9207,4.5756,3.0853,3.1621,3.0576,52.3923,13.495,8.4555,14.4473,0.3684,0.0286,108.2565,5.8504,0.6222,3.0576,0.0176,0.1005,2.8875,0.3045,5.5213,110.5863,2.5376,3.451,0.2582
28-Dec-20,4.0505,5.4896,4.9574,3.9158,4.5547,3.0832,3.1593,3.05,52.2493,13.43,8.4315,14.402,0.3695,0.0286,107.9356,5.8338,0.6191,3.05,0.0175,0.1002,2.89,0.3057,5.5075,110.2732,2.5213,3.4423,0.2578
29-Dec-20,4.0495,5.4693,4.959,3.9071,4.5693,3.0786,3.1582,3.0501,52.2287,13.4781,8.4277,14.4146,0.3701,0.0287,107.909,5.8382,0.6202,3.0501,0.0175,0.1002,2.8877,0.3061,5.5171,110.246,2.5215,3.4483,0.2578
30-Dec-20,4.036,5.4696,4.9477,3.9076,4.5605,3.0873,3.1528,3.0447,52.0603,13.4489,8.3978,14.364,0.3714,0.0287,107.5693,5.8129,0.6184,3.0447,0.0175,0.0998,2.8972,0.3051,5.5045,109.8784,2.5139,3.4402,0.2568
31-Dec-20,4.017,5.4904,4.9413,3.8953,4.5617,3.0965,3.1531,3.0396,51.8239,13.4124,8.36,14.2994,0.3696,0.0286,107.0743,5.7856,0.6141,3.0396,0.0174,0.0992,2.9007,0.3029,5.4982,109.3612,2.5076,3.4366,0.2552
4-Jan-21,4.008,5.4876,4.9228,3.8986,4.5525,3.1008,3.159,3.0443,51.7005,13.4271,8.3509,14.2705,0.3701,0.0288,106.8401,5.7726,0.6204,3.0443,0.0174,0.0988,2.8962,0.3023,5.4902,109.1162,2.4992,3.4314,0.255
5-Jan-21,4.0115,5.4396,4.9241,3.8983,4.5619,3.0939,3.1463,3.0417,51.7433,13.3851,8.3451,14.3189,0.3682,0.0288,106.9391,5.8118,0.6205,3.0417,0.0174,0.0987,2.8951,0.3039,5.4775,109.2114,2.4978,3.4232,0.2554
6-Jan-21,4.0105,5.4641,4.9429,3.9003,4.5725,3.124,3.1649,3.0444,51.7294,13.4175,8.343,14.3222,0.369,0.0289,106.9096,5.807,0.621,3.0444,0.0174,0.0983,2.9237,0.3052,5.4823,109.1842,2.4968,3.4263,0.2561
7-Jan-21,4.022,5.4735,4.9446,3.8899,4.5622,3.1275,3.1697,3.0489,51.879,13.4291,8.3626,14.3674,0.3694,0.0289,107.2133,5.8346,0.6225,3.0489,0.0174,0.0989,2.9262,0.3061,5.4903,109.4973,2.5052,3.432,0.2562
8-Jan-21,4.032,5.4757,4.9287,3.8779,4.5439,3.1304,3.1763,3.0405,52.006,13.4132,8.3855,14.4005,0.3692,0.0288,107.4699,5.8273,0.6231,3.0405,0.0175,0.0988,2.9228,0.3048,5.4929,109.7696,2.5161,3.433,0.2568
11-Jan-21,4.043,5.4621,4.9288,3.8851,4.5565,3.1182,3.1707,3.0415,52.1405,13.4274,8.4086,14.4166,0.3686,0.0286,107.7674,5.8428,0.6243,3.0415,0.0175,0.099,2.9089,0.3056,5.5072,110.069,2.5198,3.4422,0.2592
12-Jan-21,4.0635,5.5077,4.9378,3.8992,4.5632,3.1362,3.1873,3.0556,52.4012,13.4776,8.4568,14.4993,0.3698,0.0288,108.3109,5.8524,0.6284,3.0556,0.0176,0.0995,2.9164,0.306,5.5395,110.6271,2.5318,3.4624,0.2593
13-Jan-21,4.045,5.5364,4.9313,3.8971,4.5598,3.1365,3.1774,3.0538,52.17,13.4744,8.4162,14.4366,0.3689,0.0288,107.8178,5.8285,0.6254,3.0538,0.0175,0.099,2.9152,0.3048,5.5268,110.1235,2.5179,3.4539,0.2583
14-Jan-21,4.04,5.5186,4.912,3.8856,4.5557,3.1373,3.1879,3.0462,52.1075,13.4712,8.4079,14.4203,0.3683,0.0287,107.6874,5.8264,0.6248,3.0462,0.0175,0.0989,2.9092,0.3042,5.5331,109.9873,2.5172,3.4586,0.2577
15-Jan-21,4.037,5.5105,4.8973,3.8913,4.5464,3.123,3.1824,3.0401,52.0668,13.4388,8.3947,14.4127,0.3671,0.0288,107.6103,5.8202,0.6236,3.04,0.0175,0.0987,2.8986,0.3042,5.5171,109.9057,2.5137,3.4497,0.2578
18-Jan-21,4.0505,5.4795,4.8894,3.9032,4.5422,3.1067,3.1659,3.038,52.2426,13.4591,8.4268,14.4462,0.3659,0.0288,107.9788,5.8343,0.6237,3.038,0.0176,0.099,2.8763,0.3052,5.5264,110.2732,2.5217,3.4549,0.2577
19-Jan-21,4.05,5.5094,4.9046,3.8937,4.5531,3.1201,3.1785,3.0444,52.2442,13.4753,8.4287,14.4545,0.3669,0.0288,107.9655,5.8336,0.6243,3.0444,0.0176,0.0989,2.884,0.3052,5.5287,110.2596,2.5198,3.4552,0.258
20-Jan-21,4.045,5.5328,4.9086,3.8979,4.5547,3.1282,3.1855,3.05,52.1824,13.4923,8.4183,14.433,0.3672,0.0288,107.8322,5.8244,0.6255,3.05,0.0175,0.0995,2.8877,0.3044,5.5355,110.1235,2.5179,3.4593,0.2572
21-Jan-21,4.03,5.533,4.8892,3.8943,4.5419,3.1283,3.1927,3.0442,51.9889,13.4513,8.3848,14.4135,0.3664,0.0288,107.4294,5.8046,0.6236,3.0442,0.0175,0.0984,2.9048,0.303,5.523,109.7151,2.507,3.452,0.2564
22-Jan-21,4.0415,5.534,4.923,3.8997,4.5692,3.1269,3.1876,3.0485,52.1366,13.4852,8.4075,14.4448,0.3658,0.0288,107.7389,5.83,0.6242,3.0485,0.0175,0.0993,2.9068,0.3043,5.5362,110.0282,2.5142,3.459,0.2569
25-Jan-21,4.0425,5.5384,4.9211,3.8966,4.5639,3.1259,3.1823,3.048,52.1522,13.4795,8.4061,14.4401,0.3667,0.0288,107.7655,5.8311,0.6241,3.048,0.0175,0.0992,2.9142,0.3044,5.5445,110.0554,2.5132,3.4655,0.2567
26-Jan-21,4.048,5.5215,4.9139,3.9006,4.5555,3.1145,3.1752,3.0482,52.2232,13.4956,8.4228,14.4489,0.3661,0.0288,107.915,5.8362,0.6255,3.0482,0.0175,0.0994,2.9121,0.3044,5.5436,110.2051,2.5174,3.4686,0.2575
27-Jan-21,4.0445,5.5555,4.9129,3.8985,4.558,3.1246,3.177,3.0515,52.1757,13.4952,8.4085,14.4441,0.3662,0.0288,107.8246,5.8287,0.6255,3.0515,0.0175,0.0988,2.9199,0.3046,5.5554,110.1099,2.516,3.472,0.2566
29-Jan-21,4.045,5.5378,4.9011,3.8658,4.5508,3.0973,3.1481,3.0417,52.1764,13.5058,8.4148,14.4655,0.3622,0.0288,107.8408,5.8194,0.6273,3.0417,0.0176,0.0993,2.9011,0.3057,5.5461,110.1235,2.5203,3.4647,0.2575
2-Feb-21,4.046,5.544,4.8904,3.8583,4.5209,3.0879,3.1634,3.0398,52.192,13.4957,8.43,14.4552,0.3626,0.0288,107.8703,5.8194,0.627,3.0398,0.0176,0.0992,2.9101,0.307,5.545,110.1507,2.5201,3.4664,0.2567
3-Feb-21,4.049,5.5307,4.8716,3.8545,4.5049,3.0833,3.1687,3.0376,52.2367,13.4877,8.4328,14.4856,0.3632,0.0289,107.9446,5.8139,0.6268,3.0376,0.0176,0.0986,2.9173,0.3056,5.5506,110.2324,2.522,3.4691,0.2576
4-Feb-21,4.0565,5.5099,4.865,3.8547,4.4962,3.0955,3.1741,3.0387,52.3267,13.5037,8.4349,14.5082,0.3629,0.0289,108.1445,5.8209,0.6277,3.0387,0.0176,0.0993,2.9191,0.2929,5.5646,110.4366,2.5274,3.4769,0.2593
5-Feb-21,4.0705,5.5774,4.8783,3.864,4.5123,3.1025,3.1821,3.0448,52.5046,13.5323,8.4652,14.5401,0.3626,0.029,108.5148,5.834,0.6288,3.0448,0.0177,0.0997,2.9206,0.2918,5.5841,110.8177,2.5402,3.4901,0.2594
8-Feb-21,4.0655,5.5746,4.8908,3.8492,4.5152,3.1168,3.1839,3.0437,52.4415,13.5291,8.4575,14.5046,0.3627,0.029,108.3815,5.8269,0.6296,3.0437,0.0177,0.0991,2.9251,0.2914,5.5784,110.6816,2.5364,3.4864,0.2594
9-Feb-21,4.05,5.5791,4.8997,3.8654,4.5267,3.1294,3.1837,3.0489,52.2436,13.5135,8.4305,14.4684,0.3634,0.0289,107.9683,5.8147,0.629,3.0489,0.0176,0.0992,2.9363,0.2903,5.5567,110.2596,2.5306,3.473,0.2592
10-Feb-21,4.0365,5.5928,4.9001,3.8656,4.5356,3.1287,3.1839,3.0488,52.0671,13.5045,8.4041,14.4166,0.3656,0.0289,107.6113,5.8169,0.6276,3.0488,0.0175,0.0989,2.924,0.2894,5.5438,109.8921,2.5213,3.4645,0.2581
11-Feb-21,4.0425,5.5855,4.9009,3.8592,4.5396,3.1279,3.1866,3.0523,52.1411,13.5291,8.4131,14.4282,0.3659,0.0289,107.7741,5.83,0.6259,3.0523,0.0176,0.0985,2.9181,0.2867,5.5497,110.0554,2.5425,3.4679,0.2586
15-Feb-21,4.0345,5.6082,4.8977,3.8325,4.5276,3.1399,3.1859,3.0504,52.0383,13.5023,8.4149,14.4048,0.3661,0.029,107.5609,5.8127,0.6247,3.0502,0.0175,0.0985,2.9228,0.2882,5.5528,109.8376,2.5406,3.4725,0.2587
16-Feb-21,4.03,5.6142,4.8985,3.8221,4.5373,3.1408,3.1901,3.0466,51.9829,13.4873,8.3683,14.3852,0.3659,0.0289,107.4437,5.8062,0.624,3.0466,0.0175,0.0984,2.929,0.2879,5.5416,109.7151,2.5173,3.4631,0.2578
17-Feb-21,4.0395,5.6113,4.8789,3.8146,4.5149,3.1375,3.1822,3.0428,52.1048,13.4695,8.349,14.434,0.3654,0.0288,107.6999,5.8338,0.6255,3.0428,0.0176,0.099,2.9111,0.2885,5.5516,109.9797,2.524,3.4696,0.2586
18-Feb-21,4.0425,5.6239,4.8787,3.8236,4.5077,3.1443,3.1866,3.046,52.1458,13.475,8.3368,14.469,0.3654,0.0288,107.7828,5.8142,0.6251,3.046,0.0176,0.0986,2.9155,0.2887,5.5607,110.0554,2.5433,3.4756,0.2583
19-Feb-21,4.0425,5.6583,4.9046,3.8378,4.5228,3.1602,3.1936,3.0537,52.1394,13.484,8.3485,14.4786,0.3665,0.0287,107.7856,5.8191,0.6263,3.0537,0.0176,0.0991,2.9332,0.2887,5.5808,110.0554,2.5473,3.4774,0.2581
22-Feb-21,4.0455,5.6641,4.8951,3.825,4.4863,3.1824,3.2,3.0531,52.1761,13.467,8.3104,14.4855,0.3629,0.0287,107.8656,5.8373,0.6255,3.0531,0.0176,0.0991,2.9504,0.289,5.5853,110.1371,2.5431,3.4916,0.2583
23-Feb-21,4.043,5.6956,4.9157,3.8433,4.498,3.2,3.208,3.0617,52.1462,13.4722,8.3036,14.5145,0.3638,0.0287,107.799,5.8319,0.6258,3.0617,0.0176,0.0985,2.9599,0.2888,5.5893,110.0735,2.5456,3.4933,0.2578
24-Feb-21,4.04,5.7261,4.9159,3.8234,4.4491,3.2009,3.2132,3.0613,52.0937,13.4487,8.311,14.4969,0.3648,0.0287,107.719,5.8336,0.6265,3.0613,0.0175,0.099,2.9868,0.2886,5.5775,109.9873,2.5441,3.4877,0.2578
25-Feb-21,4.0385,5.7215,4.9302,3.8051,4.4654,3.229,3.2321,3.0662,52.0825,13.4169,8.3063,14.5249,0.3641,0.0287,107.679,5.8345,0.6261,3.0662,0.0175,0.0983,3.0133,0.2885,5.573,109.9465,2.5508,3.4831,0.2572
26-Feb-21,4.0495,5.6472,4.9201,3.8156,4.4778,3.1738,3.2136,3.0521,52.2061,13.4356,8.3306,14.543,0.3608,0.0284,107.9737,5.8582,0.6269,3.0521,0.0176,0.0992,2.9786,0.2892,5.5348,110.246,2.5642,3.4592,0.2579
1-Mar-21,4.0555,5.6566,4.8887,3.8017,4.4546,3.1424,3.1946,3.0466,52.2714,13.3978,8.3481,14.5572,0.3622,0.0285,108.1294,5.837,0.6277,3.0463,0.0176,0.0988,2.9455,0.2897,5.5314,110.4093,2.5668,3.4571,0.258
2-Mar-21,4.0555,5.6282,4.8674,3.795,4.413,3.1408,3.1958,3.0418,52.2818,13.3757,8.367,14.551,0.3606,0.0283,108.1236,5.8266,0.6268,3.0418,0.0176,0.0994,2.9271,0.2897,5.5228,110.4093,2.5729,3.4518,0.2578
3-Mar-21,4.0515,5.6565,4.8924,3.7898,4.4177,3.1695,3.2097,3.0456,52.2313,13.3625,8.3536,14.579,0.3609,0.0284,108.0141,5.8172,0.6267,3.0456,0.0176,0.0988,2.9529,0.2894,5.556,110.3004,2.5802,3.4719,0.259
4-Mar-21,4.0565,5.654,4.8842,3.7809,4.3959,3.1645,3.2077,3.0446,52.2863,13.3746,8.3501,14.5679,0.3607,0.0284,108.1301,5.8302,0.6271,3.0446,0.0176,0.0992,2.9466,0.2897,5.5755,110.4366,2.5809,3.4845,0.2586
5-Mar-21,4.072,5.6352,4.8567,3.7556,4.3787,3.1259,3.2081,3.0382,52.4556,13.3596,8.3631,14.5845,0.3606,0.0285,108.5433,5.8465,0.6285,3.0382,0.0177,0.0996,2.9103,0.2909,5.5807,110.8585,2.5924,3.4884,0.2594
8-Mar-21,4.1025,5.6697,4.873,3.7809,4.3896,3.1437,3.2364,3.0426,52.8125,13.3241,8.4396,14.5458,0.3621,0.0286,109.3533,5.8619,0.6285,3.0426,0.0178,0.1007,2.9247,0.293,5.6049,111.6889,2.6114,3.5043,0.2605
9-Mar-21,4.1185,5.7216,4.8994,3.7925,4.41,3.1715,3.2619,3.0615,53.0335,13.3804,8.4725,14.5438,0.3619,0.0286,109.7798,5.8706,0.6322,3.0615,0.0179,0.1009,2.9499,0.2942,5.6479,112.1245,2.6227,3.5288,0.2622
10-Mar-21,4.124,5.7313,4.9059,3.7945,4.4387,3.1763,3.2585,3.0629,53.1224,13.4201,8.4935,14.5616,0.3615,0.0286,109.9382,5.8871,0.6339,3.0629,0.0179,0.1014,2.952,0.2946,5.653,112.2742,2.6256,3.532,0.2623
11-Mar-21,4.1105,5.7325,4.9186,3.7906,4.4395,3.1976,3.2659,3.0674,52.983,13.4462,8.484,14.5752,0.3635,0.0285,109.5929,5.8652,0.633,3.0674,0.0178,0.1011,2.9742,0.2936,5.6568,111.9067,2.6182,3.5236,0.2607
12-Mar-21,4.1165,5.7388,4.9122,3.7737,4.4249,3.1891,3.2759,3.0575,53.0265,13.3826,8.4885,14.5965,0.3621,0.0286,109.7572,5.8932,0.6328,3.0575,0.0179,0.1012,2.9561,0.294,5.6548,112.07,2.6196,3.5344,0.2622
15-Mar-21,4.116,5.7391,4.9131,3.7742,4.4282,3.1915,3.3068,3.0608,53.019,13.3984,8.4875,14.5751,0.3631,0.0286,109.7424,5.8786,0.6333,3.0608,0.0178,0.1013,2.966,0.294,5.6772,112.0564,2.622,3.5477,0.2619
16-Mar-21,4.115,5.6865,4.908,3.7675,4.4357,3.1772,3.2952,3.0564,52.9963,13.3887,8.4566,14.552,0.3635,0.0286,109.7187,5.8782,0.633,3.0564,0.0178,0.1012,2.9546,0.2939,5.6663,112.0292,2.6269,3.5415,0.2614
17-Mar-21,4.1215,5.7283,4.9044,3.7763,4.4463,3.1837,3.3066,3.0603,53.0694,13.3858,8.4639,14.5775,0.3651,0.0286,109.8949,5.8913,0.6339,3.0606,0.0179,0.1015,2.958,0.2944,5.6809,112.2062,2.6471,3.5497,0.2624
18-Mar-21,4.114,5.7421,4.9154,3.7707,4.4548,3.2122,3.3159,3.0645,52.981,13.3485,8.4502,14.4997,0.3656,0.0286,109.695,5.8714,0.6324,3.0645,0.0178,0.1013,2.975,0.2939,5.6702,112.002,2.6435,3.5438,0.262
19-Mar-21,4.1125,5.7376,4.9033,3.7853,4.4354,3.1952,3.2982,3.0643,52.9508,13.3393,8.4602,14.4852,0.364,0.0285,109.6491,5.8798,0.6324,3.0643,0.0178,0.1012,2.954,0.2937,5.6728,111.9611,2.6383,3.5443,0.2623
22-Mar-21,4.112,5.7015,4.8943,3.7838,4.4358,3.1761,3.2909,3.0657,52.9525,13.2988,8.4661,14.4743,0.3647,0.0286,109.6387,5.8712,0.6317,3.0657,0.0178,0.1012,2.9434,0.2937,5.6801,111.9475,2.6389,3.5508,0.261
23-Mar-21,4.12,5.6901,4.9024,3.7883,4.4368,3.1679,3.2829,3.072,53.0473,13.3075,8.4748,14.4785,0.365,0.0286,109.8579,5.8876,0.6329,3.072,0.0179,0.1008,2.912,0.2943,5.6941,112.1653,2.6402,3.5588,0.2617
24-Mar-21,4.1305,5.6559,4.8847,3.8022,4.4172,3.1448,3.2844,3.069,53.1695,13.3113,8.4911,14.491,0.3652,0.0286,110.1408,5.8917,0.6334,3.069,0.0179,0.1017,2.8856,0.295,5.6908,112.4512,2.6588,3.5565,0.2615
25-Mar-21,4.1435,5.6691,4.8916,3.7968,4.4223,3.1495,3.2956,3.0766,53.3307,13.3232,8.5284,14.4832,0.3655,0.0287,110.4845,5.8982,0.634,3.0764,0.0179,0.102,2.8905,0.296,5.7031,112.8051,2.6754,3.5649,0.2631
26-Mar-21,4.1465,5.7093,4.8877,3.788,4.4079,3.1594,3.2964,3.0794,53.3713,13.35,8.5521,14.4927,0.3672,0.0288,110.5645,5.8935,0.6341,3.0794,0.018,0.1016,2.8959,0.2962,5.7262,112.8868,2.6821,3.5789,0.264
29-Mar-21,4.1445,5.7233,4.8766,3.7803,4.4161,3.1618,3.2862,3.0756,53.3127,13.2837,8.5489,14.5154,0.3657,0.0287,110.5112,5.8856,0.6313,3.0756,0.018,0.1019,2.8906,0.296,5.6996,112.8323,2.696,3.5721,0.2642
30-Mar-21,4.15,5.7156,4.8746,3.764,4.4053,3.1689,3.2974,3.0813,53.3855,13.2843,8.5514,14.5599,0.366,0.0287,110.6549,5.8937,0.6321,3.0813,0.018,0.1023,2.9085,0.2964,5.6659,112.9821,2.7155,3.5413,0.2641
31-Mar-21,4.146,5.714,4.8699,3.7515,4.4013,3.1593,3.2918,3.0845,53.3337,13.246,8.5344,14.554,0.3673,0.0285,110.5482,5.8744,0.6326,3.0845,0.018,0.1016,2.9005,0.2961,5.6616,112.8732,2.7129,3.5384,0.2639
1-Apr-21,4.1455,5.7108,4.8614,3.7423,4.3784,3.1336,3.2935,3.0784,53.3132,13.2444,8.5404,14.5359,0.3663,0.0285,110.5349,5.875,0.6306,3.0783,0.018,0.1022,2.8865,0.2961,5.6497,112.8595,2.7139,3.5439,0.2635
2-Apr-21,4.139,5.7265,4.8766,3.7494,4.3985,3.151,3.2943,3.0802,53.233,13.2363,8.5217,14.5325,0.367,0.0285,110.363,5.8634,0.6308,3.0802,0.0179,0.102,2.9085,0.2956,5.6445,112.6826,2.7017,3.5384,0.2634
5-Apr-21,4.1405,5.7391,4.8638,3.7435,4.3912,3.1563,3.2963,3.0786,53.2492,13.1905,8.5143,14.526,0.367,0.0285,110.4016,5.8726,0.6305,3.0786,0.0179,0.1022,2.9145,0.2957,5.6452,112.7234,2.6961,3.5283,0.2632
6-Apr-21,4.1305,5.7226,4.8798,3.7412,4.4042,3.1507,3.2936,3.0807,53.1134,13.1545,8.5007,14.4907,0.3686,0.0285,110.1349,5.8588,0.6306,3.0807,0.0179,0.1018,2.9025,0.295,5.6303,112.4512,2.7006,3.5192,0.2625
7-Apr-21,4.1335,5.717,4.9133,3.7627,4.4475,3.1565,3.282,3.0853,53.0964,13.1934,8.4947,14.5408,0.3699,0.0285,110.2149,5.8729,0.6317,3.0853,0.0179,0.1019,2.9116,0.2952,5.5672,112.5328,2.699,3.4795,0.2628
8-Apr-21,4.1365,5.6778,4.9146,3.7792,4.4589,3.1557,3.2785,3.0854,53.153,13.1641,8.5113,14.5436,0.3705,0.0285,110.2949,5.8943,0.6314,3.0854,0.0179,0.102,2.9061,0.2955,5.526,112.6145,2.7116,3.4699,0.2633
9-Apr-21,4.135,5.6699,4.9149,3.7709,4.4659,3.15,3.2844,3.0816,53.1679,13.1604,8.5205,14.5338,0.3693,0.0284,110.2608,5.8848,0.6305,3.0816,0.0179,0.1019,2.9086,0.2954,5.5273,112.5737,2.7053,3.4546,0.2632
12-Apr-21,4.134,5.6803,4.9128,3.7762,4.4675,3.1491,3.2915,3.0813,53.154,13.1113,8.5079,14.5236,0.3675,0.0283,110.2341,5.8845,0.631,3.0813,0.0179,0.1019,2.907,0.2953,5.5138,112.5465,2.7068,3.4461,0.2635
13-Apr-21,4.135,5.6883,4.9211,3.7823,4.4727,3.1496,3.2851,3.082,53.2007,13.127,8.5205,14.5205,0.3681,0.0283,110.2608,5.8945,0.6315,3.082,0.0179,0.1018,2.9084,0.2954,5.4841,112.5737,2.7031,3.4428,0.2635
14-Apr-21,4.127,5.6932,4.9386,3.7869,4.4903,3.1733,3.2911,3.0878,53.1402,13.1016,8.5269,14.5143,0.3709,0.0283,110.0445,5.879,0.632,3.0878,0.0179,0.1016,2.9355,0.2948,5.493,112.3559,2.7,3.4362,0.263
15-Apr-21,4.126,5.685,4.9432,3.7932,4.4717,3.1995,3.305,3.0918,53.1194,13.0984,8.5169,14.5615,0.37,0.0282,110.0149,5.8916,0.6319,3.092,0.0179,0.1016,2.96,0.2947,5.4944,112.3287,2.7029,3.4346,0.2633
16-Apr-21,4.127,5.6773,4.9423,3.7913,4.4864,3.1951,3.2982,3.0944,53.1217,13.1937,8.5401,14.5648,0.3704,0.0283,110.0387,5.8958,0.6327,3.0944,0.0179,0.1016,2.9556,0.2948,5.5483,112.3559,2.6913,3.4678,0.2632
19-Apr-21,4.1243,5.7232,4.9594,3.8159,4.5093,3.2083,3.3057,3.0984,53.0812,13.2061,8.53,14.6497,0.3699,0.0284,109.9653,5.8979,0.6336,3.0985,0.0179,0.1016,2.9664,0.2946,5.5132,112.281,2.6904,3.4458,0.2634
20-Apr-21,4.115,5.7536,4.9662,3.7935,4.4987,3.2074,3.2925,3.0991,53.0055,13.1764,8.5232,14.6428,0.3698,0.0284,109.7216,5.9023,0.6335,3.0991,0.0178,0.1013,2.969,0.2939,5.503,112.0292,2.6843,3.4396,0.2628
21-Apr-21,4.1175,5.7351,4.9435,3.8049,4.4838,3.1758,3.2684,3.0955,53.0349,13.1466,8.5037,14.639,0.3679,0.0283,109.7912,5.9083,0.6336,3.0953,0.0178,0.1014,2.9522,0.2941,5.4526,112.0973,2.6833,3.4367,0.2626
22-Apr-21,4.1125,5.7164,4.9459,3.8063,4.4891,3.1831,3.2883,3.0959,52.9992,13.1264,8.4955,14.6373,0.3676,0.0283,109.6579,5.8948,0.6334,3.0959,0.0178,0.1013,2.9507,0.2937,5.4793,111.9611,2.6796,3.4245,0.2617
23-Apr-21,4.1088,5.7009,4.9547,3.8074,4.489,3.1783,3.2913,3.0941,52.9318,13.0769,8.4927,14.6281,0.3681,0.0283,109.5579,5.8959,0.6328,3.0941,0.0178,0.1012,2.9501,0.2651,5.4774,111.859,2.6724,3.4242,0.2617
26-Apr-21,4.101,5.7022,4.9622,3.8073,4.4852,3.1896,3.2908,3.0946,52.8507,13.0439,8.4766,14.6984,0.3691,0.0283,109.3542,5.8861,0.6321,3.0946,0.0178,0.101,2.9585,0.2646,5.4846,111.648,2.6643,3.4294,0.2615
27-Apr-21,4.097,5.6784,4.9404,3.7811,4.4686,3.184,3.2995,3.0882,52.7821,13.0519,8.4596,14.6841,0.3682,0.0283,109.2475,5.8877,0.6316,3.0882,0.0178,0.1009,2.9535,0.2643,5.4881,111.5391,2.642,3.4303,0.2608
28-Apr-21,4.101,5.6926,4.952,3.7653,4.4766,3.1764,3.3059,3.0919,52.8279,13.073,8.4557,14.7053,0.3685,0.0283,109.3542,5.8901,0.6325,3.0919,0.0178,0.1001,2.9568,0.2646,5.517,111.648,2.672,3.4477,0.2619
30-Apr-21,4.0975,5.6986,4.9559,3.7625,4.5047,3.1833,3.3381,3.0863,52.7719,13.1499,8.4922,14.6906,0.3681,0.0284,109.2579,5.8911,0.6335,3.0863,0.0178,0.1009,2.9647,0.2644,5.5289,111.5528,2.6755,3.4556,0.2617
3-May-21,4.1043,5.6871,4.9446,3.7436,4.4976,3.1707,3.3371,3.0812,52.8364,13.1758,8.5416,14.6879,0.3657,0.0284,109.4379,5.8937,0.634,3.0812,0.0178,0.1009,2.9388,0.2648,5.5435,111.7365,2.6773,3.4655,0.2621
4-May-21,4.122,5.7172,4.9478,3.7673,4.5034,3.1807,3.3466,3.0861,53.0731,13.2327,8.5786,14.7494,0.3666,0.0286,109.9112,5.9099,0.6368,3.0861,0.0179,0.1015,2.9448,0.2659,5.5784,112.2198,2.6994,3.4864,0.2633
5-May-21,4.1195,5.7236,4.9422,3.7667,4.4995,3.1805,3.3538,3.0814,53.0283,13.2417,8.5751,14.733,0.366,0.0285,109.846,5.8987,0.6364,3.0814,0.0179,0.1014,2.9541,0.2658,5.571,112.1517,2.6969,3.482,0.2634
6-May-21,4.12,5.7268,4.9603,3.772,4.5252,3.1911,3.3618,3.0837,53.0344,13.1967,8.5869,14.7356,0.3663,0.0288,109.8579,5.9022,0.6363,3.0837,0.0179,0.1014,2.968,0.2658,5.5782,112.1653,2.7061,3.4865,0.263
7-May-21,4.1125,5.7271,4.971,3.7684,4.5322,3.1979,3.3773,3.089,52.9501,13.1853,8.5874,14.7581,0.3671,0.0288,109.6579,5.896,0.6371,3.089,0.0178,0.1012,2.9727,0.2653,5.5888,111.9611,2.7136,3.493,0.2624
10-May-21,4.107,5.7859,4.9982,3.7753,4.5623,3.2328,3.3911,3.1011,52.8827,13.2058,8.5885,14.7984,0.3687,0.0289,109.5112,5.8966,0.6404,3.1011,0.0178,0.1014,2.9944,0.265,5.5966,111.8114,2.7006,3.4981,0.2624
11-May-21,4.1175,5.8226,5.0081,3.7836,4.5654,3.2314,3.4046,3.1043,53.0145,13.2438,8.6122,14.774,0.3684,0.029,109.7912,5.9391,0.6413,3.1043,0.0179,0.1011,2.9975,0.2656,5.6127,112.0973,2.7036,3.508,0.2621
12-May-21,4.1265,5.8357,5.0075,3.7943,4.5622,3.2207,3.414,3.1073,53.1324,13.2302,8.6347,14.7507,0.3667,0.0291,110.0312,5.9506,0.6406,3.1073,0.0179,0.1012,2.983,0.2662,5.6198,112.3423,2.7142,3.5124,0.2632
17-May-21,4.131,5.8274,5.0183,3.7828,4.5808,3.2061,3.4107,3.0924,53.1876,13.1393,8.635,14.6979,0.3639,0.0289,110.1512,5.9433,0.6415,3.0924,0.0179,0.1014,2.9813,0.2665,5.6428,112.4648,2.7101,3.5269,0.2636
18-May-21,4.1235,5.8599,5.0383,3.7881,4.5965,3.2163,3.4297,3.1019,53.1013,13.1155,8.6266,14.7793,0.3653,0.0289,109.9512,5.9423,0.642,3.1019,0.0179,0.1011,2.9912,0.2511,5.6488,112.2606,2.6977,3.5305,0.2632
19-May-21,4.1345,5.8635,5.0507,3.7912,4.5929,3.2063,3.4206,3.1056,53.2491,13.1463,8.6405,14.7925,0.3662,0.0289,110.2445,5.9708,0.6424,3.1056,0.0179,0.1012,2.9777,0.2518,5.6536,112.5616,2.6996,3.533,0.2632
20-May-21,4.1443,5.848,5.051,3.8047,4.5955,3.2085,3.4154,3.1085,53.3905,13.2067,8.6555,14.8112,0.366,0.0288,110.5074,5.9817,0.6437,3.1085,0.018,0.1014,2.9739,0.2524,5.6667,112.8255,2.7025,3.5407,0.2645
21-May-21,4.142,5.8837,5.0632,3.8128,4.6176,3.2117,3.4308,3.1109,53.3491,13.1953,8.6436,14.8127,0.367,0.0289,110.4474,5.9758,0.6439,3.1109,0.018,0.1013,2.9769,0.2523,5.6781,112.7643,2.6993,3.5474,0.2642
24-May-21,4.1425,5.8569,5.0524,3.8034,4.6089,3.1976,3.4306,3.1129,53.3453,13.2222,8.6015,14.8277,0.3675,0.0289,110.4608,5.9858,0.6441,3.1129,0.018,0.1013,2.9702,0.2523,5.6826,112.7779,2.7061,3.5512,0.2643
25-May-21,4.141,5.8742,5.0765,3.8083,4.6338,3.2163,3.4387,3.1236,53.3452,13.2047,8.6038,14.8482,0.3689,0.0289,110.4208,5.9789,0.6465,3.1238,0.018,0.1014,2.995,0.2522,5.6886,112.737,2.6955,3.555,0.2639
27-May-21,4.139,5.8426,5.0413,3.791,4.6061,3.2036,3.4156,3.1257,53.3287,13.2406,8.6086,14.8896,0.3703,0.029,110.3674,5.9867,0.6489,3.1257,0.018,0.1014,3.0169,0.2521,5.6966,112.6826,2.6661,3.5604,0.264
28-May-21,4.134,5.8699,5.0424,3.7635,4.6033,3.1956,3.4218,3.1244,53.2653,13.2246,8.6395,14.9274,0.371,0.0289,110.2341,5.9723,0.6496,3.1244,0.0179,0.1013,3.0009,0.2518,5.7062,112.5465,2.6629,3.5676,0.2637
31-May-21,4.129,5.8512,5.0374,3.7654,4.5885,3.1954,3.4226,3.1241,53.2057,13.217,8.6598,14.9906,0.3726,0.0289,110.0979,5.9599,0.6488,3.1241,0.0179,0.1012,2.9981,0.2515,5.6916,112.4149,2.6768,3.5573,0.2628
1-Jun-21,4.129,5.8591,5.05,3.7682,4.5939,3.1971,3.43,3.1232,53.2139,13.251,8.6453,14.9631,0.373,0.0289,110.0979,5.9599,0.6477,3.1232,0.0179,0.1011,2.9999,0.2515,5.6661,112.4103,2.6609,3.5413,0.2632
2-Jun-21,4.1275,5.8348,5.0279,3.7572,4.5831,3.1866,3.4167,3.1176,53.1953,13.2504,8.6295,14.9177,0.3708,0.0289,110.0579,5.9644,0.6464,3.1176,0.0179,0.101,2.9817,0.2514,5.6468,112.3695,2.6591,3.5293,0.263
3-Jun-21,4.1225,5.8451,5.0243,3.7546,4.579,3.1867,3.4172,3.1127,53.1401,13.2344,8.6245,14.9012,0.3701,0.0289,109.9245,5.946,0.645,3.1127,0.0179,0.1009,2.9762,0.2511,5.6476,112.2334,2.6542,3.5298,0.2624
4-Jun-21,4.128,5.832,5.0002,3.7478,4.5644,3.1633,3.4048,3.1078,53.2113,13.2138,8.6505,14.8947,0.3701,0.0289,110.0712,5.9579,0.644,3.1081,0.0179,0.1009,2.9523,0.2514,5.6515,112.3831,2.659,3.5314,0.2631
8-Jun-21,4.12,5.8265,5.0175,3.7631,4.5931,3.1918,3.4086,3.1128,53.0979,13.2051,8.6391,14.8685,0.3693,0.0289,109.855,5.9412,0.6443,3.1128,0.018,0.1007,2.9713,0.2509,5.6524,112.1653,2.6474,3.533,0.2623
9-Jun-21,4.1175,5.8409,5.0188,3.7611,4.5941,3.1902,3.406,3.1117,53.0664,13.2141,8.6303,14.8528,0.3698,0.0289,109.7883,5.9409,0.6445,3.1117,0.0179,0.1006,2.9662,0.2508,5.6457,112.1018,2.6539,3.5286,0.2631
10-Jun-21,4.1185,5.8026,5.011,3.7617,4.595,3.1877,3.4001,3.1082,53.0758,13.2173,8.627,14.876,0.3692,0.0289,109.815,5.9466,0.6443,3.1082,0.0179,0.1006,2.9587,0.2508,5.6335,112.1245,2.6473,3.5213,0.2631
11-Jun-21,4.1095,5.8178,4.9996,3.7514,4.5885,3.1898,3.3982,3.1067,52.9619,13.2308,8.6117,14.8626,0.3694,0.029,109.5765,5.9268,0.6431,3.1067,0.0179,0.1007,2.958,0.2503,5.6246,111.8795,2.6364,3.5154,0.2623
14-Jun-21,4.115,5.7954,4.9829,3.7527,4.5771,3.1723,3.3838,3.1004,53.0171,13.2188,8.5962,14.8709,0.3678,0.029,109.7246,5.9341,0.6431,3.1004,0.0179,0.1004,2.9371,0.2506,5.6161,112.0292,2.6398,3.5105,0.2629
15-Jun-21,4.1165,5.7993,4.9935,3.7382,4.5859,3.1666,3.3843,3.1036,53.0309,13.2193,8.5636,14.8822,0.3683,0.0289,109.7646,5.9264,0.643,3.1036,0.0179,0.1006,2.9388,0.2507,5.6151,112.07,2.6429,3.5104,0.2627
16-Jun-21,4.1155,5.8045,4.9917,3.7434,4.5819,3.1708,3.3789,3.1038,53.0235,13.2034,8.5615,14.8802,0.3681,0.0289,109.7408,5.9229,0.6434,3.1038,0.0179,0.1006,2.9393,0.2506,5.6112,112.0428,2.6193,3.507,0.2624
17-Jun-21,4.138,5.7837,4.9428,3.7399,4.5291,3.1445,3.3608,3.0906,53.2969,13.1783,8.5443,14.8905,0.3657,0.0288,110.3408,5.9574,0.6433,3.0909,0.018,0.1012,2.9198,0.252,5.5906,112.6554,2.6303,3.494,0.2639
18-Jun-21,4.1415,5.7484,4.9338,3.7604,4.5085,3.1231,3.3483,3.0869,53.3413,13.1769,8.5551,14.9138,0.3665,0.0288,110.4341,5.9195,0.6428,3.0868,0.018,0.1013,2.8949,0.2522,5.5996,112.7506,2.6325,3.4995,0.2644
21-Jun-21,4.1495,5.7433,4.935,3.7745,4.5057,3.1115,3.3313,3.0842,53.4409,13.1189,8.5153,14.8517,0.3661,0.0288,110.6474,5.9285,0.6414,3.0842,0.018,0.1013,2.8895,0.2527,5.5982,112.9684,2.6325,3.4987,0.2644
22-Jun-21,4.155,5.7622,4.9432,3.7604,4.5168,3.1158,3.3539,3.0847,53.5062,13.099,8.5318,14.8343,0.3662,0.0288,110.8,5.9296,0.642,3.0847,0.018,0.1016,2.8981,0.253,5.5986,113.1182,2.6318,3.4991,0.2653
23-Jun-21,4.1655,5.8192,4.9707,3.7559,4.5341,3.1508,3.3888,3.0951,53.638,13.0764,8.5411,14.8792,0.3666,0.0289,111.077,5.942,0.6427,3.0951,0.0181,0.1019,2.9321,0.2537,5.6099,113.3994,2.6385,3.5062,0.2657
24-Jun-21,4.163,5.8157,4.9646,3.7547,4.5255,3.1537,3.3846,3.096,53.6141,13.0665,8.55,14.8665,0.3674,0.0288,111.0074,5.9471,0.6431,3.096,0.0181,0.1018,2.9372,0.2535,5.6081,113.336,2.6382,3.5048,0.2653
25-Jun-21,4.1563,5.7822,4.964,3.7537,4.5339,3.1579,3.3791,3.0977,53.5492,13.0864,8.5714,14.8967,0.3686,0.0288,110.8274,5.9387,0.6439,3.0977,0.0181,0.1016,2.9414,0.2531,5.6006,113.1522,2.6397,3.5,0.2652
28-Jun-21,4.143,5.7691,4.9472,3.7419,4.5138,3.1421,3.3694,3.0857,53.3723,12.9753,8.5159,14.854,0.3666,0.0287,110.4712,5.9201,0.6417,3.0857,0.018,0.1012,2.927,0.2523,5.5835,112.7915,2.6255,3.4893,0.2638
29-Jun-21,4.1505,5.743,4.9397,3.7525,4.506,3.1253,3.3526,3.0869,53.4634,12.9663,8.5331,14.8676,0.3668,0.0287,110.6682,5.9294,0.6426,3.0869,0.018,0.1015,2.9054,0.2528,5.5875,112.9957,2.6087,3.4935,0.2644
30-Jun-21,4.152,5.7443,4.9351,3.7587,4.4989,3.1136,3.3435,3.0873,53.4735,12.9507,8.4908,14.886,0.3676,0.0286,110.7082,5.924,0.6428,3.0873,0.018,0.1016,2.8977,0.2529,5.5773,113.0365,2.6366,3.4859,0.2642
1-Jul-21,4.157,5.7286,4.924,3.7314,4.4858,3.1119,3.3489,3.0882,53.5385,12.9663,8.4475,14.893,0.3668,0.0287,110.8386,5.9296,0.643,3.0882,0.0181,0.1017,2.9037,0.2532,5.5789,113.1726,2.6301,3.4881,0.2649
2-Jul-21,4.1635,5.7271,4.9246,3.7351,4.4957,3.1028,3.3479,3.081,53.5971,12.9191,8.4452,14.8758,0.3666,0.0287,111.0119,5.9285,0.6424,3.081,0.0181,0.1019,2.8968,0.2536,5.5626,113.3496,2.6452,3.4767,0.2655
5-Jul-21,4.1565,5.757,4.9338,3.7478,4.5094,3.1307,3.3676,3.0894,53.5069,12.9405,8.443,14.9011,0.3677,0.0287,110.8238,5.9186,0.6432,3.0894,0.0181,0.1019,2.9206,0.2531,5.5905,113.159,2.6332,3.494,0.2651
6-Jul-21,4.1535,5.7553,4.9198,3.7488,4.4981,3.1481,3.3652,3.0899,53.4773,12.9191,8.3605,14.8549,0.3668,0.0287,110.7482,5.9143,0.6427,3.0899,0.0181,0.1017,2.9421,0.253,5.5727,113.0773,2.6107,3.483,0.2643
7-Jul-21,4.162,5.7348,4.9211,3.758,4.508,3.1238,3.3442,3.0879,53.5812,12.8894,8.3608,14.8672,0.3658,0.0287,110.9689,5.9276,0.6439,3.0879,0.0181,0.1019,2.9238,0.2535,5.5733,113.3087,2.6152,3.4834,0.2648
8-Jul-21,4.1815,5.7644,4.9442,3.8064,4.5567,3.1102,3.3279,3.0928,53.8198,12.886,8.3747,14.9142,0.3641,0.0288,111.4859,5.9513,0.6452,3.0928,0.0182,0.1023,2.9141,0.2547,5.5949,113.8396,2.62,3.497,0.2666
9-Jul-21,4.19,5.773,4.9576,3.8058,4.5762,3.1169,3.3469,3.0933,53.9424,12.8765,8.3733,14.9424,0.365,0.0288,111.7095,5.9652,0.646,3.0933,0.0182,0.1026,2.9121,0.2552,5.6134,114.071,2.6253,3.5083,0.2671
12-Jul-21,4.1915,5.8098,4.9757,3.8072,4.5831,3.1315,3.357,3.1022,53.9634,12.8534,8.3579,14.9622,0.3654,0.0289,111.7495,5.9714,0.6475,3.1022,0.0182,0.1027,2.9227,0.2553,5.6207,114.1119,2.6246,3.513,0.2671
13-Jul-21,4.1905,5.8087,4.9657,3.7976,4.5768,3.137,3.3626,3.0996,53.9613,12.8622,8.3928,14.9725,0.3662,0.029,111.7288,5.9702,0.6481,3.0996,0.0182,0.1026,2.9283,0.2552,5.6271,114.0846,2.6248,3.5163,0.2666
14-Jul-21,4.2005,5.816,4.9499,3.8008,4.57,3.125,3.3558,3.0983,54.0796,12.8554,8.3459,14.9879,0.3653,0.029,111.9954,5.9852,0.649,3.0983,0.0183,0.1029,2.942,0.2558,5.6281,114.3569,2.6336,3.5177,0.2671
15-Jul-21,4.2,5.8147,4.9772,3.8265,4.6038,3.1382,3.3581,3.1052,54.0669,12.8598,8.3715,15.0516,0.3679,0.029,111.9791,5.9756,0.6501,3.1052,0.0183,0.1029,2.9505,0.2558,5.6349,114.3433,2.6341,3.5219,0.2673
16-Jul-21,4.2095,5.8344,4.9748,3.8239,4.5795,3.1327,3.351,3.1102,54.1878,12.8495,8.3788,15.0527,0.3691,0.029,112.2324,5.9968,0.651,3.1102,0.0183,0.1031,2.9584,0.2564,5.6451,114.6019,2.6392,3.5282,0.268
19-Jul-21,4.2235,5.7908,4.9723,3.8488,4.5843,3.1072,3.317,3.1043,54.3582,12.8569,8.3402,15.0426,0.367,0.0291,112.6056,6.0086,0.6511,3.1038,0.0184,0.1034,2.9421,0.2572,5.6396,114.9831,2.6257,3.5247,0.2695
21-Jul-21,4.2325,5.7683,4.9859,3.8441,4.5953,3.098,3.3393,3.0964,54.4384,12.8843,8.4212,15.0945,0.3667,0.0291,112.8426,6.0137,0.6541,3.0964,0.0184,0.1036,2.9319,0.2578,5.6778,115.2281,2.6313,3.5451,0.2701
22-Jul-21,4.2245,5.8011,4.9836,3.8317,4.6029,3.1154,3.3608,3.1045,54.3522,12.8521,8.4254,15.0746,0.3676,0.0292,112.6293,5.9982,0.6534,3.1045,0.0184,0.1034,2.9409,0.2573,5.678,115.0103,2.6264,3.5484,0.2696
23-Jul-21,4.226,5.8029,4.9759,3.825,4.591,3.115,3.3628,3.1084,54.3873,12.8411,8.41,15.0751,0.3674,0.0292,112.6663,6.0093,0.6528,3.1084,0.0184,0.1035,2.9485,0.2574,5.6793,115.0511,2.6273,3.5496,0.2697
26-Jul-21,4.23,5.8239,4.9846,3.838,4.6066,3.1074,3.3666,3.1098,54.395,12.8396,8.4029,15.0684,0.3662,0.0292,112.7789,6.0074,0.6525,3.1098,0.0184,0.1036,2.9462,0.2576,5.6809,115.16,2.6055,3.5506,0.2691
27-Jul-21,4.2315,5.8306,4.9839,3.8442,4.6135,3.1102,3.3615,3.1113,54.3674,12.8317,8.3942,15.0791,0.3668,0.0292,112.825,6.0156,0.6511,3.1113,0.0184,0.1037,2.9422,0.2577,5.6822,115.2009,2.6113,3.552,0.2697
28-Jul-21,4.235,5.8841,5.0096,3.8526,4.6365,3.1146,3.3694,3.1166,54.4219,12.8477,8.4044,15.1364,0.3671,0.0292,112.9183,6.0188,0.6518,3.1166,0.0184,0.1037,2.9437,0.2579,5.6947,115.2961,2.6106,3.5591,0.2697
29-Jul-21,4.233,5.9088,5.0275,3.8548,4.6611,3.1335,3.3962,3.1265,54.4374,12.878,8.4172,15.1731,0.3694,0.0292,112.865,6.0229,0.6554,3.1265,0.0184,0.1037,2.9606,0.2578,5.7014,115.2417,2.609,3.5624,0.2696
30-Jul-21,4.2225,5.9014,5.0273,3.856,4.6657,3.1247,3.397,3.1237,54.3269,12.85,8.445,15.1073,0.368,0.0292,112.585,6.0276,0.6541,3.1237,0.0184,0.1034,2.9625,0.2572,5.6784,114.9558,2.5969,3.5488,0.2689
2-Aug-21,4.225,5.8816,5.0214,3.853,4.6659,3.1075,3.3887,3.1251,54.3325,12.8186,8.4669,15.1282,0.3672,0.0293,112.6577,6.0366,0.6539,3.1251,0.0184,0.1034,2.9484,0.2573,5.6818,115.0239,2.5849,3.5512,0.2691
3-Aug-21,4.221,5.8723,5.0158,3.867,4.6672,3.1189,3.3726,3.1247,54.274,12.7832,8.4981,15.1258,0.3676,0.0294,112.554,6.027,0.653,3.1247,0.0184,0.1033,2.9568,0.2571,5.6855,114.915,2.5672,3.5526,0.2685
4-Aug-21,4.2225,5.8828,5.0041,3.8669,4.6621,3.1312,3.3686,3.1297,54.3139,12.7568,8.484,15.196,0.3694,0.0295,112.594,6.0315,0.6535,3.1297,0.0184,0.1034,2.984,0.2572,5.689,114.9558,2.5689,3.5556,0.269
5-Aug-21,4.2165,5.8673,4.9911,3.847,4.6514,3.1219,3.3678,3.1215,54.219,12.7041,8.3777,15.193,0.369,0.0294,112.434,6.018,0.6526,3.1215,0.0184,0.1032,2.9773,0.2568,5.6834,114.7925,2.568,3.5521,0.2687
6-Aug-21,4.2175,5.8703,4.9813,3.8416,4.6448,3.118,3.3713,3.1214,54.236,12.6348,8.3548,15.1725,0.3689,0.0294,112.4577,6.0165,0.6521,3.1214,0.0184,0.1032,2.9742,0.2568,5.6876,114.8197,2.569,3.5547,0.2685
9-Aug-21,4.2295,5.861,4.9718,3.8385,4.6141,3.1055,3.3685,3.1181,54.3428,12.6405,8.3852,15.1987,0.3691,0.0294,112.7776,6.0239,0.6529,3.1181,0.0184,0.1032,2.9645,0.2576,5.6952,115.1464,2.5723,3.5594,0.2695
11-Aug-21,4.24,5.855,4.9663,3.8269,4.59,3.1064,3.3831,3.1171,54.4889,12.706,8.406,15.231,0.3661,0.0295,113.0576,6.0198,0.6538,3.1171,0.0186,0.1037,2.9672,0.2582,5.6962,115.4338,2.5909,3.5602,0.2695
12-Aug-21,4.2325,5.8684,4.9719,3.8352,4.5931,3.1181,3.383,3.1203,54.3939,12.6912,8.3928,15.2276,0.3641,0.0294,112.8576,6.0037,0.6538,3.1203,0.0186,0.1035,2.9784,0.2578,5.6991,115.2281,2.5742,3.5623,0.2696
13-Aug-21,4.2375,5.8478,4.9757,3.8427,4.593,3.1107,3.3855,3.1203,54.4431,12.7061,8.3844,15.2215,0.3626,0.0295,112.9879,6.018,0.6538,3.1203,0.0186,0.1036,2.9692,0.2581,5.7052,115.3642,2.5768,3.5656,0.2699
16-Aug-21,4.236,5.8715,4.993,3.875,4.6402,3.1092,3.3785,3.1247,54.42,12.6675,8.3633,15.2221,0.3639,0.0295,112.9449,6.0166,0.6543,3.1247,0.0186,0.1038,2.9796,0.258,5.7138,115.3234,2.5743,3.5655,0.2695
17-Aug-21,4.2395,5.8545,4.9929,3.8786,4.6557,3.0931,3.3613,3.1203,54.4223,12.7351,8.3984,15.2155,0.3609,0.0295,113.0383,6.0334,0.6542,3.1203,0.0186,0.1037,2.9378,0.2582,5.7066,115.4187,2.577,3.5664,0.27
18-Aug-21,4.2345,5.8258,4.9628,3.8627,4.6367,3.0736,3.3558,3.1131,54.3833,12.72,8.3918,15.2052,0.3618,0.0295,112.908,6.021,0.6534,3.1131,0.0186,0.1035,2.9279,0.2579,5.7003,115.2825,2.5773,3.5623,0.2695
19-Aug-21,4.241,5.8002,4.9565,3.8693,4.6294,3.0353,3.3261,3.1083,54.4248,12.6968,8.3889,15.1318,0.3603,0.0294,113.0813,6.0178,0.6529,3.1083,0.0186,0.1037,2.8928,0.2583,5.697,115.4595,2.5813,3.5702,0.27
20-Aug-21,4.2385,5.7739,4.948,3.8644,4.6176,3.0176,3.2829,3.1082,54.3997,12.7053,8.4164,15.1116,0.3582,0.0293,113.0146,6.0084,0.6522,3.1082,0.0186,0.1035,2.8917,0.2581,5.6959,115.3914,2.5762,3.5594,0.27
23-Aug-21,4.228,5.7729,4.9597,3.8459,4.6253,3.0317,3.3182,3.111,54.2667,12.6644,8.419,15.1173,0.3608,0.0293,112.7376,5.9878,0.6515,3.111,0.0185,0.1034,2.8979,0.2575,5.6943,115.1056,2.5698,3.5589,0.2691
24-Aug-21,4.2165,5.78,4.9455,3.8403,4.6175,3.0456,3.3374,3.107,54.1271,12.7804,8.4086,15.0697,0.3612,0.0293,112.431,5.981,0.6508,3.107,0.0185,0.103,2.9241,0.2568,5.682,114.7925,2.5489,3.5512,0.268
25-Aug-21,4.2085,5.7781,4.9458,3.8348,4.6095,3.0545,3.3372,3.1104,54.0605,12.87,8.4491,15.0826,0.3606,0.0292,112.2177,5.975,0.6501,3.1104,0.0185,0.1029,2.9281,0.2563,5.6692,114.5747,2.5398,3.5433,0.2681
26-Aug-21,4.195,5.762,4.9331,3.8072,4.573,3.0441,3.3254,3.0995,53.8736,12.8189,8.385,15.0159,0.3583,0.0291,111.8518,5.9576,0.647,3.0995,0.0184,0.1026,2.9162,0.2555,5.6518,114.2072,2.5158,3.5323,0.2673
27-Aug-21,4.19,5.7411,4.9237,3.8051,4.562,3.0392,3.3068,3.1004,53.7883,12.8343,8.3901,15.0002,0.3582,0.0291,111.7184,5.9544,0.6467,3.1004,0.0184,0.1024,2.9141,0.2552,5.6718,114.071,2.5147,3.5438,0.2669
30-Aug-21,4.1595,5.7247,4.9078,3.7865,4.5424,3.0352,3.2975,3.0904,53.4149,12.8174,8.3541,14.9951,0.3573,0.0289,110.9023,5.9069,0.6431,3.0904,0.0183,0.1017,2.9125,0.2533,5.6735,113.2407,2.4956,3.5457,0.2648
1-Sep-21,4.152,5.7117,4.9054,3.7619,4.5256,3.0507,3.2973,3.0839,53.3717,12.8295,8.2932,14.9676,0.3583,0.0291,110.7023,5.9135,0.6423,3.0839,0.0182,0.1015,2.9317,0.2529,5.6768,113.0365,2.4844,3.548,0.2641
2-Sep-21,4.16,5.7354,4.9279,3.7816,4.5435,3.0736,3.3025,3.0951,53.5028,12.8158,8.3455,15.0235,0.3591,0.0291,110.9185,5.9207,0.6439,3.0951,0.0183,0.1016,2.9486,0.2533,5.695,113.2543,2.4872,3.5589,0.265
3-Sep-21,4.1475,5.7379,4.9254,3.7713,4.537,3.0828,3.307,3.0902,53.3681,12.7029,8.3216,14.9946,0.3585,0.0291,110.5853,5.9029,0.6424,3.0902,0.0182,0.1013,2.9565,0.2526,5.6749,112.914,2.4797,3.5468,0.2641
6-Sep-21,4.147,5.7403,4.9202,3.7738,4.5288,3.0829,3.306,3.0903,53.3459,12.7848,8.309,15.0423,0.3586,0.0292,110.5749,5.9022,0.6425,3.0903,0.0182,0.1013,2.961,0.2526,5.6764,112.9004,2.4818,3.5478,0.2637
7-Sep-21,4.1555,5.7425,4.9355,3.7803,4.5455,3.0819,3.3096,3.0932,53.4631,12.7352,8.2928,15.0447,0.3579,0.0292,110.7986,5.9143,0.6431,3.0932,0.0183,0.1015,2.96,0.2531,5.6613,113.1318,2.4739,3.5383,0.2644
8-Sep-21,4.1573,5.7218,4.9147,3.7738,4.5192,3.061,3.2781,3.0887,53.4633,12.6861,8.288,14.9941,0.3563,0.0292,110.8423,5.9282,0.6436,3.0887,0.0183,0.1016,2.9473,0.2532,5.6529,113.1794,2.4779,3.533,0.2642
9-Sep-21,4.148,5.7288,4.9081,3.7745,4.5131,3.0604,3.2672,3.0871,53.3357,12.685,8.311,14.9839,0.3549,0.0291,110.5956,5.904,0.6425,3.0871,0.0182,0.1014,2.9501,0.2526,5.6409,112.9276,2.4691,3.5257,0.264
10-Sep-21,4.1325,5.7351,4.8962,3.7604,4.5147,3.0616,3.28,3.0874,53.1457,12.6686,8.2949,14.9755,0.3545,0.0291,110.1824,5.8876,0.642,3.0874,0.0182,0.101,2.956,0.2408,5.628,112.5056,2.4569,3.5137,0.2631
13-Sep-21,4.15,5.7336,4.8929,3.7686,4.504,3.0548,3.2752,3.0904,53.3522,12.6178,8.3066,14.9749,0.3533,0.0291,110.646,5.9164,0.643,3.0904,0.0182,0.1013,2.9523,0.2418,5.6344,112.9821,2.4666,3.5214,0.2637
14-Sep-21,4.1545,5.761,4.9108,3.7756,4.5069,3.0504,3.285,3.0946,53.4039,12.6238,8.3223,15.0036,0.3546,0.0292,110.766,5.9098,0.6446,3.0946,0.0183,0.1016,2.958,0.2415,5.6395,113.1046,2.47,3.5248,0.2639
15-Sep-21,4.1595,5.7545,4.9192,3.8047,4.5318,3.0489,3.282,3.1012,53.4709,12.6583,8.3659,15.0434,0.3562,0.0292,110.8993,5.9236,0.6464,3.1012,0.0183,0.1017,2.9555,0.2396,5.6488,113.2407,2.4522,3.5295,0.2647
17-Sep-21,4.172,5.7555,4.9132,3.7936,4.4991,3.0529,3.3008,3.1006,53.6009,12.5511,8.3524,15.057,0.3542,0.0293,111.2415,5.937,0.6465,3.1006,0.0183,0.1019,2.955,0.2403,5.6758,113.581,2.4893,3.5475,0.2655
20-Sep-21,4.1925,5.7328,4.9094,3.8223,4.5003,3.0329,3.2721,3.1002,53.8335,12.5674,8.3383,15.0647,0.3529,0.0294,111.794,5.9641,0.6484,3.1002,0.0184,0.1025,2.9423,0.2423,5.6871,114.1469,2.4772,3.5539,0.2669
21-Sep-21,4.1878,5.7307,4.9135,3.8225,4.5239,3.0474,3.283,3.1009,53.7995,12.5232,8.3571,15.0774,0.3538,0.0294,111.6674,5.9414,0.6476,3.1009,0.0184,0.1024,2.9524,0.2412,5.6871,114.0098,2.4758,3.5547,0.2662
22-Sep-21,4.19,5.7143,4.9165,3.8263,4.5427,3.0361,3.2732,3.0997,53.8145,12.5412,8.3317,15.0871,0.354,0.0294,111.7184,5.9485,0.6479,3.0997,0.0184,0.1025,2.9437,0.2414,5.6735,114.071,2.4772,3.5459,0.2661
23-Sep-21,4.1815,5.7098,4.9011,3.8034,4.5262,3.0412,3.3002,3.1007,53.715,12.6101,8.3247,15.0701,0.3568,0.0294,111.4888,5.9356,0.6475,3.1007,0.0184,0.1023,2.945,0.2409,5.6766,113.8396,2.4707,3.5477,0.266
24-Sep-21,4.1875,5.744,4.9147,3.7923,4.5322,3.0491,3.304,3.0994,53.7886,12.594,8.248,15.1059,0.3558,0.0294,111.6458,5.9421,0.6479,3.0994,0.0184,0.1024,2.953,0.2405,5.6814,114.003,2.472,3.5508,0.2667
27-Sep-21,4.188,5.7386,4.8954,3.7759,4.511,3.0415,3.3096,3.0926,53.793,12.494,8.1957,15.1104,0.3547,0.0294,111.6562,5.9429,0.6482,3.0926,0.0184,0.1021,2.932,0.2396,5.6822,114.0166,2.4679,3.5514,0.2662
28-Sep-21,4.1865,5.7242,4.89,3.762,4.512,3.044,3.3137,3.087,53.7958,12.4155,8.1896,15.0952,0.3532,0.0293,111.6073,5.9353,0.6483,3.087,0.0184,0.1014,2.9218,0.2399,5.6544,113.9757,2.4569,3.534,0.2661
29-Sep-21,4.1845,5.6503,4.8812,3.7588,4.5024,3.0329,3.298,3.0824,53.7598,12.3582,8.2243,15.0522,0.3534,0.0293,111.5539,5.9225,0.647,3.0824,0.0184,0.1024,2.9066,0.2394,5.6442,113.9213,2.4489,3.5277,0.2659
30-Sep-21,4.187,5.6269,4.8586,3.7399,4.4805,3.0159,3.2917,3.0772,53.7629,12.3656,8.1825,15.0519,0.3534,0.0293,111.6325,5.9185,0.6479,3.0772,0.0184,0.1024,2.8773,0.2395,5.6402,113.9894,2.4486,3.5249,0.2665
1-Oct-21,4.1795,5.6315,4.8392,3.7612,4.4852,3.0218,3.2917,3.0769,53.6811,12.4242,8.2322,15.0072,0.3522,0.0292,111.4355,5.8884,0.6483,3.0769,0.0184,0.1022,2.8834,0.2391,5.6342,113.7852,2.4481,3.5211,0.2659
4-Oct-21,4.174,5.6597,4.8473,3.7534,4.4928,3.032,3.3077,3.0738,53.6022,12.3491,8.2182,14.9552,0.3529,0.0293,111.2918,5.8924,0.6475,3.0738,0.0183,0.1019,2.9013,0.2388,5.6125,113.6354,2.441,3.5079,0.2657
5-Oct-21,4.1795,5.6923,4.8482,3.7597,4.5111,3.0423,3.3197,3.0798,53.6893,12.38,8.2314,14.9819,0.3522,0.0293,111.4414,5.9068,0.6483,3.0798,0.0184,0.1021,2.9089,0.2391,5.612,113.7852,2.4435,3.5075,0.2654
6-Oct-21,4.1845,5.6708,4.8341,3.7504,4.4987,3.0262,3.3118,3.0737,53.7411,12.3327,8.2081,14.9516,0.3499,0.0294,111.5777,5.9114,0.6491,3.0737,0.0184,0.1023,2.8806,0.2394,5.5947,113.9213,2.4453,3.497,0.2664
7-Oct-21,4.1835,5.6845,4.8361,3.7549,4.5125,3.0491,3.3234,3.0813,53.7331,12.3809,8.2891,14.9555,0.3514,0.0294,111.5511,5.8966,0.6489,3.0813,0.0184,0.1022,2.8967,0.217,5.5975,113.8941,2.444,3.4983,0.2665
8-Oct-21,4.181,5.6862,4.8305,3.7345,4.4943,3.0498,3.3323,3.0788,53.7031,12.3479,8.2694,14.8864,0.3496,0.0294,111.4844,5.8991,0.6484,3.0788,0.0184,0.1022,2.8922,0.2166,5.5763,113.826,2.4465,3.4852,0.2663
11-Oct-21,4.1685,5.6888,4.8227,3.6917,4.4992,3.0609,3.3485,3.0805,53.568,12.3146,8.2041,14.8753,0.349,0.0293,111.1481,5.8812,0.6474,3.0805,0.0183,0.1019,2.8982,0.216,5.5338,113.4857,2.4367,3.4585,0.2652
12-Oct-21,4.1678,5.6681,4.8188,3.6761,4.4921,3.0689,3.3432,3.0724,53.559,12.4615,8.1978,14.8024,0.3479,0.0293,111.1222,5.8802,0.6455,3.0724,0.0183,0.102,2.8999,0.2159,5.5193,113.4653,2.4337,3.4494,0.2647
13-Oct-21,4.16,5.669,4.8075,3.6634,4.4799,3.0626,3.343,3.0752,53.4725,12.4719,8.2181,14.7964,0.3492,0.0293,110.9126,5.8614,0.6457,3.0752,0.0183,0.1018,2.8935,0.2225,5.526,113.2558,2.4306,3.4537,0.265
14-Oct-21,4.1535,5.6957,4.8247,3.6619,4.513,3.079,3.353,3.0818,53.3958,12.5181,8.2004,14.7927,0.3505,0.0294,110.7364,5.8539,0.6455,3.0818,0.0183,0.1016,2.9158,0.2245,5.5164,113.0773,2.4272,3.4477,0.2642
15-Oct-21,4.1585,5.7063,4.8251,3.6384,4.5044,3.0848,3.368,3.0846,53.4512,12.4955,8.1892,14.8539,0.3517,0.0295,110.8697,5.8734,0.6466,3.0848,0.0183,0.1018,2.9328,0.2272,5.5485,113.2135,2.4276,3.4535,0.2645
18-Oct-21,4.1715,5.7233,4.8314,3.6472,4.5032,3.0832,3.3633,3.0877,53.6231,12.4597,8.2068,14.8982,0.3513,0.0296,111.2163,5.8897,0.6484,3.0877,0.0183,0.102,2.9434,0.2273,5.5385,113.5674,2.4183,3.4615,0.2652
20-Oct-21,4.1615,5.7337,4.8384,3.6369,4.5001,3.1165,3.3702,3.0958,53.5152,12.4633,8.1984,14.9367,0.3543,0.0296,110.9497,5.8922,0.651,3.0958,0.0183,0.1019,2.9819,0.2299,5.5579,113.2951,2.3982,3.474,0.2643
21-Oct-21,4.1538,5.7336,4.836,3.6432,4.5167,3.1101,3.3675,3.0889,53.4169,12.4364,8.1751,14.9083,0.3531,0.0294,110.743,5.8729,0.6495,3.0889,0.0183,0.1017,2.9816,0.2295,5.5507,113.0841,2.3927,3.4693,0.2646
22-Oct-21,4.152,5.7339,4.8336,3.644,4.5273,3.1163,3.366,3.088,53.3995,12.4349,8.1748,14.9068,0.3535,0.0294,110.6964,5.8742,0.65,3.088,0.0182,0.1017,2.983,0.2294,5.5547,113.0365,2.3797,3.4717,0.2645
25-Oct-21,4.15,5.715,4.8348,3.6537,4.5232,3.1117,3.3609,3.0872,53.3865,12.5378,8.192,14.889,0.3554,0.0293,110.6431,5.8723,0.6502,3.0872,0.0182,0.1017,2.9708,0.2306,5.5327,112.9821,2.3776,3.458,0.2642
26-Oct-21,4.149,5.7192,4.8166,3.6395,4.5029,3.1134,3.3535,3.0803,53.3599,12.5347,8.1742,14.9271,0.3558,0.0293,110.6164,5.8686,0.6501,3.0803,0.0182,0.1016,2.9742,0.2318,5.5307,112.9548,2.3668,3.4562,0.2641
27-Oct-21,4.153,5.6996,4.8154,3.6526,4.523,3.1112,3.3441,3.0773,53.3928,12.4602,8.1818,14.9244,0.354,0.0293,110.723,5.8757,0.6495,3.0773,0.0182,0.1017,2.9628,0.2346,5.5344,113.0637,2.4083,3.461,0.2638
28-Oct-21,4.15,5.7065,4.8099,3.6514,4.5177,3.1175,3.3546,3.079,53.3597,12.4587,8.183,14.9227,0.3549,0.0293,110.6401,5.8619,0.6486,3.079,0.0182,0.1017,2.9772,0.2399,5.5478,112.9821,2.4107,3.4661,0.2641
29-Oct-21,4.1425,5.7051,4.8264,3.643,4.5432,3.121,3.3524,3.0787,53.2784,12.4774,8.21,14.8861,0.3539,0.0292,110.4402,5.8554,0.6475,3.0787,0.0182,0.1016,2.9743,0.2408,5.5292,112.7779,2.4232,3.4558,0.2637
1-Nov-21,4.1485,5.666,4.8006,3.6319,4.5277,3.1118,3.3485,3.0717,53.3165,12.4356,8.2093,14.8911,0.3522,0.0291,110.5972,5.8717,0.6483,3.0717,0.0182,0.1013,2.9761,0.2412,5.5365,112.9428,2.4339,3.4605,0.2641
2-Nov-21,4.1485,5.6559,4.8077,3.6549,4.5503,3.096,3.3441,3.0774,53.3086,12.4767,8.2298,14.8889,0.3528,0.0291,110.5942,5.8528,0.6485,3.0774,0.0182,0.1017,2.9709,0.238,5.5461,112.9412,2.4403,3.4666,0.2641
3-Nov-21,4.1535,5.6575,4.8122,3.6471,4.5508,3.0902,3.3465,3.0777,53.3773,12.473,8.2083,14.9272,0.3516,0.0291,110.7246,5.8659,0.6493,3.0777,0.0183,0.1018,2.9635,0.2379,5.5755,113.0773,2.4541,3.4839,0.2641
5-Nov-21,4.1585,5.5934,4.8027,3.6547,4.5518,3.0686,3.3353,3.0734,53.4285,12.4768,8.2676,14.9082,0.3507,0.029,110.8667,5.8614,0.6498,3.0734,0.0183,0.1019,2.9463,0.2382,5.5942,113.2135,2.4455,3.4906,0.2649
8-Nov-21,4.1563,5.6051,4.8094,3.6627,4.5483,3.0752,3.3362,3.0789,53.3763,12.568,8.2909,14.9393,0.3512,0.0292,110.8126,5.8498,0.6498,3.0789,0.0183,0.1018,2.9669,0.238,5.617,113.1584,2.4388,3.5095,0.2649
9-Nov-21,4.152,5.6326,4.8118,3.6771,4.5474,3.0822,3.338,3.0846,53.3046,12.674,8.299,14.9697,0.3531,0.0292,110.7082,5.8553,0.6495,3.0848,0.0183,0.1016,2.9712,0.2366,5.6085,113.0427,2.4231,3.5048,0.2645
10-Nov-21,4.153,5.6215,4.8023,3.6705,4.5495,3.0618,3.3435,3.0811,53.313,12.6809,8.2944,14.9776,0.3524,0.0291,110.729,5.8622,0.6498,3.0811,0.0183,0.1016,2.9534,0.236,5.5848,113.0653,2.411,3.4904,0.2645
11-Nov-21,4.168,5.582,4.7811,3.6547,4.5351,3.0422,3.3275,3.0753,53.4942,12.661,8.3144,14.9826,0.3525,0.0292,111.1304,5.8747,0.6511,3.0753,0.0184,0.102,2.9297,0.2359,5.5926,113.4783,2.3989,3.4953,0.2647
12-Nov-21,4.1635,5.5816,4.7687,3.652,4.517,3.0408,3.3079,3.0785,53.4231,12.6975,8.3705,14.9755,0.3539,0.0292,111.0119,5.8487,0.6524,3.0785,0.0184,0.102,2.9257,0.2355,5.5929,113.3527,2.369,3.4955,0.2649
15-Nov-21,4.1625,5.5838,4.7656,3.6526,4.5218,3.0615,3.3226,3.0805,53.4178,12.7177,8.3067,14.9924,0.3532,0.0293,110.9822,5.8458,0.6523,3.0805,0.0184,0.102,2.9418,0.2353,5.595,113.3254,2.3773,3.4963,0.2643
16-Nov-21,4.1653,5.6106,4.7382,3.6481,4.4991,3.0585,3.3265,3.0782,53.4901,12.7378,8.2742,14.9899,0.353,0.0293,111.0437,5.8519,0.6531,3.0782,0.0184,0.1021,2.9288,0.2353,5.6026,113.408,2.3747,3.5017,0.2651
17-Nov-21,4.175,5.615,4.7253,3.636,4.4844,3.0444,3.328,3.0765,53.6036,12.752,8.2986,15.0137,0.3537,0.0293,111.3007,5.85,0.6544,3.0765,0.0184,0.1023,2.9298,0.2371,5.6178,113.6689,2.3841,3.5105,0.2651
18-Nov-21,4.1785,5.6399,4.7359,3.6597,4.5061,3.0415,3.3122,3.0785,53.6493,12.8214,8.3022,15.0287,0.3537,0.0294,111.3955,5.8471,0.6547,3.0785,0.0184,0.1024,2.9412,0.2373,5.6294,113.7595,2.399,3.5183,0.2653
19-Nov-21,4.178,5.6192,4.7308,3.6503,4.5017,3.0376,3.3125,3.0724,53.6373,12.7885,8.2831,15.0293,0.3522,0.0293,111.3807,5.8524,0.6546,3.0724,0.0184,0.1024,2.9327,0.2372,5.6271,113.7474,2.3854,3.5173,0.2661
22-Nov-21,4.183,5.6144,4.7124,3.6645,4.5034,3.031,3.3087,3.0705,53.685,12.7066,8.2538,15.0538,0.3522,0.0294,111.511,5.85,0.6557,3.0705,0.0185,0.1025,2.9275,0.2373,5.6151,113.8836,2.3862,3.5095,0.2663
23-Nov-21,4.194,5.6116,4.7258,3.6594,4.5065,3.0266,3.2934,3.0706,53.8141,12.6899,8.2755,15.0901,0.3529,0.0294,111.7983,5.8617,0.6568,3.0706,0.0185,0.1028,2.9081,0.2371,5.6379,114.1862,2.3942,3.5229,0.267
24-Nov-21,4.2125,5.6296,4.7268,3.6607,4.5049,3.041,3.3241,3.0824,54.0449,12.6521,8.3548,15.1638,0.3552,0.0295,112.2899,5.8754,0.6594,3.0824,0.0186,0.1033,2.9125,0.2381,5.6585,114.6945,2.4031,3.5366,0.2675
25-Nov-21,4.226,5.6369,4.7439,3.6636,4.5287,3.0396,3.3415,3.0922,54.2042,12.6812,8.3916,15.2004,0.3551,0.0296,112.6513,5.8906,0.6616,3.0922,0.0186,0.1035,2.8999,0.238,5.6732,115.0574,2.4087,3.5457,0.2683
26-Nov-21,4.2425,5.6442,4.772,3.7096,4.5687,3.0294,3.3278,3.0925,54.42,12.6209,8.4077,15.2334,0.355,0.0297,113.0911,5.9136,0.6638,3.0922,0.0187,0.104,2.8957,0.2384,5.6677,115.5019,2.4017,3.5422,0.2699
29-Nov-21,4.2395,5.6551,4.7805,3.7417,4.5818,3.0281,3.3233,3.0968,54.3536,12.5559,8.4167,15.2544,0.3553,0.0296,113.0111,5.9094,0.6644,3.0971,0.0187,0.1039,2.8954,0.2379,5.6463,115.4202,2.4037,3.5289,0.2699
30-Nov-21,4.211,5.6223,4.7791,3.73,4.5767,2.9972,3.2898,3.0786,53.9938,12.4826,8.3585,15.2027,0.3537,0.0294,112.2454,5.8871,0.661,3.0786,0.0186,0.1032,2.8685,0.2363,5.6069,114.6443,2.3888,3.5042,0.2677
1-Dec-21,4.2155,5.6011,4.7669,3.7136,4.5791,3.0107,3.3025,3.0887,54.0716,12.4959,8.3674,15.2129,0.3571,0.0294,112.3654,5.9051,0.6617,3.0887,0.0186,0.1033,2.8821,0.2362,5.6212,114.7668,2.4096,3.5132,0.2682
2-Dec-21,4.2275,5.6257,4.7876,3.7344,4.5896,3.0064,3.3056,3.0941,54.2686,12.4871,8.3796,15.2397,0.3598,0.0294,112.6853,5.9164,0.6634,3.0941,0.0186,0.1036,2.8832,0.238,5.6401,115.0935,2.3952,3.5251,0.2688
3-Dec-21,4.231,5.6167,4.7772,3.7322,4.5934,2.9865,3.2981,3.0862,54.2954,12.4974,8.3832,15.2735,0.3579,0.0294,112.7876,5.9256,0.664,3.0862,0.0185,0.1036,2.8673,0.2382,5.6327,115.1888,2.3921,3.5206,0.2693
6-Dec-21,4.232,5.6093,4.7792,3.7397,4.5908,2.9723,3.3033,3.0903,54.2575,12.4856,8.3885,15.2626,0.3581,0.0293,112.8112,5.9188,0.6641,3.0903,0.0183,0.1036,2.8551,0.2382,5.6101,115.2207,2.3978,3.5064,0.2694
7-Dec-21,4.23,5.6102,4.7695,3.7205,4.5764,3.0012,3.3268,3.0955,54.2304,12.5501,8.3912,15.246,0.3591,0.0294,112.7579,5.9135,0.6643,3.0955,0.0183,0.1036,2.8633,0.2388,5.6044,115.1663,2.3925,3.5028,0.2687
8-Dec-21,4.227,5.5993,4.7691,3.7221,4.5697,3.0151,3.3436,3.097,54.201,12.6236,8.4053,15.2429,0.3591,0.0294,112.6779,5.9019,0.6659,3.097,0.0184,0.1035,2.8668,0.2386,5.5992,115.0846,2.3787,3.4995,0.2687
9-Dec-21,4.2165,5.5687,4.7743,3.7168,4.5797,3.0211,3.3279,3.0912,54.0716,12.6092,8.3628,15.2215,0.3587,0.0294,112.398,5.8912,0.6645,3.0911,0.0183,0.1032,2.8719,0.238,5.582,114.794,2.3745,3.489,0.2684
10-Dec-21,4.216,5.5658,4.7582,3.7085,4.564,3.014,3.3159,3.0851,54.0489,12.5907,8.3651,15.2136,0.3568,0.0293,112.3847,5.8931,0.6619,3.0851,0.0183,0.1031,2.8576,0.238,5.5593,114.7804,2.3699,3.4745,0.2684
13-Dec-21,4.2225,5.5845,4.7604,3.7155,4.5693,3.0157,3.3124,3.0885,54.1405,12.6365,8.3846,15.1872,0.3571,0.0294,112.558,5.8944,0.6637,3.0885,0.0184,0.1035,2.8618,0.2384,5.5782,114.9621,2.3709,3.4864,0.2689
14-Dec-21,4.2335,5.5952,4.7752,3.7245,4.5971,3.0172,3.3046,3.094,54.2572,12.6733,8.4098,15.218,0.3578,0.0295,112.8482,5.9138,0.6654,3.094,0.0184,0.1037,2.8608,0.239,5.5798,115.2616,2.3757,3.4874,0.2697
15-Dec-21,4.229,5.6132,4.7671,3.7196,4.5749,3.0157,3.2873,3.093,54.2016,12.6655,8.4243,15.2139,0.3565,0.0295,112.7252,5.915,0.6645,3.093,0.0184,0.1035,2.8567,0.2387,5.5597,115.1391,2.3739,3.4748,0.2692
16-Dec-21,4.213,5.6029,4.7679,3.6925,4.5674,3.03,3.2936,3.0886,53.9959,12.593,8.448,15.1541,0.3561,0.0294,112.2778,5.8836,0.6618,3.0886,0.0183,0.1031,2.8695,0.2378,5.5341,114.7034,2.3642,3.4598,0.2682
17-Dec-21,4.2175,5.6192,4.781,3.7141,4.5945,3.0252,3.298,3.0908,54.0494,12.6443,8.4367,15.1714,0.3557,0.0294,112.3828,5.8953,0.6619,3.0908,0.0184,0.1032,2.8597,0.2381,5.5396,114.8213,2.3667,3.4622,0.2679
20-Dec-21,4.2255,5.5798,4.7617,3.7257,4.578,2.999,3.2682,3.0896,54.1825,12.5928,8.4662,15.1696,0.3546,0.0294,112.5674,5.9094,0.6628,3.0899,0.0184,0.1031,2.837,0.2385,5.5718,115.0391,2.3709,3.4824,0.2683
21-Dec-21,4.2085,5.5721,4.756,3.7042,4.5752,2.9969,3.2523,3.0848,53.9513,12.4918,8.4406,15.1298,0.3527,0.0294,112.0951,5.8742,0.6607,3.0848,0.0184,0.103,2.8384,0.2378,5.5677,114.5825,2.3643,3.4798,0.2679
22-Dec-21,4.214,5.5916,4.7504,3.6868,4.5564,3.0111,3.2653,3.0851,54.0263,12.4767,8.3911,15.155,0.3534,0.0295,112.2416,5.8862,0.6614,3.0851,0.0184,0.1031,2.8499,0.2381,5.5758,114.7276,2.3605,3.4841,0.2676
23-Dec-21,4.2035,5.6247,4.7563,3.6768,4.5641,3.0406,3.2775,3.0891,53.9028,12.5216,8.4003,15.1598,0.354,0.0295,111.9441,5.875,0.6598,3.0891,0.0183,0.1029,2.8702,0.2376,5.5858,114.4417,2.3549,3.491,0.2669
24-Dec-21,4.193,5.6195,4.7532,3.6657,4.567,3.0355,3.2689,3.0913,53.764,12.537,8.381,15.123,0.3534,0.0295,111.6645,5.8685,0.6584,3.0913,0.0184,0.1026,2.8613,0.237,5.585,114.1558,2.349,3.4907,0.2669
27-Dec-21,4.1835,5.6059,4.7326,3.6496,4.5495,3.0205,3.262,3.0821,53.6315,12.4676,8.327,15.11,0.3525,0.0294,111.3966,5.8552,0.6566,3.0821,0.0183,0.1025,2.8452,0.2364,5.5795,113.8972,2.3437,3.4871,0.2663
28-Dec-21,4.1825,5.6204,4.7358,3.6428,4.5601,3.0277,3.2682,3.0877,53.627,12.4758,8.2887,15.1277,0.3522,0.0294,111.3611,5.8538,0.6565,3.0877,0.0183,0.1024,2.8474,0.2364,5.5966,113.87,2.3425,3.4981,0.2656
29-Dec-21,4.1815,5.6137,4.7197,3.6366,4.5506,3.0245,3.2623,3.0883,53.632,12.4765,8.183,15.1306,0.3523,0.0293,111.3582,5.8524,0.6566,3.0881,0.0183,0.1024,2.8424,0.2363,5.5939,113.8427,2.3416,3.4959,0.2655
30-Dec-21,4.1775,5.6215,4.721,3.6274,4.5507,3.0285,3.2616,3.0842,53.5704,12.5319,8.1848,15.0845,0.3513,0.0293,111.2798,5.8468,0.6552,3.0842,0.0183,0.1023,2.8484,0.2361,5.6113,113.7338,2.3394,3.5071,0.2659
31-Dec-21,4.165,5.6309,4.7142,3.6188,4.5601,3.0265,3.271,3.0853,53.4211,12.4682,8.1795,15.0568,0.3501,0.0292,110.9365,5.8293,0.6547,3.0853,0.0182,0.102,2.8468,0.2354,5.6199,113.3935,2.3604,3.5124,0.2651
3-Jan-22,4.1725,5.6425,4.7341,3.6201,4.5711,3.0299,3.2927,3.0925,53.5035,12.4907,8.1766,15.1057,0.3497,0.0292,111.1688,5.8398,0.6565,3.0925,0.0183,0.1023,2.8546,0.2358,5.6123,113.5977,2.3681,3.5082,0.2649
4-Jan-22,4.186,5.6473,4.7258,3.6134,4.5579,3.0173,3.2842,3.0891,53.698,12.5668,8.1583,15.1771,0.35,0.0293,111.4662,5.8645,0.6568,3.0891,0.0184,0.1024,2.8423,0.2366,5.619,113.9652,2.369,3.5119,0.2665
5-Jan-22,4.1935,5.6809,4.7399,3.6174,4.5811,3.0355,3.2981,3.0937,53.8094,12.6253,8.2274,15.1905,0.3501,0.0292,111.6465,5.8565,0.6586,3.0937,0.0184,0.1026,2.8541,0.237,5.6421,114.1694,2.3722,3.5263,0.2667
6-Jan-22,4.213,5.688,4.7582,3.6383,4.5823,3.0131,3.2904,3.0952,54.0097,12.5705,8.2253,15.233,0.3496,0.0293,112.2434,5.8946,0.6608,3.0952,0.0185,0.1031,2.8408,0.2381,5.6581,114.7003,2.3856,3.5363,0.2681
7-Jan-22,4.209,5.703,4.7614,3.6352,4.5723,3.0099,3.3084,3.0972,53.9633,12.5026,8.1999,15.2026,0.3495,0.0293,112.1383,5.8859,0.6604,3.0972,0.0186,0.103,2.8419,0.2379,5.6623,114.5914,2.3834,3.5389,0.2678
10-Jan-22,4.2025,5.7114,4.7635,3.6338,4.5655,3.021,3.3269,3.102,53.9069,12.4944,8.1713,15.1923,0.351,0.0294,111.9562,5.8759,0.6594,3.102,0.0185,0.1028,2.8455,0.2375,5.6694,114.4145,2.379,3.5434,0.2675
11-Jan-22,4.1935,5.7078,4.7592,3.6366,4.534,3.0122,3.3162,3.1003,53.7839,12.5592,8.2226,15.1472,0.3515,0.0293,111.7224,5.8706,0.6582,3.1003,0.0185,0.1026,2.8403,0.237,5.6765,114.1694,2.3739,3.5481,0.267
12-Jan-22,4.185,5.7037,4.7571,3.6279,4.5312,3.0153,3.3325,3.0974,53.6831,12.5281,8.1706,15.1206,0.3514,0.0292,111.4989,5.8606,0.6576,3.0974,0.0184,0.1024,2.8378,0.2365,5.66,113.938,2.3762,3.5366,0.2664
13-Jan-22,4.1735,5.7319,4.7855,3.6451,4.5684,3.049,3.3431,3.1021,53.5703,12.5538,8.1721,15.117,0.3521,0.0292,111.1984,5.8507,0.6561,3.1021,0.0184,0.1021,2.8695,0.2359,5.6441,113.6249,2.3659,3.5276,0.2652
14-Jan-22,4.1755,5.7348,4.7887,3.6677,4.589,3.0393,3.3482,3.1042,53.6486,12.5863,8.1489,15.1429,0.3516,0.0292,111.2695,5.8766,0.6576,3.1042,0.0184,0.1022,2.8646,0.236,5.629,113.6794,2.3704,3.5177,0.2661
17-Jan-22,4.1835,5.7222,4.7809,3.6569,4.5844,3.0194,3.3436,3.1035,53.7204,12.66,8.1613,15.1901,0.3509,0.0292,111.4916,5.89,0.6592,3.1035,0.0184,0.1022,2.8508,0.2364,5.6325,113.8956,2.3787,3.5206,0.2658
19-Jan-22,4.196,5.7036,4.7555,3.6661,4.5815,3.0169,3.3572,3.1088,53.8487,12.6672,8.1397,15.1837,0.3521,0.0292,111.8486,5.8895,0.6608,3.1087,0.0185,0.1027,2.8474,0.2371,5.6299,114.2375,2.3814,3.5187,0.2671
20-Jan-22,4.1885,5.7087,4.7558,3.6646,4.5798,3.0306,3.3524,3.1109,53.7842,12.7291,8.1536,15.1598,0.3521,0.0292,111.6576,5.8732,0.6604,3.1107,0.0185,0.1026,2.8373,0.2367,5.6278,114.0333,2.3785,3.5174,0.2662
21-Jan-22,4.1865,5.6802,4.7456,3.672,4.5827,3.0111,3.343,3.111,53.7623,12.6883,8.1545,15.117,0.3512,0.0292,111.6073,5.8711,0.6602,3.111,0.0185,0.1025,2.8133,0.2366,5.6246,113.9789,2.376,3.5154,0.266
24-Jan-22,4.1905,5.6727,4.7445,3.6893,4.5951,2.9973,3.3271,3.1155,53.8261,12.6927,8.167,15.1328,0.3504,0.0292,111.7139,5.8752,0.662,3.1155,0.0185,0.1027,2.8078,0.2368,5.6111,114.0878,2.3796,3.5065,0.2661
25-Jan-22,4.189,5.6484,4.7327,3.678,4.5652,2.9916,3.3129,3.1172,53.7917,12.6728,8.1721,15.1113,0.3497,0.0292,111.6754,5.8684,0.6622,3.1172,0.0185,0.1026,2.7953,0.2367,5.6012,114.0469,2.3714,3.5024,0.2666
26-Jan-22,4.193,5.6591,4.7333,3.6734,4.5566,3.0018,3.3308,3.1175,53.8531,12.7176,8.1831,15.1252,0.3501,0.0292,111.7805,5.8655,0.6632,3.1175,0.0185,0.1028,2.8034,0.237,5.5955,114.1558,2.3703,3.5044,0.2669
27-Jan-22,4.1995,5.6406,4.7037,3.654,4.5317,2.9779,3.3132,3.109,53.8995,12.632,8.1941,15.0985,0.349,0.0292,111.9329,5.8782,0.6601,3.109,0.0185,0.1029,2.779,0.2373,5.5881,114.3328,2.3591,3.492,0.2668
28-Jan-22,4.196,5.6115,4.6727,3.6318,4.5053,2.9399,3.2862,3.0923,53.8404,12.5874,8.1857,15.067,0.3464,0.0292,111.8367,5.841,0.6599,3.0923,0.0185,0.1029,2.7526,0.2371,5.5928,114.2375,2.3746,3.4955,0.2666
31-Jan-22,4.1855,5.6224,4.6756,3.6249,4.4926,2.9504,3.2892,3.0894,53.6585,12.5672,8.2181,15.0476,0.3462,0.0291,111.5568,5.8209,0.658,3.09,0.0185,0.1027,2.7536,0.2365,5.6014,113.9516,2.37,3.501,0.2664
3-Feb-22,4.1835,5.6716,4.7255,3.6481,4.5399,2.9816,3.2951,3.1029,53.6704,12.6142,8.1949,15.0275,0.3475,0.0291,111.5095,5.8599,0.6577,3.1029,0.0185,0.1026,2.7768,0.2364,5.589,113.8987,2.3838,3.4931,0.2664
4-Feb-22,4.1785,5.6711,4.7886,3.6305,4.5315,2.9711,3.2883,3.1083,53.6348,12.6717,8.1643,15.0211,0.3487,0.0291,111.3762,5.8465,0.6569,3.1083,0.0184,0.1024,2.7764,0.2361,5.592,113.7611,2.3994,3.4953,0.2656
7-Feb-22,4.1843,5.664,4.7843,3.6352,4.5228,2.971,3.2878,3.1121,53.6948,12.6738,8.1374,15.0286,0.3489,0.0291,111.5294,5.8857,0.658,3.1121,0.0185,0.1024,2.7752,0.2365,5.6019,113.916,2.3992,3.5009,0.2661
8-Feb-22,4.1875,5.6705,4.7758,3.6295,4.5339,2.9846,3.3022,3.1142,53.7124,12.699,8.1421,15.0462,0.3496,0.0291,111.6161,5.8819,0.6577,3.1142,0.0184,0.1026,2.7809,0.2366,5.6014,114.0061,2.4018,3.501,0.2666
9-Feb-22,4.186,5.6802,4.7815,3.6272,4.5318,2.9989,3.297,3.1161,53.7094,12.7408,8.1614,15.0549,0.3501,0.0292,111.5761,5.8757,0.6581,3.1161,0.0184,0.1026,2.7879,0.2366,5.5933,113.9652,2.3947,3.4958,0.2659
10-Feb-22,4.1845,5.6708,4.7843,3.6209,4.5321,3.0066,3.3027,3.1187,53.6936,12.8261,8.1665,15.0327,0.35,0.0292,111.5361,5.8751,0.658,3.1187,0.0184,0.1025,2.7982,0.2365,5.5786,113.9244,2.3953,3.4874,0.2664
11-Feb-22,4.189,5.6801,4.7725,3.6098,4.5164,2.9874,3.2912,3.1152,53.6941,12.8163,8.1737,15.0478,0.3502,0.0292,111.6561,5.881,0.6588,3.1152,0.0185,0.1026,2.7869,0.2367,5.5623,114.0469,2.3985,3.4765,0.2666
14-Feb-22,4.1933,5.6605,4.7421,3.6427,4.5364,2.973,3.2806,3.1111,53.7358,12.8845,8.1581,15.0274,0.3504,0.0293,111.7693,5.8801,0.6593,3.1111,0.0184,0.1025,2.7659,0.237,5.5475,114.1626,2.3907,3.4678,0.267
15-Feb-22,4.1863,5.6795,4.7489,3.6218,4.5335,2.9955,3.2934,3.1106,53.6448,12.9505,8.154,15.019,0.3497,0.0293,111.5619,5.8577,0.6593,3.1106,0.0184,0.1026,2.7811,0.2366,5.5494,113.972,2.3732,3.468,0.2665
16-Feb-22,4.1853,5.6781,4.7666,3.6165,4.5239,3.0054,3.3002,3.1148,53.6447,12.9354,8.1647,15.0251,0.3499,0.0294,111.5353,5.8629,0.6607,3.1148,0.0184,0.1026,2.7861,0.2365,5.5815,113.9448,2.374,3.4884,0.2662
17-Feb-22,4.1875,5.6887,4.7566,3.6386,4.5418,3.0125,3.2939,3.1147,53.6721,13.0107,8.1596,15.0281,0.3497,0.0292,111.5952,5.8741,0.6608,3.1147,0.0184,0.1027,2.8048,0.2366,5.5761,114.0061,2.3787,3.4851,0.2661
18-Feb-22,4.1858,5.7073,4.7617,3.6336,4.5453,3.0215,3.3011,3.1181,53.6549,13.0296,8.1356,15.0296,0.3504,0.0292,111.5516,5.8732,0.6614,3.1181,0.0183,0.1026,2.8153,0.2365,5.5999,113.96,2.3823,3.4999,0.266
21-Feb-22,4.1775,5.6956,4.7444,3.6343,4.5422,3.0141,3.2819,3.1053,53.5501,13.0079,8.1298,15.0135,0.3506,0.0292,111.3317,5.8621,0.6595,3.1053,0.0183,0.1024,2.8094,0.2361,5.6117,113.7338,2.3682,3.5077,0.2657
22-Feb-22,4.1865,5.6848,4.7416,3.6441,4.5612,3.0168,3.2856,3.1071,53.6542,12.9153,8.1418,15.0232,0.3511,0.0291,111.5835,5.8747,0.6609,3.1072,0.0184,0.1026,2.8117,0.2366,5.5868,113.9789,2.3713,3.4918,0.266
23-Feb-22,4.1833,5.6913,4.7472,3.6332,4.5386,3.0356,3.29,3.1132,53.6063,12.9854,8.1928,15.0163,0.3515,0.0292,111.4968,5.8652,0.6624,3.1132,0.0183,0.1026,2.8406,0.2364,5.6104,113.8904,2.3701,3.5065,0.2657
24-Feb-22,4.2025,5.6559,4.7238,3.665,4.5687,3.0203,3.2817,3.109,53.8171,12.9248,8.184,14.991,0.3491,0.0292,112.0129,5.8937,0.6645,3.109,0.0184,0.103,2.8262,0.2375,5.576,114.4145,2.381,3.4849,0.2675
25-Feb-22,4.1995,5.616,4.6942,3.6421,4.5378,3.0194,3.2791,3.1011,53.787,12.9037,8.1846,14.9907,0.3485,0.0292,111.9359,5.8549,0.6648,3.1011,0.0184,0.103,2.8145,0.2373,5.5633,114.3328,2.3653,3.4786,0.2667
28-Feb-22,4.1985,5.6117,4.6935,3.633,4.5389,3.0217,3.2857,3.091,53.7308,12.8769,8.197,14.9711,0.3489,0.0292,111.9093,5.8537,0.6657,3.091,0.0184,0.1029,2.8164,0.2373,5.5631,114.3056,2.3667,3.4772,0.2667
1-Mar-22,4.193,5.6316,4.7075,3.6483,4.578,3.0546,3.3125,3.0984,53.6501,12.8797,8.1879,14.9531,0.3498,0.0292,111.7597,5.8486,0.6642,3.0984,0.0184,0.1028,2.847,0.237,5.5675,114.1558,2.3596,3.4782,0.2662
2-Mar-22,4.194,5.5784,4.6493,3.6408,4.5624,3.04,3.2982,3.086,53.6629,12.8375,8.1516,14.9391,0.3473,0.0292,111.7863,5.8495,0.6641,3.086,0.0184,0.1028,2.8347,0.237,5.5339,114.183,2.3598,3.4585,0.2668
3-Mar-22,4.1865,5.6049,4.6432,3.6183,4.5538,3.0608,3.3196,3.0833,53.5773,12.844,8.1071,14.9113,0.3469,0.0291,111.5835,5.8216,0.6626,3.0833,0.0183,0.1027,2.8408,0.2366,5.5174,113.9789,2.3471,3.4491,0.2665
4-Mar-22,4.177,5.5596,4.5997,3.6197,4.5461,3.0793,3.2864,3.0716,53.4317,12.7991,8.0497,14.8595,0.3434,0.029,111.3303,5.8053,0.6611,3.0717,0.0183,0.1024,2.8567,0.2361,5.4813,113.7202,2.3437,3.4257,0.2655
7-Mar-22,4.1775,5.5009,4.538,3.6337,4.528,3.0951,3.2857,3.063,53.4566,12.6629,7.9952,14.7808,0.3402,0.029,111.3406,5.7865,0.6611,3.063,0.0183,0.1019,2.8796,0.2361,5.4296,113.7385,2.3466,3.3939,0.2653
8-Mar-22,4.1823,5.4846,4.5566,3.6193,4.5111,3.0418,3.2595,3.0655,53.477,12.6104,8.0058,14.7423,0.3385,0.029,111.4702,5.7715,0.6621,3.0658,0.0183,0.1027,2.851,0.2363,5.4351,113.8631,2.3339,3.398,0.2662
9-Mar-22,4.188,5.5016,4.5857,3.6161,4.5088,3.0614,3.2619,3.073,53.5608,12.6583,8.0353,14.7553,0.3401,0.0292,111.6294,5.7812,0.663,3.0729,0.0183,0.1028,2.8612,0.2367,5.4534,114.0197,2.3364,3.4083,0.2666
10-Mar-22,4.1875,5.5105,4.6199,3.6135,4.5168,3.0709,3.2633,3.0786,53.5517,12.6301,8.0174,14.7892,0.3411,0.0293,111.622,5.7927,0.6622,3.0785,0.0183,0.1029,2.8655,0.2366,5.4869,114.0061,2.3362,3.4294,0.2666
11-Mar-22,4.1945,5.4778,4.6047,3.5858,4.5015,3.0733,3.2804,3.0836,53.5994,12.5942,8.0155,14.7689,0.3396,0.0293,111.8086,5.8134,0.6631,3.0839,0.0183,0.1031,2.8686,0.237,5.4771,114.1967,2.3397,3.4231,0.2668
14-Mar-22,4.208,5.4893,4.6103,3.5741,4.4976,3.0514,3.2986,3.0837,53.7499,12.5932,8.0351,14.7815,0.3401,0.0294,112.1655,5.8208,0.6619,3.0838,0.0184,0.103,2.8585,0.2378,5.4967,114.5642,2.3486,3.4352,0.2679
15-Mar-22,4.209,5.4845,4.6314,3.5732,4.4858,3.0273,3.2746,3.0809,53.7826,12.5473,8.0309,14.7142,0.3377,0.0294,112.1891,5.8,0.66,3.081,0.0184,0.1036,2.8402,0.2379,5.4916,114.5914,2.3449,3.4323,0.2672
16-Mar-22,4.1975,5.4815,4.6135,3.5474,4.465,3.0348,3.2991,3.0831,53.6634,12.5655,8.0397,14.7007,0.3399,0.0293,111.8767,5.7897,0.6612,3.0831,0.0183,0.1036,2.8488,0.2372,5.5028,114.2783,2.3365,3.4392,0.2672
17-Mar-22,4.1935,5.5277,4.6351,3.5333,4.4581,3.0717,3.3129,3.0936,53.6243,12.6215,8.032,14.8506,0.3466,0.0293,111.77,5.7928,0.6606,3.0936,0.0183,0.1037,2.8705,0.237,5.5332,114.1694,2.3326,3.4586,0.2663
18-Mar-22,4.1988,5.5205,4.647,3.5322,4.4887,3.0999,3.3288,3.0964,53.6983,12.6108,8.0159,14.823,0.3456,0.0293,111.9189,5.8079,0.6597,3.0964,0.0184,0.1038,2.8906,0.2373,5.5138,114.3124,2.3256,3.462,0.2671
21-Mar-22,4.2045,5.5289,4.6489,3.5268,4.5205,3.1088,3.3393,3.1011,53.7292,12.5639,8.0254,14.7542,0.3464,0.0293,112.0752,5.8073,0.6614,3.1011,0.0184,0.104,2.9003,0.2376,5.5246,114.4689,2.3197,3.4528,0.2404
22-Mar-22,4.2165,5.5563,4.6411,3.5002,4.5145,3.1232,3.3409,3.1044,53.8667,12.5847,8.0391,14.7797,0.3463,0.0294,112.401,5.8267,0.6628,3.1044,0.0184,0.1041,2.9128,0.2383,5.5349,114.7956,2.3201,3.4593,0.2275
23-Mar-22,4.223,5.5841,4.6521,3.4928,4.5183,3.1501,3.355,3.1102,53.9725,12.5442,8.0622,14.7763,0.3477,0.0294,112.5803,5.8263,0.6626,3.1102,0.0185,0.1041,2.9337,0.2387,5.5427,114.9726,2.3178,3.4642,0.2281
24-Mar-22,4.229,5.5656,4.6426,3.4771,4.5283,3.1591,3.3637,3.1144,54.0499,12.577,8.0876,14.7486,0.3459,0.0295,112.7403,5.8299,0.6638,3.1144,0.0185,0.1042,2.9379,0.239,5.5393,115.1359,2.3217,3.4621,0.231
25-Mar-22,4.2105,5.5423,4.6383,3.465,4.5408,3.16,3.3544,3.1045,53.7935,12.5555,8.0754,14.7071,0.3456,0.0294,112.2441,5.8027,0.6618,3.1045,0.0184,0.1037,2.9299,0.2379,5.5265,114.6307,2.3106,3.4541,0.2276
28-Mar-22,4.217,5.551,4.6349,3.3821,4.5044,3.1752,3.3775,3.0987,53.8649,12.4819,8.0956,14.6602,0.3443,0.0294,112.4174,5.8169,0.662,3.0987,0.0184,0.1038,2.9296,0.2383,5.5367,114.8092,2.3107,3.4604,0.2301
29-Mar-22,4.2175,5.5081,4.6329,3.4088,4.5015,3.1555,3.371,3.0968,53.8747,12.5056,8.0966,14.6375,0.3456,0.0294,112.4247,5.8023,0.6619,3.0969,0.0184,0.1038,2.9012,0.2383,5.541,114.8228,2.3103,3.4631,0.2301
30-Mar-22,4.2045,5.5251,4.691,3.4572,4.5437,3.1591,3.3689,3.1074,53.7165,12.6204,8.0809,14.7379,0.3476,0.0293,112.0692,5.7938,0.6622,3.1074,0.0184,0.1035,2.9322,0.2376,5.5454,114.4689,2.3013,3.4659,0.2304
31-Mar-22,4.206,5.5187,4.6813,3.4423,4.5485,3.1448,3.3584,3.1064,53.7202,12.6287,8.1354,14.6801,0.3467,0.0293,112.1152,5.8181,0.663,3.1065,0.0184,0.1035,2.9164,0.2377,5.5575,114.5097,2.2834,3.4729,0.2303
1-Apr-22,4.2105,5.5282,4.6568,3.435,4.5573,3.1633,3.3684,3.1044,53.7407,12.5893,8.1551,14.6846,0.346,0.0293,112.2396,5.8206,0.6619,3.1044,0.0184,0.1036,2.9204,0.2379,5.5428,114.6323,2.2828,3.472,0.2303
4-Apr-22,4.2193,5.5335,4.6505,3.4408,4.552,3.1703,3.3763,3.1098,53.8434,12.5929,8.2167,14.7346,0.3474,0.0294,112.4713,5.8242,0.6631,3.1098,0.0185,0.1038,2.9235,0.2384,5.5905,114.8752,2.2875,3.4942,0.2313
5-Apr-22,4.2115,5.5255,4.6188,3.4286,4.5466,3.217,3.3812,3.1071,53.7709,12.6074,8.216,14.7045,0.3472,0.0294,112.2677,5.7991,0.6619,3.1071,0.0184,0.1036,2.9514,0.238,5.5876,114.6579,2.2735,3.4924,0.231
6-Apr-22,4.215,5.5208,4.604,3.4048,4.5201,3.1956,3.3736,3.1014,53.7813,12.599,8.2068,14.6762,0.3463,0.0294,112.3611,5.8004,0.6626,3.1014,0.0184,0.1038,2.9311,0.2382,5.5729,114.7548,2.2625,3.4832,0.2306
7-Apr-22,4.2183,5.5145,4.5886,3.4088,4.5212,3.1536,3.3573,3.0999,53.8217,12.5974,8.2059,14.6376,0.3459,0.0294,112.4657,5.7907,0.6628,3.0999,0.0185,0.1039,2.9085,0.228,5.5529,114.8433,2.234,3.4705,0.2301
8-Apr-22,4.2215,5.5065,4.5875,3.4016,4.514,3.1514,3.3524,3.0971,53.8622,12.5491,8.186,14.6189,0.3443,0.0294,112.5703,5.7923,0.6633,3.0971,0.0185,0.104,2.8955,0.2282,5.5595,114.9317,2.2395,3.4743,0.2302
11-Apr-22,4.228,5.5089,4.6117,3.3734,4.5243,3.1427,3.3558,3.0973,53.9434,12.5871,8.1198,14.5432,0.3431,0.0294,112.7437,5.7975,0.6638,3.0973,0.0185,0.1042,2.889,0.2285,5.5661,115.1071,2.3199,3.4788,0.2302
12-Apr-22,4.2328,5.5041,4.5976,3.3691,4.5362,3.1449,3.345,3.1009,54.0109,12.5788,8.1258,14.5246,0.3439,0.0295,112.8703,5.8027,0.6645,3.1009,0.0185,0.1043,2.8918,0.2288,5.559,115.238,2.3385,3.4743,0.2289
13-Apr-22,4.2305,5.5024,4.5848,3.3563,4.5401,3.1422,3.346,3.1019,53.9711,12.5721,8.1246,14.5593,0.3449,0.0295,112.8103,5.791,0.6644,3.1019,0.0185,0.1043,2.8717,0.2287,5.5538,115.1768,2.3296,3.4706,0.2286
14-Apr-22,4.2305,5.5572,4.6146,3.3737,4.5241,3.1517,3.3727,3.1232,53.956,12.5721,8.106,14.5651,0.3448,0.0295,112.8103,5.7831,0.6639,3.1232,0.0185,0.1043,2.8835,0.2287,5.5546,115.1768,2.3341,3.4708,0.23
15-Apr-22,4.2345,5.5341,4.5815,3.3477,4.4933,3.1386,3.3615,3.1213,53.9863,12.584,8.1136,14.5346,0.3448,0.0295,112.917,5.8079,0.6648,3.1213,0.0185,0.1044,2.8701,0.2289,5.5501,115.2857,2.3395,3.474,0.2302
18-Apr-22,4.2545,5.537,4.5915,3.3597,4.5031,3.133,3.3666,3.1262,54.2427,12.6396,8.141,14.5538,0.3446,0.0296,113.4533,5.8133,0.6681,3.1262,0.0186,0.1049,2.8646,0.23,5.5772,115.8302,2.3328,3.4852,0.2312
20-Apr-22,4.287,5.586,4.6467,3.3387,4.5217,3.1865,3.412,3.1405,54.6626,12.6872,8.1782,14.6835,0.3469,0.0299,114.3139,5.8452,0.6685,3.1405,0.0187,0.1057,2.9089,0.2317,5.6109,116.7134,2.3033,3.5067,0.2319
21-Apr-22,4.291,5.604,4.6862,3.3506,4.5245,3.1959,3.4401,3.1519,54.699,12.6812,8.1921,14.6967,0.347,0.0299,114.4145,5.8603,0.6657,3.1519,0.0187,0.1058,2.9172,0.2319,5.6346,116.8239,2.2965,3.5215,0.2317
22-Apr-22,4.323,5.5713,4.668,3.3704,4.5239,3.1571,3.4121,3.1639,55.0922,12.7372,8.2595,14.7573,0.3481,0.0301,115.2677,5.9073,0.666,3.1639,0.0188,0.1066,2.8854,0.2337,5.6573,117.6951,2.3211,3.5358,0.2327
25-Apr-22,4.3565,5.5532,4.6811,3.4002,4.5442,3.1245,3.4222,3.1699,55.5209,12.8095,8.3155,14.8433,0.3482,0.0301,116.1548,5.9252,0.664,3.1699,0.019,0.1074,2.8816,0.2355,5.6826,118.612,2.3416,3.552,0.2345
26-Apr-22,4.3555,5.5406,4.6525,3.4061,4.5384,3.1368,3.4198,3.1713,55.5102,12.7168,8.3391,14.8764,0.3473,0.0302,116.1126,5.8946,0.6654,3.1713,0.019,0.1075,2.8886,0.2354,5.6834,118.5799,2.3461,3.5522,0.2344
27-Apr-22,4.36,5.4672,4.6172,3.4072,4.5153,3.117,3.3939,3.1593,55.5587,12.6836,8.3589,14.8123,0.3443,0.0302,116.2419,5.9005,0.6649,3.1595,0.019,0.1075,2.8643,0.2357,5.6888,118.7024,2.3488,3.5556,0.2357
28-Apr-22,4.3685,5.4761,4.5939,3.3366,4.4967,3.1169,3.4082,3.1507,55.677,12.6724,8.3512,14.7789,0.3431,0.0301,116.4685,5.8917,0.6607,3.1507,0.019,0.1077,2.8459,0.2361,5.7071,118.9339,2.3518,3.567,0.2359
29-Apr-22,4.35,5.461,4.5977,3.3435,4.4913,3.1087,3.4118,3.151,55.4264,12.7128,8.3031,14.7844,0.3457,0.03,115.9753,5.8287,0.66,3.151,0.0189,0.1072,2.8371,0.2351,5.6955,118.4302,2.3419,3.5594,0.2353
5-May-22,4.3475,5.4544,4.6084,3.3518,4.4439,3.138,3.4082,3.1553,55.3896,12.7596,8.292,14.7338,0.3453,0.03,115.9055,5.8324,0.657,3.1553,0.0189,0.107,2.8326,0.235,5.7006,118.3605,2.3412,3.5628,0.2353
6-May-22,4.3725,5.3957,4.6158,3.352,4.4407,3.0997,3.4043,3.1558,55.7038,12.7191,8.3333,14.7436,0.3439,0.0302,116.5751,5.8814,0.6543,3.1558,0.019,0.1076,2.805,0.2363,5.689,119.0428,2.3442,3.5553,0.2366
9-May-22,4.3845,5.3798,4.6068,3.342,4.4123,3.0698,3.3902,3.1463,55.8553,12.6628,8.3292,14.7111,0.3431,0.0301,116.8888,5.8809,0.6514,3.1463,0.0191,0.1075,2.7807,0.237,5.6594,119.3695,2.3294,3.5372,0.2367
10-May-22,4.3825,5.4069,4.6341,3.3692,4.4127,3.0529,3.3732,3.1559,55.8309,12.6781,8.3683,14.7763,0.3438,0.0301,116.8355,5.8613,0.6525,3.1559,0.0191,0.1077,2.7737,0.2369,5.6632,119.315,2.3234,3.5394,0.2366
11-May-22,4.3765,5.415,4.6246,3.3698,4.427,3.0653,3.3751,3.1584,55.7527,12.6242,8.3793,14.7446,0.3435,0.0301,116.6724,5.8599,0.6511,3.1584,0.019,0.1075,2.7747,0.2366,5.6672,119.1517,2.2981,3.542,0.2368
12-May-22,4.3923,5.3502,4.5859,3.4164,4.4072,3.0184,3.3717,3.1471,55.9526,12.6396,8.3662,14.6977,0.3405,0.0301,117.0954,5.8812,0.6468,3.1471,0.019,0.1079,2.7408,0.2374,5.668,119.5805,2.302,3.5424,0.2388
13-May-22,4.3945,5.3639,4.5738,3.4117,4.3936,3.0274,3.3787,3.15,55.982,12.6497,8.3801,14.7318,0.3429,0.0301,117.1554,5.8576,0.6477,3.15,0.019,0.1079,2.7448,0.2375,5.6794,119.6417,2.2711,3.5497,0.2399
17-May-22,4.3885,5.4751,4.604,3.3923,4.4046,3.0869,3.4256,3.166,55.908,12.7065,8.383,14.797,0.345,0.03,116.9892,5.85,0.6504,3.166,0.019,0.1077,2.7942,0.2372,5.6571,119.4784,2.2365,3.5357,0.2402
18-May-22,4.3955,5.4394,4.6188,3.4014,4.407,3.0795,3.4213,3.1685,55.9968,12.7019,8.3868,14.7937,0.3468,0.0299,117.179,5.8858,0.6513,3.1686,0.019,0.1079,2.7907,0.2376,5.6651,119.6689,2.2135,3.5408,0.2406
19-May-22,4.4055,5.4591,4.6242,3.4457,4.5118,3.0764,3.4312,3.1745,56.1357,12.7271,8.4058,14.7995,0.3446,0.0299,117.4456,5.8978,0.6511,3.1743,0.019,0.1082,2.7898,0.2381,5.6686,119.9412,2.1908,3.5428,0.2411
20-May-22,4.3905,5.4822,4.6443,3.4282,4.5135,3.1036,3.4333,3.1864,55.9431,12.8068,8.4045,14.8063,0.346,0.03,117.0457,5.8851,0.6576,3.1864,0.0189,0.1078,2.8139,0.2373,5.6597,119.5328,2.183,3.5373,0.2402
23-May-22,4.388,5.517,4.6715,3.4398,4.5284,3.1172,3.4283,3.1921,55.9013,12.8136,8.3965,14.8323,0.347,0.0299,116.979,5.8994,0.6586,3.1921,0.0189,0.1078,2.839,0.2372,5.657,119.4648,2.1858,3.5356,0.2403
24-May-22,4.3915,5.4834,4.7007,3.4463,4.56,3.1024,3.4291,3.193,55.9466,12.8585,8.3791,14.8271,0.3471,0.03,117.0786,5.9271,0.658,3.193,0.0189,0.1078,2.8215,0.2374,5.6549,119.56,2.1827,3.5343,0.238
25-May-22,4.393,5.5014,4.6873,3.4576,4.5627,3.1105,3.4208,3.1932,55.965,12.8338,8.3964,14.8784,0.3476,0.03,117.1154,5.9302,0.6582,3.1932,0.0189,0.1078,2.8423,0.2375,5.6644,119.6009,2.1707,3.5402,0.2369
26-May-22,4.398,5.5256,4.6979,3.4716,4.5827,3.1151,3.4292,3.1978,56.0273,12.8399,8.3979,14.9343,0.3475,0.0301,117.2487,5.9283,0.6529,3.1978,0.0189,0.1079,2.8451,0.2377,5.6679,119.7452,2.1732,3.5425,0.2364
27-May-22,4.379,5.5254,4.6987,3.4468,4.5676,3.1275,3.4372,3.1974,55.7859,12.8238,8.3761,14.9485,0.3495,0.03,116.7422,5.9121,0.6524,3.1973,0.0189,0.1075,2.8569,0.2367,5.6384,119.2197,2.1977,3.5239,0.2354
30-May-22,4.371,5.5206,4.7045,3.4338,4.5691,3.1419,3.4436,3.197,55.6918,12.8314,8.3528,15.0423,0.3531,0.03,116.532,5.8971,0.6561,3.197,0.0189,0.1073,2.8599,0.2363,5.6363,119.0003,2.1992,3.5224,0.2353
31-May-22,4.381,5.5253,4.6997,3.4247,4.5597,3.1497,3.4575,3.1984,55.8249,12.8081,8.3559,15.1095,0.3539,0.03,116.8018,5.9106,0.6581,3.1984,0.0189,0.1075,2.8584,0.2368,5.6399,119.2742,2.2098,3.5248,0.2353
1-Jun-22,4.388,5.5199,4.7031,3.3891,4.5637,3.151,3.4674,3.1966,55.9319,12.7772,8.3677,15.0125,0.3527,0.0301,116.9946,5.9225,0.6555,3.1966,0.0189,0.1077,2.8537,0.2372,5.6599,119.4631,2.219,3.5373,0.2356
2-Jun-22,4.393,5.5079,4.6944,3.382,4.5722,3.1594,3.4722,3.1949,55.9882,12.7843,8.3201,14.9865,0.3513,0.0303,117.1217,5.9268,0.6583,3.1948,0.0189,0.1079,2.8559,0.2375,5.6647,119.6009,2.2237,3.5396,0.2356
3-Jun-22,4.388,5.5179,4.7189,3.376,4.5789,3.1861,3.4931,3.1979,55.9405,12.7762,8.3027,15.0012,0.3527,0.0304,116.9884,5.9152,0.6588,3.1977,0.0189,0.1077,2.8761,0.2372,5.6512,119.4648,2.219,3.532,0.2355
7-Jun-22,4.395,5.4913,4.6939,3.3109,4.5035,3.1569,3.4888,3.1928,56.009,12.7493,8.3113,14.8862,0.3498,0.0304,117.1625,5.9317,0.6588,3.1928,0.019,0.1079,2.8359,0.2376,5.6552,119.6553,2.1637,3.5338,0.2353
8-Jun-22,4.3935,5.5015,4.692,3.2828,4.4882,3.155,3.4994,3.1927,55.9806,12.7385,8.3022,14.8816,0.3495,0.0303,117.1194,5.9082,0.6566,3.1927,0.0189,0.1079,2.8294,0.2375,5.6489,119.6145,2.1804,3.5306,0.2349
9-Jun-22,4.3935,5.5033,4.7081,3.2874,4.4887,3.1589,3.4975,3.1956,55.976,12.7449,8.3037,14.8897,0.3501,0.0302,117.1163,5.9117,0.6583,3.1956,0.019,0.1079,2.8356,0.2375,5.6483,119.6145,2.1913,3.5299,0.2348
10-Jun-22,4.4015,5.494,4.6722,3.2883,4.4957,3.1387,3.4606,3.1886,56.0754,12.6726,8.2969,14.8886,0.3471,0.0302,117.3295,5.9261,0.6577,3.1886,0.019,0.108,2.8284,0.2379,5.6529,119.8323,2.1763,3.5331,0.2352
13-Jun-22,4.4205,5.4016,4.6309,3.2907,4.4584,3.0886,3.4411,3.181,56.3125,12.6898,8.2921,14.8688,0.3434,0.0301,117.8297,5.9227,0.6567,3.181,0.0191,0.1085,2.7902,0.2389,5.6624,120.3496,2.1762,3.5389,0.2361
13-Jun-22,4.4205,5.4016,4.6309,3.2907,4.4584,3.0886,3.4411,3.181,56.3125,12.6898,8.2921,14.8688,0.3434,0.0301,117.8297,5.9227,0.6567,3.181,0.0191,0.1085,2.7902,0.2389,5.6624,120.3496,2.1762,3.5389,0.2361
14-Jun-22,4.4225,5.374,4.6281,3.2958,4.4712,3.0661,3.4256,3.1822,56.3379,12.652,8.3098,14.9016,0.3438,0.0301,117.8736,5.8877,0.6565,3.1822,0.019,0.1085,2.7694,0.2391,5.6655,120.404,2.1589,3.541,0.2356
15-Jun-22,4.4185,5.3415,4.6359,3.2843,4.4309,3.0633,3.413,3.1777,56.287,12.5928,8.2728,14.8896,0.3421,0.03,117.7639,5.8731,0.6576,3.1777,0.019,0.1084,2.7567,0.2388,5.6617,120.2951,2.1423,3.5381,0.2353
16-Jun-22,4.4025,5.3394,4.583,3.3043,4.4928,3.0754,3.4062,3.1701,56.0839,12.5696,8.2228,14.7794,0.3407,0.0298,117.328,5.8633,0.6559,3.1701,0.019,0.108,2.7606,0.238,5.639,119.8595,2.1197,3.5238,0.2344
17-Jun-22,4.4025,5.4221,4.6314,3.2726,4.5598,3.0782,3.3941,3.1774,56.0832,12.4805,8.1877,14.7924,0.3407,0.0297,117.328,5.8525,0.6572,3.1774,0.0189,0.108,2.7879,0.238,5.6395,119.8595,2.104,3.5241,0.2349
20-Jun-22,4.4015,5.3905,4.6326,3.2659,4.5593,3.0731,3.3866,3.174,56.0719,12.4574,8.1419,14.7999,0.3403,0.0297,117.3045,5.8771,0.658,3.174,0.0189,0.1078,2.7932,0.2379,5.6419,119.8323,2.0941,3.5261,0.2349
21-Jun-22,4.398,5.4139,4.652,3.2504,4.5582,3.0689,3.4064,3.1763,56.0258,12.4704,8.1159,14.7931,0.3404,0.0297,117.205,5.8724,0.6567,3.1763,0.0189,0.1079,2.798,0.2377,5.6329,119.737,2.0721,3.5205,0.2342
22-Jun-22,4.405,5.382,4.6288,3.2329,4.552,3.0335,3.3921,3.1694,56.115,12.4076,8.09,14.774,0.3376,0.0296,117.3978,5.8844,0.6558,3.1694,0.019,0.108,2.7522,0.2381,5.629,119.9276,2.0754,3.5181,0.2346
23-Jun-22,4.4075,5.3772,4.6252,3.2547,4.5544,3.0324,3.396,3.1698,56.1533,12.419,8.065,14.7818,0.3378,0.0297,117.4613,5.8773,0.6571,3.1698,0.019,0.1081,2.756,0.2382,5.6257,119.994,2.1318,3.5159,0.2347
24-Jun-22,4.4045,5.4067,4.6441,3.2646,4.5892,3.0415,3.3963,3.173,56.1129,12.4105,8.0242,14.8041,0.3402,0.0297,117.3751,5.873,0.6579,3.173,0.0189,0.108,2.7744,0.2381,5.6264,119.9123,2.1227,3.5166,0.2346
27-Jun-22,4.405,5.4256,4.6618,3.2636,4.5976,3.0571,3.4223,3.1811,56.1368,12.477,8.0427,14.8697,0.3434,0.0298,117.3759,5.885,0.6586,3.1811,0.0189,0.1081,2.7857,0.2381,5.624,119.926,2.1203,3.515,0.2348
28-Jun-22,4.397,5.4013,4.6573,3.2406,4.608,3.0603,3.429,3.1752,56.0352,12.5289,8.0384,14.8227,0.3423,0.0296,117.1471,5.8811,0.6577,3.1752,0.0189,0.1078,2.771,0.2377,5.5826,119.7082,2.135,3.4891,0.2341
29-Jun-22,4.401,5.358,4.6259,3.2316,4.6064,3.027,3.4189,3.1676,56.0826,12.5082,7.996,14.8032,0.339,0.0296,117.2943,5.8811,0.6569,3.1676,0.0189,0.1079,2.7385,0.2379,5.5744,119.8171,2.1468,3.484,0.234
30-Jun-22,4.408,5.3526,4.6024,3.2356,4.6118,3.0356,3.4132,3.1697,56.1883,12.4961,8.0182,14.8273,0.3398,0.0296,117.4809,5.8753,0.6585,3.1697,0.0189,0.1081,2.7471,0.2383,5.5829,120.0076,2.1555,3.4893,0.2345
1-Jul-22,4.41,5.3365,4.6124,3.2543,4.6024,3.0028,3.4149,3.163,56.1952,12.3763,7.9978,14.8021,0.3402,0.0295,117.5217,5.8555,0.6582,3.163,0.0189,0.108,2.7245,0.2384,5.577,120.0621,2.1552,3.4856,0.2346
4-Jul-22,4.413,5.3497,4.6061,3.261,4.5974,3.0247,3.43,3.1581,56.2424,12.3587,8.0091,14.8251,0.3396,0.0295,117.5844,5.8688,0.6589,3.1581,0.0189,0.108,2.7495,0.2385,5.5916,120.1438,2.1606,3.4948,0.2341
5-Jul-22,4.4195,5.3228,4.5552,3.2533,4.5826,3.0022,3.4199,3.1495,56.3198,12.3321,7.9688,14.8161,0.337,0.0295,117.7466,5.8774,0.6593,3.1495,0.0189,0.1082,2.7217,0.2389,5.5853,120.3207,2.1415,3.4908,0.2341
6-Jul-22,4.4245,5.2917,4.5329,3.2722,4.5658,3.0082,3.3943,3.153,56.3796,12.2749,7.9349,14.8374,0.3388,0.0295,117.861,5.8551,0.6599,3.153,0.0189,0.1082,2.7324,0.2392,5.5768,120.4568,2.1297,3.4855,0.2341
7-Jul-22,4.428,5.2999,4.5152,3.2524,4.5581,3.0217,3.403,3.1598,56.4188,12.2363,7.9029,14.8685,0.3403,0.0295,117.9542,5.8395,0.6602,3.1597,0.019,0.1083,2.7369,0.2393,5.5874,120.5554,2.134,3.4921,0.2343
8-Jul-22,4.427,5.2836,4.477,3.2617,4.5305,3.017,3.4009,3.154,56.401,12.2895,7.911,14.8624,0.3404,0.0296,117.9275,5.8387,0.6603,3.1544,0.019,0.1083,2.7239,0.2393,5.5829,120.5265,2.135,3.4891,0.2347
12-Jul-22,4.437,5.2488,4.4419,3.2336,4.5059,2.9812,3.4035,3.152,56.5227,12.2063,7.8656,14.8385,0.3381,0.0296,118.2128,5.8342,0.6591,3.152,0.019,0.1084,2.7083,0.2398,5.5731,120.7988,2.1391,3.4831,0.235
13-Jul-22,4.4335,5.2719,4.4499,3.2322,4.53,3.0064,3.4068,3.1534,56.4781,12.243,7.8776,14.8661,0.34,0.0296,118.1227,5.8067,0.6596,3.1534,0.019,0.1083,2.7206,0.2396,5.5686,120.7035,2.1089,3.48,0.2348
14-Jul-22,4.444,5.2621,4.4529,3.1954,4.514,2.9953,3.403,3.171,56.6122,12.1778,7.8906,14.8659,0.3377,0.0296,118.3804,5.8304,0.6589,3.171,0.019,0.1085,2.7086,0.2402,5.5641,120.9894,2.1187,3.4781,0.2354
15-Jul-22,4.449,5.2621,4.4628,3.205,4.5382,2.9968,3.3931,3.1681,56.6755,12.1483,7.8911,14.8548,0.3353,0.0297,118.5136,5.8171,0.6582,3.1681,0.019,0.1086,2.7275,0.2405,5.5696,121.1255,2.111,3.4801,0.2356
18-Jul-22,4.453,5.3193,4.5113,3.2244,4.5698,3.0425,3.4293,3.1867,56.7265,12.1559,7.901,14.892,0.3384,0.0297,118.5728,5.8304,0.6607,3.1867,0.019,0.1089,2.7502,0.2407,5.5699,121.2344,2.0733,3.4812,0.2356
19-Jul-22,4.4495,5.3487,4.5581,3.2309,4.5866,3.067,3.4348,3.2003,56.6819,12.1662,7.913,14.8863,0.3396,0.0297,118.4953,5.8523,0.6601,3.1999,0.019,0.1086,2.7711,0.2405,5.5678,121.1408,2.0111,3.4798,0.2353
20-Jul-22,4.452,5.3444,4.5553,3.2201,4.5916,3.0746,3.4596,3.1966,56.7137,12.1349,7.9147,14.8832,0.3395,0.0297,118.4988,5.877,0.6595,3.1967,0.019,0.1086,2.7789,0.2406,5.5671,121.2072,1.9743,3.4795,0.2351
21-Jul-22,4.457,5.3217,4.5426,3.2142,4.5835,3.0606,3.4532,3.1961,56.7814,12.0729,7.9025,14.8959,0.3398,0.0296,118.5987,5.8673,0.6586,3.1962,0.019,0.1086,2.7616,0.2409,5.5733,121.3416,1.9699,3.4834,0.2354
22-Jul-22,4.455,5.3264,4.5234,3.2367,4.6023,3.0806,3.4602,3.203,56.7541,12.1274,7.9228,14.8977,0.3394,0.0297,118.5629,5.8596,0.6583,3.203,0.019,0.1085,2.7768,0.2408,5.577,121.2889,1.9518,3.4855,0.2355
25-Jul-22,4.455,5.3583,4.5548,3.2658,4.6238,3.0909,3.4547,3.216,56.7563,12.1522,7.9596,14.8962,0.3396,0.0297,118.5566,5.8601,0.6598,3.2159,0.019,0.1085,2.7862,0.2408,5.5874,121.2889,1.9349,3.4915,0.235
26-Jul-22,4.456,5.3624,4.5487,3.2634,4.6214,3.1,3.4728,3.2147,56.7726,12.1516,8.0419,14.8935,0.3408,0.0297,118.5895,5.8813,0.6595,3.2147,0.0191,0.1085,2.7854,0.2409,5.5884,121.3161,1.9145,3.493,0.2355
27-Jul-22,4.461,5.3802,4.5243,3.2608,4.6404,3.0964,3.4702,3.214,56.8313,12.1272,8.0119,14.8948,0.3395,0.0297,118.77,5.8694,0.6603,3.2136,0.0191,0.1085,2.7799,0.2411,5.5825,121.4522,1.8883,3.4891,0.2358
28-Jul-22,4.4515,5.4255,4.5483,3.2897,4.6491,3.1174,3.4777,3.2235,56.7081,12.0825,7.9733,14.8651,0.3419,0.0298,118.517,5.8616,0.66,3.2235,0.0191,0.1083,2.8,0.2406,5.578,121.1936,1.8665,3.4859,0.2353
29-Jul-22,4.4505,5.4158,4.5497,3.3464,4.672,3.1138,3.4723,3.2276,56.6946,12.1408,8.0669,14.8672,0.342,0.03,118.4904,5.861,0.6607,3.2275,0.0191,0.1083,2.8047,0.2406,5.6157,121.168,1.8641,3.5101,0.2352
1-Aug-22,4.453,5.4465,4.567,3.3647,4.6893,3.1291,3.4827,3.2335,56.7265,12.3591,8.0307,14.8463,0.342,0.0299,118.5633,5.894,0.6593,3.2335,0.0191,0.1082,2.8159,0.2407,5.6327,121.236,1.8671,3.5206,0.2349
2-Aug-22,4.456,5.4323,4.5632,3.4046,4.6824,3.0838,3.4647,3.2284,56.7658,12.3307,8.023,14.8583,0.3408,0.0299,118.6053,5.9031,0.6591,3.2284,0.0191,0.1084,2.7975,0.2409,5.6659,121.3177,1.8719,3.5407,0.2343
3-Aug-22,4.457,5.4275,4.5408,3.346,4.6461,3.0887,3.4661,3.2263,56.7774,12.2977,7.9989,14.8517,0.3399,0.0299,118.5688,5.9015,0.6599,3.2263,0.0191,0.1084,2.7892,0.2409,5.6437,121.3433,1.9787,3.5274,0.2338
4-Aug-22,4.458,5.4232,4.5436,3.3193,4.6394,3.1083,3.4695,3.2323,56.7916,12.3756,8.0108,14.8511,0.3402,0.0299,118.6427,5.8891,0.6599,3.2323,0.0191,0.1084,2.8094,0.241,5.5877,121.3705,1.9715,3.4915,0.2332
5-Aug-22,4.456,5.4118,4.5558,3.3485,4.6626,3.0978,3.4591,3.2384,56.7647,12.5265,8.0666,14.8752,0.3433,0.0299,118.5832,5.8831,0.6601,3.2383,0.019,0.1083,2.8055,0.2409,5.6289,121.3161,1.9926,3.5181,0.2329
8-Aug-22,4.46,5.3899,4.5452,3.3006,4.6541,3.1042,3.455,3.2325,56.8164,12.4607,8.0245,14.8533,0.3417,0.03,118.6802,5.8992,0.6595,3.2325,0.0191,0.108,2.7924,0.2411,5.6039,121.425,1.9884,3.5026,0.2331
9-Aug-22,4.456,5.4,4.5629,3.3031,4.6812,3.1116,3.4672,3.2345,56.7661,12.5982,8.013,14.8687,0.3414,0.03,118.5579,5.8787,0.6599,3.2345,0.019,0.1083,2.803,0.2122,5.6024,121.3177,1.9862,3.4959,0.2329
10-Aug-22,4.457,5.3907,4.5564,3.3021,4.6832,3.1092,3.4639,3.2357,56.7995,12.5399,8.0133,14.8661,0.3402,0.03,118.553,5.8863,0.6596,3.2357,0.0191,0.1083,2.8119,0.2122,5.6048,121.3417,2.0156,3.5031,0.2325
11-Aug-22,4.445,5.4418,4.5959,3.3543,4.7325,3.1591,3.4838,3.2475,56.6516,12.6413,8.0264,14.8315,0.3416,0.0301,118.3597,5.8727,0.6598,3.2475,0.019,0.108,2.8577,0.2117,5.5938,121.0166,2.0367,3.4961,0.2321
12-Aug-22,4.4443,5.4124,4.5787,3.3354,4.7237,3.1641,3.484,3.2439,56.714,12.6464,7.9832,14.8127,0.3408,0.0303,118.324,5.9009,0.6596,3.2439,0.019,0.108,2.8652,0.2123,5.5769,120.9945,2.0647,3.4856,0.2321
15-Aug-22,4.4595,5.3848,4.5518,3.3436,4.7156,3.1422,3.4649,3.2407,56.9108,12.5549,7.9776,14.8516,0.3403,0.0302,118.7617,5.9068,0.659,3.2407,0.0191,0.1083,2.842,0.213,5.6021,121.4097,2.0912,3.4989,0.2331
16-Aug-22,4.466,5.3762,4.5283,3.3345,4.7075,3.1304,3.4611,3.2369,56.9443,12.6069,7.995,14.8909,0.3406,0.0302,118.9538,5.8969,0.6577,3.2369,0.0191,0.1088,2.8303,0.2133,5.6257,121.5867,2.0906,3.504,0.2332
17-Aug-22,4.468,5.4081,4.5457,3.3142,4.6982,3.1135,3.4698,3.235,56.9778,12.6117,8.0057,14.9043,0.34,0.0303,119.007,5.879,0.6594,3.235,0.0191,0.1086,2.8204,0.2134,5.6233,121.6411,2.0806,3.5145,0.2332
18-Aug-22,4.474,5.3903,4.5487,3.309,4.6922,3.1036,3.4659,3.2363,57.0354,12.548,8.0136,14.9104,0.3381,0.0302,119.1415,5.8962,0.6587,3.2363,0.0191,0.1087,2.8043,0.2137,5.6146,121.8045,2.0846,3.5092,0.2339
19-Aug-22,4.4765,5.3252,4.5161,3.2798,4.6767,3.0928,3.45,3.226,57.0535,12.555,8.0009,14.9063,0.3372,0.0302,119.1953,5.8953,0.6576,3.226,0.0191,0.1088,2.7875,0.2138,5.6105,121.8725,2.087,3.5064,0.2338
22-Aug-22,4.485,5.2981,4.4913,3.2753,4.676,3.0982,3.4513,3.2156,57.1647,12.4359,7.979,14.884,0.3337,0.0301,119.4185,5.8713,0.6559,3.2156,0.0192,0.1089,2.7814,0.2142,5.6152,122.1106,2.0752,3.5095,0.2342
23-Aug-22,4.4885,5.2863,4.4582,3.2711,4.6443,3.0897,3.4479,3.2156,57.2006,12.4223,8.008,14.8641,0.3347,0.0303,119.5149,5.8629,0.6554,3.2156,0.0192,0.1091,2.7766,0.2144,5.6207,122.2009,2.0696,3.5131,0.2343
24-Aug-22,4.4855,5.3025,4.4613,3.2869,4.6617,3.1049,3.4602,3.2188,57.1696,12.4519,7.9998,14.8141,0.3341,0.0302,119.3429,5.8413,0.6535,3.2188,0.0191,0.109,2.7815,0.2142,5.6222,122.1209,2.0459,3.5139,0.2339
25-Aug-22,4.473,5.2976,4.4764,3.2775,4.6482,3.1246,3.4673,3.2205,57.0161,12.4787,7.9861,14.8015,0.3353,0.0302,118.9944,5.8248,0.653,3.2205,0.0191,0.1087,2.7945,0.2136,5.5998,121.7806,2.0378,3.4999,0.2331
26-Aug-22,4.469,5.2739,4.4641,3.2643,4.632,3.1122,3.451,3.2143,56.9524,12.4156,7.9704,14.7958,0.3354,0.0302,118.9956,5.8346,0.6513,3.2143,0.0191,0.1085,2.7701,0.2134,5.5971,121.67,2.0279,3.4982,0.2328
29-Aug-22,4.49,5.2344,4.4622,3.2373,4.6322,3.0759,3.4338,3.2086,57.2124,12.3098,7.9879,14.7673,0.3324,0.0301,119.5707,5.8661,0.6489,3.2086,0.0192,0.1084,2.7411,0.2145,5.6149,122.2417,2.0214,3.5092,0.2342
30-Aug-22,4.479,5.2575,4.4902,3.239,4.618,3.1134,3.452,3.2099,57.0693,12.3176,7.9712,14.7239,0.3325,0.0302,119.2524,5.8314,0.6487,3.2099,0.0191,0.1088,2.7725,0.2139,5.631,121.9439,2.0371,3.5193,0.2331
1-Sep-22,4.4815,5.1976,4.4981,3.2191,4.5917,3.0606,3.3969,3.204,57.1041,12.2103,7.922,14.6771,0.3311,0.0301,119.2443,5.832,0.6498,3.204,0.0191,0.1088,2.7355,0.214,5.6382,122.012,2.0546,3.5239,0.2333
2-Sep-22,4.484,5.1817,4.4714,3.1952,4.5755,3.0514,3.4127,3.1966,57.1279,12.1997,7.8944,14.6493,0.3289,0.0301,119.3093,5.8378,0.6491,3.1966,0.0191,0.1088,2.7294,0.2142,5.621,122.0834,2.0498,3.5123,0.2332
5-Sep-22,4.493,5.1625,4.453,3.1968,4.5684,3.0454,3.4131,3.1951,57.2441,12.2626,7.8894,14.618,0.3274,0.0301,119.5424,5.8417,0.6473,3.1951,0.0191,0.1083,2.7347,0.2146,5.6232,122.3234,2.0493,3.5146,0.2336
6-Sep-22,4.5,5.2083,4.4811,3.1758,4.5902,3.0467,3.4299,3.2036,57.3296,12.3237,7.874,14.6038,0.3271,0.0302,119.7318,5.8508,0.6472,3.2036,0.0191,0.1091,2.7342,0.2149,5.6343,122.5157,2.0374,3.5214,0.2338
7-Sep-22,4.5005,5.174,4.4582,3.1242,4.579,3.027,3.4159,3.1982,57.333,12.2604,7.8708,14.5454,0.3249,0.0302,119.7642,5.8296,0.6452,3.1982,0.0191,0.109,2.7147,0.215,5.6341,122.5276,2.0069,3.5208,0.2339
8-Sep-22,4.501,5.1746,4.4988,3.1247,4.614,3.0305,3.427,3.2015,57.3394,12.3611,7.8854,14.5546,0.3255,0.0302,119.7552,5.8103,0.6468,3.2016,0.0191,0.109,2.7202,0.215,5.6446,122.5412,2.0038,3.5278,0.2337
9-Sep-22,4.497,5.2293,4.5449,3.1677,4.6991,3.0908,3.4615,3.2202,57.2957,12.3936,7.9145,14.5964,0.3271,0.0303,119.6679,5.8338,0.65,3.2202,0.0191,0.1089,2.7643,0.2148,5.6541,122.4323,1.9702,3.5338,0.2327
12-Sep-22,4.503,5.2647,4.589,3.1559,4.7177,3.0994,3.4689,3.2274,57.3729,12.399,7.925,14.5955,0.3272,0.0303,119.8308,5.8645,0.6501,3.2274,0.0191,0.1091,2.7689,0.2151,5.662,122.5973,1.9578,3.5393,0.2328
13-Sep-22,4.508,5.2809,4.5779,3.169,4.7403,3.1092,3.4744,3.2328,57.4403,12.4324,7.9352,14.5824,0.3277,0.0304,119.9271,5.8819,0.6505,3.2328,0.0191,0.1093,2.7679,0.2153,5.6945,122.7335,1.9452,3.5583,0.2327
14-Sep-22,4.527,5.2233,4.5234,3.1581,4.7122,3.0462,3.4387,3.2249,57.678,12.3554,7.9379,14.546,0.3251,0.0304,120.423,5.9158,0.6503,3.2249,0.0192,0.1098,2.7139,0.2162,5.7017,123.2491,1.9357,3.5637,0.2341
15-Sep-22,4.535,5.2279,4.5318,3.1617,4.7205,3.0625,3.4466,3.2265,57.7865,12.3343,7.9283,14.532,0.325,0.0304,120.6278,5.8838,0.6499,3.2265,0.0192,0.11,2.7255,0.2166,5.692,123.4686,1.9224,3.5574,0.2339
19-Sep-22,4.55,5.1713,4.54,3.1713,4.7045,3.0378,3.4162,3.2257,57.9666,12.3064,7.9296,14.4706,0.3263,0.0304,121.0686,5.8885,0.6482,3.2257,0.0192,0.1106,2.7061,0.2173,5.7091,123.8769,1.9128,3.5682,0.2345
20-Sep-22,4.558,5.2107,4.5621,3.1729,4.7184,3.0577,3.4312,3.2342,58.0707,12.3373,7.9132,14.5252,0.3272,0.0304,121.2234,5.8986,0.6499,3.2342,0.0193,0.1104,2.6965,0.2177,5.718,124.0947,1.9051,3.5729,0.2347
21-Sep-22,4.5535,5.1591,4.5089,3.1675,4.7211,3.0354,3.4017,3.2211,58.0075,12.2505,7.859,14.4933,0.3264,0.0304,121.0957,5.8969,0.6459,3.2211,0.0192,0.1102,2.6802,0.2175,5.6958,123.9705,1.9013,3.5594,0.2342
22-Sep-22,4.567,5.1726,4.5122,3.2143,4.688,3.0375,3.3973,3.2218,58.1846,12.2431,7.8296,14.4851,0.3244,0.0304,121.3821,5.8917,0.6456,3.2218,0.0193,0.1106,2.6817,0.2181,5.6631,124.3381,1.9089,3.5395,0.2341
23-Sep-22,4.5775,5.1154,4.4644,3.204,4.6633,3.0134,3.3832,3.214,58.3136,12.2303,7.8061,14.4291,0.3243,0.0304,121.742,5.8964,0.6431,3.214,0.0193,0.1108,2.6559,0.2186,5.6542,124.6256,1.9133,3.5337,0.2349
26-Sep-22,4.601,4.9477,4.4561,3.1988,4.6696,3.0003,3.3855,3.2095,58.6133,12.1752,7.797,14.4622,0.3217,0.0304,122.3833,5.8891,0.6432,3.2095,0.0194,0.1106,2.6396,0.2198,5.6395,125.2637,1.9455,3.5247,0.2363
27-Sep-22,4.6108,4.9824,4.4374,3.1934,4.6724,2.991,3.3665,3.2123,58.7383,12.1519,7.8135,14.5349,0.3241,0.0305,122.5937,5.8648,0.6434,3.2124,0.0194,0.1117,2.6286,0.2202,5.6501,125.5292,1.9767,3.531,0.2366
28-Sep-22,4.6265,4.9457,4.4213,3.197,4.657,2.9552,3.3544,3.1959,58.9397,12.0662,7.8256,14.5031,0.3205,0.0303,122.9308,5.8844,0.6383,3.1959,0.0195,0.112,2.5892,0.221,5.6465,125.958,1.9974,3.5291,0.2374
29-Sep-22,4.6475,5.0181,4.4916,3.2104,4.7281,2.9988,3.3839,3.2213,59.205,12.1519,7.8851,14.6107,0.3232,0.0305,123.6531,5.8877,0.6457,3.2209,0.0195,0.1125,2.6337,0.222,5.672,126.5297,2.0273,3.5447,0.2382
30-Sep-22,4.634,5.1982,4.5573,3.2124,4.7453,3.0186,3.3909,3.2389,59.0337,12.2739,7.9025,14.6003,0.3239,0.0304,123.3596,5.9124,0.6531,3.2386,0.0194,0.1122,2.6544,0.2213,5.6967,126.1639,2.0313,3.5605,0.2372
3-Oct-22,4.647,5.2093,4.5589,3.2038,4.7027,2.9969,3.3795,3.24,59.1978,12.2105,7.8656,14.5729,0.3227,0.0304,123.6562,5.9476,0.653,3.2399,0.0194,0.1127,2.6281,0.2219,5.6752,126.5161,2.0447,3.5471,0.2376
4-Oct-22,4.645,5.2858,4.5869,3.2091,4.7024,3.0206,3.4116,3.2478,59.1724,12.3768,7.9145,14.6357,0.3253,0.0305,123.5783,5.9488,0.6528,3.2478,0.0194,0.1124,2.6639,0.2219,5.6941,126.4634,2.061,3.5588,0.2363
5-Oct-22,4.6295,5.2883,4.6054,3.2068,4.717,3.0008,3.4128,3.2546,58.9764,12.3933,7.9002,14.701,0.3268,0.0305,123.1578,5.9632,0.6506,3.2546,0.0194,0.1119,2.6555,0.2211,5.6892,126.0414,2.0679,3.5491,0.2357
6-Oct-22,4.6375,5.235,4.5856,3.206,4.7215,3.0049,3.3961,3.2551,59.0776,12.433,7.8936,14.7227,0.3303,0.0305,123.3706,5.9824,0.6517,3.2551,0.0194,0.1121,2.6554,0.2215,5.664,126.2575,2.0927,3.5394,0.2359
7-Oct-22,4.6485,5.2033,4.5565,3.2093,4.6936,2.9829,3.3869,3.2535,59.2169,12.4341,7.8909,14.7025,0.3292,0.0305,123.6632,5.9838,0.6532,3.2535,0.0195,0.1123,2.6283,0.222,5.6453,126.5587,2.1154,3.5284,0.2367
11-Oct-22,4.673,5.162,4.537,3.2074,4.6735,2.9297,3.3768,3.2456,59.5298,12.2338,7.9244,14.6627,0.3257,0.0304,124.2985,5.9932,0.6508,3.2457,0.0195,0.1128,2.6031,0.2232,5.6723,127.2257,2.1473,3.5447,0.2379
12-Oct-22,4.6825,5.1688,4.5439,3.2009,4.7027,2.9312,3.3951,3.258,59.6501,12.3207,7.9526,14.7054,0.3284,0.0305,124.6009,5.9772,0.6533,3.258,0.0196,0.1131,2.6192,0.2236,5.6866,127.4809,2.1504,3.5541,0.2378
13-Oct-22,4.6915,5.209,4.5564,3.1953,4.6978,2.9486,3.3982,3.2705,59.7678,12.4007,7.9611,14.7083,0.3277,0.0305,124.7988,5.9859,0.6525,3.2705,0.0195,0.1132,2.6362,0.2241,5.6943,127.7276,2.1533,3.5589,0.2384
14-Oct-22,4.703,5.3033,4.5854,3.1845,4.6992,2.962,3.4112,3.3026,59.9112,12.322,7.9671,14.7277,0.328,0.0305,125.163,6.0027,0.6538,3.3026,0.0195,0.1137,2.6494,0.2246,5.7056,128.0425,2.1438,3.566,0.2392
17-Oct-22,4.7175,5.3157,4.5944,3.1722,4.705,2.9449,3.4116,3.3058,60.0975,12.3382,7.9985,14.738,0.3283,0.0305,125.5489,6.0219,0.6548,3.3058,0.0194,0.1141,2.6385,0.2253,5.7258,128.4372,2.1517,3.5786,0.2397
18-Oct-22,4.715,5.3247,4.6344,3.1586,4.7301,2.9605,3.4286,3.3187,60.0671,12.3761,8.0105,14.7321,0.331,0.0305,125.5158,6.0191,0.655,3.3193,0.0193,0.1136,2.6706,0.2252,5.7279,128.3692,2.1468,3.579,0.2393
19-Oct-22,4.724,5.3211,4.6376,3.1615,4.7245,2.9752,3.4314,3.3193,60.1803,12.3697,8.0122,14.7466,0.331,0.0305,125.7169,6.0409,0.6542,3.3193,0.0193,0.1138,2.6851,0.2256,5.7129,128.6125,2.14,3.5708,0.2399
20-Oct-22,4.729,5.2899,4.6261,3.1538,4.6999,2.9674,3.4358,3.3162,60.2482,12.3626,8.0261,14.744,0.3305,0.0304,125.8215,6.0352,0.6535,3.3162,0.0193,0.1139,2.6771,0.2259,5.7072,128.7503,2.1422,3.567,0.2401
21-Oct-22,4.738,5.2736,4.6224,3.1391,4.6918,2.9624,3.4279,3.3162,60.3601,12.3474,8.0551,14.7052,0.3284,0.0303,126.0693,6.0499,0.6535,3.3162,0.0191,0.1142,2.6741,0.2263,5.7264,128.9954,2.1483,3.5783,0.2416
25-Oct-22,4.7348,5.3602,4.667,3.1804,4.7211,2.9928,3.451,3.324,60.3172,12.372,8.055,14.634,0.3293,0.0303,125.9493,6.0472,0.6478,3.3239,0.0191,0.1141,2.6955,0.2261,5.7199,128.9086,2.1593,3.5749,0.2406
26-Oct-22,4.718,5.4731,4.7364,3.2094,4.7826,3.0629,3.49,3.3561,60.1031,12.5196,8.0829,14.6882,0.3326,0.0303,125.4954,6.0294,0.6577,3.3561,0.019,0.1136,2.7423,0.2253,5.7228,128.4509,2.1421,3.5643,0.2395
27-Oct-22,4.715,5.4649,4.7438,3.2307,4.7728,3.0497,3.4725,3.3517,60.0794,12.4892,8.1014,14.7229,0.3323,0.0303,125.4323,6.0852,0.6525,3.3517,0.019,0.1135,2.7479,0.2252,5.727,128.3692,2.1335,3.5794,0.2097
28-Oct-22,4.7225,5.4443,4.6963,3.2029,4.7462,3.0304,3.4709,3.3418,60.1696,12.4695,8.1338,14.6926,0.3312,0.0304,125.6736,6.0939,0.6508,3.3418,0.019,0.1137,2.7412,0.2256,5.7275,128.5734,2.1297,3.5797,0.204
31-Oct-22,4.728,5.4594,4.6916,3.1891,4.7261,3.0245,3.4644,3.3435,60.2328,12.438,8.1405,14.6423,0.3311,0.0303,125.8535,6.0775,0.6476,3.3435,0.019,0.1139,2.7427,0.2258,5.7329,128.7214,2.1418,3.5821,0.1958
1-Nov-22,4.7345,5.4579,4.698,3.2089,4.7609,3.0431,3.4927,3.3545,60.3194,12.521,8.1461,14.7187,0.3339,0.0303,125.9846,6.0757,0.6509,3.3545,0.019,0.114,2.7789,0.2261,5.7251,128.8983,2.1472,3.5775,0.1956
2-Nov-22,4.738,5.4539,4.6906,3.2195,4.7499,3.0444,3.4859,3.3572,60.3578,12.5952,8.1186,14.7399,0.3349,0.0303,126.0777,6.0917,0.651,3.3572,0.0191,0.1141,2.7843,0.2263,5.7246,128.9936,2.1415,3.5779,0.1954
3-Nov-22,4.743,5.3394,4.6325,3.202,4.6914,2.9943,3.4478,3.3386,60.4238,12.4964,8.0581,14.7042,0.3327,0.0302,126.2108,6.0869,0.6482,3.3386,0.0191,0.1142,2.7405,0.2265,5.7212,129.1315,2.137,3.5754,0.196
4-Nov-22,4.748,5.3282,4.6407,3.2143,4.6961,3.0164,3.4779,3.3531,60.4845,12.6445,8.1093,14.7609,0.3345,0.0302,126.3404,6.0452,0.6538,3.3532,0.0191,0.1143,2.7638,0.2268,5.7553,129.2676,2.1399,3.5967,0.1958
7-Nov-22,4.745,5.4209,4.7393,3.2309,4.7818,3.0655,3.5186,3.3776,60.447,12.7229,8.1167,14.8249,0.339,0.0302,126.264,6.0658,0.6568,3.3776,0.0191,0.115,2.8095,0.2266,5.778,129.186,2.1422,3.6112,0.1949
8-Nov-22,4.7365,5.4264,4.7284,3.231,4.7831,3.06,3.5064,3.3732,60.338,12.678,8.1299,14.7956,0.3418,0.0302,126.0361,6.0985,0.6522,3.3732,0.019,0.114,2.8028,0.2262,5.782,128.9528,2.1372,3.6134,0.1943
9-Nov-22,4.684,5.4081,4.7168,3.2216,4.7609,3.0502,3.4903,3.3528,59.6707,12.7621,8.094,14.7296,0.3444,0.0299,124.5993,6.0332,0.6472,3.3528,0.0188,0.1127,2.7849,0.2237,5.7575,127.5252,2.1142,3.5984,0.1922
10-Nov-22,4.6998,5.3511,4.696,3.2132,4.7674,3.0102,3.4731,3.3521,59.8721,12.7425,8.0933,14.7601,0.3407,0.03,124.9934,6.0637,0.6486,3.3517,0.0189,0.1131,2.7541,0.2245,5.7472,127.954,2.1242,3.5918,0.1928
11-Nov-22,4.6225,5.4393,4.7473,3.2873,4.8091,3.0851,3.4784,3.3563,58.9541,12.8832,8.0771,14.829,0.3503,0.0298,122.9552,5.94,0.6506,3.3563,0.0186,0.1113,2.7966,0.2208,5.7193,125.8474,2.0869,3.5745,0.1895
14-Nov-22,4.5925,5.4297,4.7505,3.2849,4.8716,3.0788,3.4622,3.3467,58.5909,12.8264,8.0359,14.8649,0.3481,0.0296,122.1637,6.012,0.6524,3.3467,0.0186,0.1107,2.8028,0.2193,5.66,125.0306,2.0722,3.5368,0.1878
15-Nov-22,4.5465,5.3824,4.732,3.259,4.8382,3.0666,3.4285,3.325,58.1056,12.7908,7.9498,14.6728,0.3467,0.0293,120.9658,5.9499,0.6465,3.325,0.0183,0.1097,2.7938,0.2171,5.6033,123.7817,2.0505,3.5022,0.1859
16-Nov-22,4.5475,5.4043,4.7321,3.2565,4.826,3.0764,3.43,3.3226,58.1265,12.7399,7.9349,14.6029,0.3435,0.0291,121.0053,5.9844,0.6419,3.3226,0.0184,0.1094,2.804,0.2172,5.5919,123.8072,2.0461,3.4949,0.186
17-Nov-22,4.55,5.4263,4.7256,3.2636,4.8118,3.0567,3.4117,3.3163,58.1473,12.7219,7.9379,14.6462,0.34,0.0291,121.059,5.9848,0.6384,3.3163,0.0183,0.1096,2.7969,0.2173,5.5803,123.8769,2.0438,3.4877,0.1858
21-Nov-22,4.575,5.4056,4.6914,3.2413,4.7833,3.0332,3.4082,3.3163,58.59,12.6469,7.9746,14.6672,0.3374,0.0291,121.7273,6.0046,0.6389,3.3163,0.0184,0.1099,2.801,0.2185,5.5943,124.5559,2.0402,3.4964,0.1867
22-Nov-22,4.5715,5.4104,4.6958,3.2261,4.7769,3.0302,3.4075,3.3133,58.5025,12.6608,7.9685,14.6748,0.3377,0.0291,121.6229,5.9615,0.6403,3.3133,0.0184,0.1102,2.8051,0.2183,5.5958,124.4623,2.0375,3.4974,0.1865
23-Nov-22,4.575,5.4401,4.7187,3.2377,4.8047,3.0437,3.4198,3.3091,58.5237,12.6233,8.0053,14.655,0.3382,0.0292,121.7273,5.9807,0.6391,3.3091,0.0184,0.1103,2.8283,0.2185,5.5939,124.561,2.0402,3.4962,0.1861
24-Nov-22,4.495,5.4239,4.6779,3.2353,4.7617,3.031,3.3658,3.2685,57.5555,12.527,7.9277,14.5309,0.3384,0.0287,119.6115,5.8833,0.6291,3.2685,0.0181,0.1084,2.8089,0.2147,5.5015,122.3779,2.0027,3.4379,0.1828
25-Nov-22,4.4755,5.4198,4.6648,3.2235,4.7428,3.0201,3.3526,3.2594,57.3091,12.5312,7.8975,14.4911,0.3376,0.0286,119.1053,5.8578,0.6246,3.2594,0.0181,0.1079,2.7947,0.2138,5.4894,121.847,1.994,3.4303,0.1821
29-Nov-22,4.508,5.4326,4.6807,3.2644,4.7493,3.0384,3.3599,3.286,57.7131,12.7165,7.9689,14.5664,0.3399,0.0286,119.9255,5.9375,0.6291,3.286,0.0182,0.1087,2.8146,0.2153,5.5181,122.7318,2.0069,3.4489,0.1833
30-Nov-22,4.444,5.3272,4.608,3.2058,4.674,2.9859,3.2804,3.2472,56.9598,12.6125,7.8558,14.4164,0.3372,0.0282,118.1915,5.8405,0.6236,3.2472,0.018,0.1074,2.7695,0.2123,5.4558,120.9877,1.9797,3.4098,0.1806
1-Dec-22,4.415,5.3527,4.611,3.2393,4.6819,3.0093,3.2918,3.2529,56.7218,12.6287,7.8503,14.4286,0.3391,0.0284,117.4577,5.805,0.6239,3.2529,0.018,0.1067,2.8004,0.2109,5.4342,120.2048,1.9655,3.3964,0.1795
2-Dec-22,4.385,5.3854,4.6198,3.2781,4.6903,2.9932,3.2634,3.2488,56.3476,12.6287,7.8676,14.3733,0.3384,0.0284,116.6503,5.792,0.6238,3.2486,0.018,0.1063,2.8073,0.2094,5.3975,119.3847,1.9538,3.3733,0.1785
5-Dec-22,4.363,5.3613,4.6049,3.2253,4.6671,2.9699,3.2489,3.2354,56.1613,12.5536,7.7966,14.3195,0.3368,0.0282,116.0681,5.7956,0.6275,3.2354,0.0182,0.106,2.7945,0.2084,5.3354,118.7857,1.9443,3.3346,0.1773
6-Dec-22,4.3955,5.3546,4.6113,3.2165,4.6577,2.9529,3.2291,3.2394,56.5319,12.5273,7.8646,14.3447,0.3327,0.0281,116.9327,5.8467,0.6286,3.2393,0.0183,0.1067,2.7777,0.2099,5.3248,119.6738,1.9584,3.3273,0.1786
7-Dec-22,4.398,5.3447,4.6073,3.1995,4.6678,2.9427,3.2175,3.2362,56.4233,12.529,7.92,14.3519,0.3326,0.0281,116.9588,5.8321,0.6302,3.2357,0.0184,0.1065,2.7866,0.2101,5.3304,119.7403,1.959,3.3317,0.1785
8-Dec-22,4.402,5.3632,4.634,3.2184,4.6815,2.9595,3.2183,3.246,56.5305,12.664,7.9516,14.3575,0.3338,0.0282,117.0589,5.827,0.6314,3.246,0.0185,0.1065,2.7988,0.2102,5.3441,119.8492,1.9597,3.34,0.1787
9-Dec-22,4.404,5.3905,4.6511,3.2322,4.7127,2.9767,3.2302,3.2568,56.5271,12.6579,7.9531,14.3799,0.3379,0.0283,117.1121,5.8367,0.6335,3.2568,0.0187,0.1065,2.8076,0.2103,5.3538,119.9036,1.96,3.3475,0.179
12-Dec-22,4.416,5.412,4.6567,3.2265,4.7275,2.991,3.2316,3.2619,56.834,12.696,7.9339,14.3942,0.3379,0.0283,117.425,5.8687,0.6331,3.2619,0.0186,0.1066,2.8245,0.2109,5.3491,120.2287,1.9649,3.3422,0.1789
13-Dec-22,4.429,5.4335,4.6715,3.2177,4.7296,2.998,3.2526,3.2676,56.9654,12.7307,7.9359,14.4305,0.339,0.0283,117.7926,5.8826,0.6341,3.2676,0.0188,0.1069,2.8346,0.2115,5.3547,120.5843,1.9695,3.3471,0.1795
14-Dec-22,4.3945,5.4364,4.6762,3.2476,4.736,3.0177,3.2437,3.261,56.5125,12.7082,7.8953,14.4006,0.3402,0.0282,116.8874,5.8293,0.6331,3.2606,0.0186,0.1066,2.8318,0.2099,5.3283,119.6401,1.9542,3.3309,0.1781
15-Dec-22,4.4145,5.4371,4.6886,3.2351,4.7519,2.9952,3.2522,3.2597,56.7811,12.6228,7.9113,14.3739,0.3363,0.0283,117.4288,5.8885,0.633,3.2597,0.0188,0.1071,2.8213,0.2108,5.3392,120.1846,1.9631,3.3366,0.1786
16-Dec-22,4.4215,5.381,4.7116,3.2301,4.7681,2.9602,3.2365,3.2594,56.8053,12.6527,7.9624,14.3948,0.3377,0.0283,117.5587,5.8842,0.6343,3.2595,0.0188,0.1073,2.8107,0.2112,5.3372,120.3916,1.9662,3.336,0.1791
19-Dec-22,4.4255,5.4029,4.7094,3.257,4.763,2.9744,3.2441,3.2686,56.8673,12.7151,7.9839,14.4003,0.3401,0.0284,117.676,5.8856,0.6348,3.2686,0.0187,0.1073,2.8279,0.2114,5.3569,120.4939,1.9651,3.3473,0.1794
20-Dec-22,4.4315,5.3996,4.7125,3.3507,4.7877,2.9678,3.2513,3.2799,56.9166,12.7397,8.0223,14.4575,0.3455,0.0284,117.8121,5.8911,0.6365,3.2799,0.0186,0.1074,2.8215,0.2117,5.3573,120.6573,1.9685,3.3482,0.1791
21-Dec-22,4.436,5.3906,4.7177,3.3715,4.7936,2.9615,3.2584,3.2853,56.9108,12.7783,8.0508,14.4547,0.3446,0.0285,117.916,5.9153,0.6366,3.2853,0.0187,0.1075,2.7916,0.2119,5.3591,120.7897,1.9607,3.3494,0.1792
22-Dec-22,4.428,5.365,4.7096,3.3542,4.7932,2.99,3.26,3.2856,56.8155,12.7709,8.0246,14.4246,0.3465,0.0284,117.7347,5.8981,0.6345,3.2856,0.0187,0.1073,2.7969,0.2115,5.3504,120.58,1.9572,3.344,0.1789
23-Dec-22,4.4225,5.3304,4.6901,3.3351,4.7523,2.9589,3.249,3.2776,56.6965,12.7193,8.0132,14.3924,0.3454,0.0284,117.6041,5.8882,0.6328,3.2776,0.0187,0.1072,2.7758,0.2112,5.3378,120.4253,1.9536,3.3361,0.1787
27-Dec-22,4.423,5.3392,4.7114,3.3232,4.7546,2.9906,3.2671,3.288,56.6913,12.7676,7.9131,14.4058,0.3475,0.0282,117.6017,5.8863,0.6353,3.288,0.0187,0.1072,2.7922,0.2113,5.3415,120.4308,1.9528,3.3384,0.1787
28-Dec-22,4.4185,5.3115,4.6995,3.2955,4.7526,2.9896,3.2649,3.2761,56.7074,12.7243,7.8642,14.343,0.348,0.0281,117.5602,5.8803,0.6336,3.2761,0.0187,0.1071,2.7861,0.211,5.3312,120.3099,1.9499,3.3322,0.1785
29-Dec-22,4.4235,5.3252,4.7024,3.3104,4.7767,2.977,3.2521,3.2801,56.7406,12.7847,7.9377,14.3971,0.349,0.0283,117.615,5.887,0.6351,3.2801,0.0187,0.1071,2.7926,0.2113,5.3414,120.446,1.9513,3.3384,0.1786
30-Dec-22,4.39,5.2926,4.6846,3.3327,4.7495,2.9843,3.2434,3.274,56.2976,12.72,7.8872,14.2755,0.3489,0.0282,116.7243,5.8424,0.6322,3.274,0.0186,0.1063,2.7833,0.2097,5.3053,119.5339,1.9365,3.3157,0.1773
3-Jan-23,4.404,5.2469,4.6469,3.3676,4.7099,2.956,3.2349,3.2742,56.3514,12.7893,7.8854,14.3369,0.3449,0.0282,117.1588,5.8826,0.6372,3.2742,0.0187,0.1066,2.7415,0.2103,5.3119,119.9102,1.9412,3.3199,0.178
4-Jan-23,4.4,5.2998,4.671,3.371,4.745,3.0232,3.2463,3.2851,56.2818,12.9155,7.8768,14.3552,0.3462,0.0282,117.0213,5.8509,0.6394,3.2852,0.0187,0.1065,2.7883,0.2102,5.3122,119.7996,1.9394,3.3201,0.1779
5-Jan-23,4.39,5.2774,4.662,3.3108,4.7339,2.9942,3.2493,3.2754,56.1924,12.9355,7.8688,14.3088,0.3455,0.0281,116.7709,5.8595,0.6386,3.2754,0.0187,0.1063,2.7593,0.2097,5.3108,119.5192,1.9339,3.3183,0.1644
6-Jan-23,4.402,5.2324,4.63,3.2764,4.6877,2.972,3.237,3.2689,56.346,12.9404,7.9158,14.3224,0.3461,0.0282,117.1212,5.8697,0.6418,3.2689,0.0188,0.1066,2.7376,0.2102,5.323,119.8475,1.9301,3.3273,0.1618
9-Jan-23,4.3755,5.3191,4.6774,3.3109,4.7426,3.0307,3.2643,3.2863,56.0433,13.0456,7.9396,14.3374,0.3518,0.0281,116.4425,5.8032,0.6455,3.2863,0.0187,0.1059,2.7975,0.209,5.3127,119.1228,1.9181,3.3206,0.1606
10-Jan-23,4.373,5.3211,4.6959,3.3172,4.7533,3.02,3.2654,3.2872,56.0002,13.0498,7.9843,14.3655,0.3518,0.0281,116.4581,5.8556,0.6455,3.2874,0.0186,0.1059,2.7904,0.2089,5.352,119.0596,1.9157,3.3446,0.1582
11-Jan-23,4.373,5.3036,4.692,3.2955,4.7381,3.0165,3.2555,3.2819,55.9705,13.0869,7.9727,14.3646,0.3508,0.0282,116.4426,5.866,0.6453,3.2819,0.0186,0.1059,2.7804,0.2089,5.3598,119.058,1.9138,3.3504,0.1498
12-Jan-23,4.3645,5.2989,4.691,3.3141,4.6717,3.0093,3.247,3.2791,55.867,13.0644,7.8896,14.3439,0.3504,0.0285,116.1946,5.8548,0.6463,3.2791,0.0186,0.1057,2.7693,0.2085,5.3448,118.8266,1.909,3.3402,0.1445
13-Jan-23,4.3345,5.3028,4.7053,3.3775,4.6693,3.0276,3.2502,3.2811,55.4883,13.1378,7.9025,14.31,0.3503,0.0286,115.402,5.8265,0.646,3.2809,0.0185,0.105,2.7758,0.207,5.3258,118.0098,1.8959,3.3289,0.1467
16-Jan-23,4.32,5.2605,4.6673,3.3565,4.6552,3.0002,3.2196,3.2691,55.3126,13.078,7.9106,14.2537,0.3487,0.0287,115.0007,5.8251,0.6418,3.269,0.0184,0.1049,2.751,0.2063,5.2851,117.615,1.8885,3.3031,0.1466
17-Jan-23,4.325,5.2817,4.6829,3.3667,4.6812,3.0093,3.2238,3.2709,55.3087,13.0783,7.8909,14.2622,0.3493,0.0285,115.1399,5.8319,0.6389,3.2709,0.0185,0.1048,2.7706,0.2066,5.2865,117.7512,1.8889,3.3034,0.1457
18-Jan-23,4.3195,5.3292,4.6834,3.3311,4.7192,3.0314,3.2305,3.275,55.1861,13.1192,7.9126,14.2384,0.3494,0.0286,114.9721,5.8258,0.6388,3.275,0.0184,0.1046,2.799,0.2063,5.307,117.6014,1.8821,3.3163,0.1458
19-Jan-23,4.3035,5.3066,4.6553,3.357,4.6961,2.9666,3.1849,3.2512,54.9662,13.036,7.8754,14.1744,0.3482,0.0285,114.5492,5.8088,0.6348,3.2512,0.0183,0.1042,2.7486,0.2055,5.2886,117.1658,1.8752,3.3059,0.1449
20-Jan-23,4.2855,5.2937,4.6459,3.3163,4.6642,2.9737,3.1822,3.2412,54.7168,13.0815,7.8633,14.1235,0.3475,0.0284,114.0883,5.7818,0.632,3.2412,0.0183,0.1038,2.7556,0.2047,5.2809,116.6757,1.8643,3.3009,0.1436
25-Jan-23,4.2635,5.2507,4.6374,3.2732,4.6147,3.0269,3.1895,3.2416,54.4248,12.9797,7.8058,14.0882,0.346,0.0285,113.5828,5.7527,0.6284,3.2416,0.0182,0.1034,2.7649,0.2036,5.2224,116.0736,1.8417,3.2643,0.1424
26-Jan-23,4.2475,5.2639,4.6338,3.2717,4.6249,3.0195,3.1703,3.239,54.2323,12.9873,7.8137,14.0413,0.3445,0.0284,113.1641,5.7329,0.6261,3.239,0.0181,0.103,2.7554,0.2029,5.2121,115.6412,1.7534,3.2535,0.1421
27-Jan-23,4.245,5.2559,4.6228,3.2678,4.6096,3.0186,3.1849,3.2322,54.2149,12.9253,7.7926,14.0331,0.3439,0.0283,113.0613,5.7416,0.6257,3.2322,0.0181,0.1032,2.7552,0.2027,5.2043,115.5731,1.6946,3.2526,0.142
30-Jan-23,4.2465,5.254,4.6208,3.2634,4.6065,3.0048,3.1821,3.2317,54.1967,12.9743,7.7789,14.1089,0.3455,0.0284,113.1193,5.7376,0.6288,3.2317,0.0181,0.1033,2.7505,0.2028,5.2052,115.6171,1.6317,3.2538,0.1418
31-Jan-23,4.2635,5.2484,4.6059,3.2699,4.5898,2.987,3.1692,3.2363,54.3987,12.9344,7.8029,14.1743,0.3448,0.0284,113.604,5.763,0.6309,3.2363,0.0182,0.1035,2.7402,0.2036,5.1962,116.08,1.5909,3.2476,0.1416
2-Feb-23,4.2445,5.2509,4.6711,3.293,4.672,3.0312,3.1971,3.2519,54.1131,12.9593,7.8828,14.2711,0.3466,0.0285,113.1022,5.7366,0.6312,3.2519,0.0181,0.103,2.7691,0.2027,5.1751,115.5626,1.5691,3.2344,0.1403
3-Feb-23,4.265,5.2018,4.651,3.3135,4.6541,3.0068,3.1908,3.2504,54.3582,12.9203,7.9334,14.3386,0.3459,0.0286,113.6576,5.7892,0.6323,3.2505,0.0182,0.1035,2.7556,0.2037,5.19,116.1176,1.5495,3.2437,0.1409
7-Feb-23,4.3075,5.1785,4.6168,3.2659,4.6452,2.9862,3.2094,3.2469,54.8848,12.7999,7.8077,14.314,0.3412,0.0284,114.8085,5.7793,0.6348,3.2469,0.0183,0.1047,2.7219,0.2057,5.2069,117.2715,1.5593,3.2544,0.1419
8-Feb-23,4.299,5.1962,4.6227,3.2858,4.6787,3.0024,3.216,3.2478,54.7682,12.8386,7.8392,14.3014,0.3412,0.0285,114.5819,5.7553,0.6337,3.2478,0.0182,0.1046,2.7247,0.2053,5.2045,117.0401,1.5776,3.2531,0.1417
9-Feb-23,4.3145,5.2311,4.6394,3.2944,4.6968,3.0102,3.2183,3.2615,54.9635,12.9003,7.9223,14.3587,0.3428,0.0286,114.9797,5.7897,0.6365,3.2615,0.0183,0.1049,2.7451,0.2061,5.2299,117.4637,1.5965,3.2688,0.1416
10-Feb-23,4.3315,5.2543,4.6529,3.3231,4.6987,3.0117,3.2272,3.2686,55.1794,12.8674,7.9594,14.3739,0.3432,0.0286,115.422,5.8192,0.637,3.2686,0.0184,0.1054,2.7466,0.2069,5.254,117.9265,1.6163,3.2842,0.142
13-Feb-23,4.3575,5.249,4.6514,3.29,4.7108,3.0197,3.2626,3.2716,55.5103,12.8758,7.9589,14.4112,0.3415,0.0287,116.1226,5.8387,0.6383,3.2716,0.0185,0.1061,2.7624,0.2081,5.266,118.6344,1.6321,3.292,0.1425
14-Feb-23,4.35,5.2966,4.6758,3.2951,4.7468,3.0293,3.2611,3.2789,55.4151,12.8461,7.9336,14.4104,0.3429,0.0287,115.9366,5.816,0.6382,3.2789,0.0184,0.1061,2.7562,0.2078,5.2568,118.4286,1.6277,3.2853,0.1422
15-Feb-23,4.395,5.3182,4.7136,3.2937,4.756,3.0365,3.2818,3.2945,55.9987,12.8284,7.9605,14.505,0.3424,0.0289,117.1578,5.8966,0.6421,3.2945,0.0186,0.1072,2.7631,0.2099,5.3054,119.6553,1.6728,3.316,0.1437
16-Feb-23,4.406,5.3097,4.7175,3.2921,4.7754,3.0498,3.2935,3.3032,56.1313,12.8539,7.9978,14.5422,0.3429,0.0291,117.4808,5.8925,0.6428,3.3032,0.0186,0.1076,2.7745,0.2104,5.3317,119.9548,1.6674,3.3326,0.1439
17-Feb-23,4.4315,5.2872,4.7164,3.2856,4.7584,3.0274,3.2794,3.3077,56.4731,12.8134,8.0063,14.5562,0.3409,0.0292,118.1513,5.9229,0.6438,3.3077,0.0186,0.1082,2.7506,0.2117,5.3517,120.654,1.6866,3.3448,0.145
20-Feb-23,4.4305,5.329,4.7366,3.3003,4.798,3.0584,3.2912,3.3172,56.5472,12.8915,8.0628,14.587,0.3418,0.0292,118.1356,5.8969,0.6461,3.3172,0.0187,0.1083,2.7618,0.2116,5.3564,120.6268,1.7049,3.3481,0.1447
21-Feb-23,4.4325,5.3217,4.7255,3.2905,4.7872,3.0471,3.287,3.3107,56.5107,12.7848,8.0474,14.5638,0.3409,0.0292,118.1732,5.8995,0.6446,3.3109,0.0187,0.1084,2.7575,0.2117,5.3518,120.6779,1.687,3.3449,0.1449
22-Feb-23,4.441,5.3632,4.7274,3.2915,4.7861,3.0261,3.2771,3.3132,56.6053,12.8316,8.0511,14.5516,0.34,0.0292,118.3841,5.924,0.6439,3.3132,0.0187,0.109,2.7621,0.2121,5.3611,120.9126,1.695,3.3506,0.1449
23-Feb-23,4.4345,5.338,4.7032,3.2874,4.756,3.025,3.2768,3.304,56.5297,12.7924,8.0752,14.5944,0.3418,0.0292,118.2045,5.9079,0.6433,3.304,0.0186,0.1091,2.7636,0.2118,5.3604,120.7324,1.7139,3.3491,0.1445
24-Feb-23,4.4355,5.3332,4.6965,3.284,4.7411,3.0093,3.2684,3.2979,56.519,12.7228,8.077,14.5183,0.339,0.0291,118.217,5.9021,0.639,3.2979,0.0186,0.1093,2.7562,0.2118,5.3593,120.7629,1.7052,3.3496,0.1448
27-Feb-23,4.478,5.3528,4.7259,3.2855,4.7537,3.009,3.2937,3.3169,57.0671,12.7415,8.0656,14.5797,0.3391,0.0293,119.302,5.9458,0.6431,3.3169,0.0188,0.1104,2.7562,0.2139,5.4059,121.9217,1.7324,3.3787,0.146
28-Feb-23,4.4885,5.4241,4.7652,3.2829,4.789,3.0172,3.3035,3.3281,57.1842,12.6991,8.1115,14.611,0.3393,0.0294,119.5977,5.9531,0.6471,3.3281,0.0189,0.1107,2.7586,0.2144,5.4302,122.2092,1.7239,3.394,0.1463
1-Mar-23,4.4715,5.4018,4.7613,3.2904,4.7678,3.0272,3.2884,3.3318,56.964,12.8491,8.13,14.6374,0.342,0.0294,119.1494,5.9417,0.6505,3.3318,0.0188,0.11,2.796,0.2136,5.4189,121.7364,1.6875,3.3867,0.146
2-Mar-23,4.4775,5.369,4.7636,3.2852,4.7547,3.0196,3.2908,3.3243,57.04,12.8571,8.1387,14.6199,0.3418,0.0293,119.3077,5.9724,0.6492,3.3243,0.0189,0.1098,2.7893,0.2139,5.424,121.9064,1.6078,3.39,0.1459
3-Mar-23,4.476,5.3614,4.754,3.2807,4.7754,3.0249,3.3004,3.3247,57.0209,12.8899,8.1642,14.6227,0.3438,0.0293,119.2614,5.9518,0.6486,3.3247,0.0189,0.1099,2.789,0.2138,5.4572,121.8656,1.6145,3.4108,0.1455
6-Mar-23,4.4725,5.3815,4.7594,3.2907,4.7868,3.0149,3.291,3.3254,56.9756,12.9732,8.1377,14.6122,0.3449,0.0292,119.1697,5.9482,0.6461,3.3254,0.0189,0.11,2.7705,0.2136,5.4761,121.7719,1.6265,3.4218,0.1455
7-Mar-23,4.4725,5.38,4.7742,3.2967,4.8045,2.9892,3.2817,3.3249,56.9749,12.9413,8.1303,14.6074,0.3433,0.0291,119.1523,5.9486,0.6456,3.3249,0.0189,0.1101,2.7759,0.2136,5.4668,121.7719,1.611,3.4128,0.1451
8-Mar-23,4.5255,5.3573,4.7685,3.2892,4.8016,2.9843,3.2886,3.341,57.6493,12.9005,8.1762,14.7109,0.3424,0.0293,120.5498,6.0215,0.6493,3.341,0.0191,0.1115,2.7669,0.2161,5.5156,123.22,1.622,3.4471,0.1468
9-Mar-23,4.522,5.3658,4.7734,3.3156,4.8147,2.9904,3.278,3.3429,57.6058,12.9145,8.1935,14.6756,0.3419,0.0293,120.4518,5.9843,0.6489,3.3429,0.0191,0.1114,2.7688,0.216,5.518,123.1264,1.6267,3.449,0.1462
10-Mar-23,4.52,5.3955,4.7874,3.3083,4.8568,2.9726,3.2614,3.3324,57.5807,12.9014,8.1932,14.6639,0.3419,0.0293,120.3985,5.9928,0.6493,3.3324,0.0191,0.1114,2.7606,0.2159,5.5095,123.0736,1.6143,3.4434,0.1463
13-Mar-23,4.486,5.4274,4.8036,3.3524,4.8987,2.9875,3.2652,3.3342,57.1618,12.9766,8.1623,14.6621,0.3446,0.0292,119.5104,5.9536,0.6507,3.3342,0.019,0.1109,2.78,0.2143,5.4709,122.1445,1.6138,3.4193,0.1452
14-Mar-23,4.4803,5.4507,4.797,3.3414,4.9115,2.9845,3.2643,3.325,57.0976,12.99,8.1348,14.6853,0.3418,0.0291,119.3206,5.9845,0.651,3.325,0.019,0.1103,2.7865,0.214,5.4347,121.9863,1.608,3.3971,0.1448
15-Mar-23,4.482,5.4499,4.8099,3.328,4.8965,2.9915,3.273,3.3364,57.0959,12.9706,8.155,14.6353,0.343,0.0292,119.3402,5.9938,0.6498,3.3364,0.019,0.1103,2.786,0.2141,5.4308,122.0289,1.5845,3.3942,0.1448
16-Mar-23,4.5015,5.4371,4.7774,3.3873,4.8602,2.9953,3.2757,3.342,57.3516,13.0573,8.2039,14.7089,0.3433,0.0293,119.8562,5.9926,0.6524,3.342,0.0191,0.1107,2.7772,0.215,5.4447,122.5682,1.615,3.4022,0.1456
17-Mar-23,4.484,5.4436,4.7766,3.3652,4.8468,3.0047,3.2732,3.3389,57.1247,13.0872,8.1959,14.6632,0.3432,0.0292,119.3744,5.9772,0.6518,3.3387,0.019,0.1102,2.7989,0.2142,5.4327,122.0917,1.5929,3.3954,0.1456
20-Mar-23,4.486,5.4788,4.783,3.4267,4.8309,2.9993,3.2705,3.3433,57.1738,13.1603,8.2161,14.6892,0.3423,0.0292,119.4229,5.987,0.6514,3.3438,0.019,0.1105,2.8042,0.2143,5.4274,122.1378,1.5811,3.3926,0.1452
21-Mar-23,4.475,5.4743,4.8017,3.3854,4.8217,2.9873,3.2717,3.3444,57.0496,13.0552,8.2322,14.6731,0.3423,0.0292,119.1015,5.9955,0.6509,3.3444,0.019,0.11,2.7689,0.2137,5.413,121.8483,1.5778,3.3834,0.1448
22-Mar-23,4.4655,5.4814,4.8138,3.3701,4.8412,2.9874,3.2574,3.3443,56.9125,12.983,8.1996,14.6273,0.3416,0.0291,118.8692,5.9917,0.6482,3.3446,0.019,0.1098,2.774,0.2133,5.4027,121.5929,1.5772,3.3768,0.1445
23-Mar-23,4.4195,5.4453,4.8173,3.3684,4.8359,2.9757,3.2332,3.3321,56.3019,12.9633,8.1405,14.5702,0.3443,0.0288,117.6572,5.9304,0.6475,3.3321,0.0188,0.1085,2.7763,0.2111,5.3751,120.3404,1.5617,3.3594,0.1429
24-Mar-23,4.426,5.4172,4.7712,3.4027,4.824,2.9515,3.2183,3.3256,56.3861,12.969,8.139,14.5736,0.3411,0.0292,117.8209,5.9649,0.6441,3.3256,0.0188,0.1087,2.7519,0.2114,5.3741,120.5141,1.5647,3.3589,0.143
27-Mar-23,4.426,5.4276,4.7655,3.377,4.8308,2.9426,3.2247,3.3224,56.3832,12.871,8.1525,14.587,0.3402,0.0292,117.813,5.9379,0.6433,3.3224,0.0188,0.1087,2.7457,0.2114,5.376,120.5239,1.5619,3.3594,0.1432
28-Mar-23,4.404,5.4145,4.7616,3.3599,4.8013,2.9388,3.2187,3.3136,56.103,12.8434,8.0867,14.5045,0.3388,0.0292,117.254,5.909,0.6396,3.3136,0.0187,0.1083,2.7388,0.2103,5.3555,119.9183,1.5539,3.3482,0.1425
29-Mar-23,4.421,5.4493,4.789,3.3496,4.806,2.9475,3.2491,3.3249,56.3195,12.925,8.1194,14.527,0.3391,0.0293,117.727,5.9447,0.6416,3.3249,0.0188,0.1088,2.7556,0.2112,5.3695,120.3845,1.5592,3.3556,0.1428
30-Mar-23,4.4193,5.46,4.8057,3.3342,4.8235,2.9658,3.2649,3.3289,56.2965,12.9161,8.1214,14.5117,0.3406,0.0294,117.7289,5.9457,0.6427,3.3289,0.0188,0.1087,2.7594,0.2111,5.3787,120.3303,1.5602,3.3543,0.143
31-Mar-23,4.417,5.4618,4.8101,3.3095,4.8221,2.9536,3.2583,3.3218,56.2679,12.9228,8.1232,14.476,0.3385,0.0295,117.6706,5.944,0.6427,3.3217,0.0188,0.1086,2.7648,0.211,5.3714,120.2658,1.5571,3.3574,0.1434
3-Apr-23,4.4215,5.453,4.794,3.3136,4.8185,2.962,3.2774,3.3193,56.3252,12.8569,8.0802,14.4345,0.336,0.0295,117.8658,5.9479,0.6418,3.3193,0.0189,0.1087,2.7572,0.2112,5.3693,120.3916,1.5528,3.3555,0.1429
4-Apr-23,4.4065,5.4973,4.8106,3.3155,4.8327,2.972,3.2824,3.3217,56.1348,12.8732,8.0764,14.4367,0.3349,0.0296,117.48,5.9263,0.6403,3.3215,0.0188,0.1085,2.7724,0.2105,5.36,119.9864,1.553,3.3448,0.1424
5-Apr-23,4.3985,5.4928,4.8168,3.346,4.8618,2.9463,3.2649,3.3187,56.0329,12.9807,8.0795,14.4282,0.3351,0.0295,117.248,5.9302,0.6393,3.3187,0.0187,0.1082,2.7781,0.2101,5.3646,119.7653,1.524,3.3533,0.1423
6-Apr-23,4.402,5.4884,4.7982,3.3494,4.867,2.9493,3.2656,3.3119,56.0768,12.9186,8.0756,14.4269,0.3333,0.0295,117.3319,5.9424,0.6399,3.3119,0.0188,0.1081,2.7662,0.2102,5.3714,119.8639,1.5279,3.357,0.1425
7-Apr-23,4.402,5.4754,4.805,3.3393,4.8692,2.9397,3.2583,3.3092,56.0768,12.9015,8.0785,14.4596,0.3343,0.0295,117.3319,5.9361,0.6403,3.3092,0.0188,0.1082,2.7568,0.2102,5.3795,119.8573,1.5694,3.36,0.1425
10-Apr-23,4.4085,5.4793,4.8106,3.3376,4.8683,2.9398,3.266,3.3165,56.1596,12.8443,8.0742,14.4764,0.3343,0.0296,117.5114,5.9433,0.6413,3.3165,0.0188,0.1083,2.7533,0.2106,5.3787,120.0408,1.5361,3.3614,0.1424
11-Apr-23,4.4165,5.4919,4.8171,3.3181,4.885,2.9456,3.2714,3.3163,56.2608,12.9053,8.0461,14.4832,0.3339,0.0297,117.7215,5.9526,0.6415,3.3163,0.0188,0.1084,2.7477,0.2109,5.3775,120.262,1.5289,3.3609,0.1434
12-Apr-23,4.4125,5.4799,4.8202,3.2972,4.8862,2.9385,3.2763,3.3128,56.2105,12.8954,7.9879,14.4563,0.3325,0.0297,117.6337,5.9474,0.6411,3.3128,0.0188,0.1083,2.7307,0.2107,5.3759,120.1563,1.5282,3.3599,0.1428
13-Apr-23,4.402,5.5117,4.8486,3.3054,4.9372,2.9595,3.2837,3.3211,56.0775,12.8563,7.9638,14.4259,0.3361,0.0298,117.346,5.9301,0.6403,3.3211,0.0188,0.1081,2.7453,0.2102,5.3765,119.8671,1.5467,3.3599,0.1425
14-Apr-23,4.403,5.5055,4.8691,3.3231,4.9572,2.9786,3.3036,3.3206,56.0902,12.8592,7.9606,14.4489,0.3379,0.03,117.3758,5.9514,0.6424,3.3206,0.0188,0.108,2.7688,0.2103,5.3881,119.8976,1.549,3.3618,0.1425
17-Apr-23,4.422,5.4736,4.8487,3.3006,4.9408,2.9619,3.3086,3.3192,56.3323,12.8677,7.9063,14.4818,0.3368,0.0299,117.8917,5.99,0.6436,3.3192,0.0188,0.1081,2.7394,0.2112,5.3953,120.4117,1.5752,3.3721,0.1431
18-Apr-23,4.4355,5.5171,4.8711,3.3065,4.9509,2.9882,3.3181,3.3311,56.5043,12.956,7.9008,14.5445,0.3369,0.0299,118.2595,5.985,0.6451,3.3311,0.0189,0.1088,2.7549,0.2118,5.4073,120.7892,1.5637,3.3796,0.1433
19-Apr-23,4.437,5.5179,4.8607,3.289,4.9391,2.9755,3.3056,3.3205,56.5248,12.8646,7.888,14.5038,0.3328,0.0299,118.2963,5.9864,0.6433,3.3205,0.0189,0.1088,2.745,0.2119,5.3975,120.8268,1.5819,3.3734,0.1434
20-Apr-23,4.4355,5.5191,4.8666,3.2935,4.9514,2.9762,3.2921,3.3247,56.5064,12.8883,7.9022,14.507,0.3351,0.0299,118.2453,5.971,0.6445,3.3248,0.0189,0.1087,2.736,0.2118,5.3986,120.7761,1.5856,3.3742,0.1435
25-Apr-23,4.4495,5.5503,4.9122,3.3177,5.0192,2.9658,3.2795,3.3316,56.6826,12.9563,8.0128,14.4864,0.333,0.03,118.6154,6.0062,0.6435,3.3316,0.0189,0.1084,2.7436,0.2125,5.433,121.1639,1.5691,3.3953,0.144
26-Apr-23,4.4575,5.5627,4.922,3.338,5.0093,2.9444,3.2717,3.3397,56.7845,13.0327,8.0142,14.52,0.3335,0.03,118.8302,6.0158,0.6441,3.3397,0.019,0.1084,2.732,0.2129,5.4517,121.3784,1.5935,3.4074,0.1443
27-Apr-23,4.459,5.5608,4.9281,3.3307,4.9966,2.9516,3.2719,3.3392,56.8029,13.0648,8.0025,14.5183,0.3328,0.0303,118.8797,6.0254,0.6442,3.3392,0.019,0.1083,2.7432,0.213,5.4577,121.4358,1.5717,3.411,0.1448
28-Apr-23,4.4585,5.5533,4.9003,3.2874,4.9782,2.935,3.2637,3.3348,56.7973,13.0748,8.0362,14.49,0.3327,0.0304,118.8711,6.0239,0.644,3.3348,0.019,0.108,2.7326,0.2129,5.4481,121.4189,1.5716,3.4046,0.1443
2-May-23,4.4625,5.565,4.8974,3.2451,4.968,2.9879,3.2889,3.3416,56.8475,13.0511,8.0551,14.4823,0.3326,0.0303,118.9968,6.014,0.6456,3.3416,0.019,0.108,2.7634,0.2131,5.4491,121.5179,1.5719,3.4054,0.1444
3-May-23,4.4525,5.5745,4.9156,3.2817,5.0152,2.966,3.2689,3.3428,56.7201,13.0879,8.0472,14.5023,0.3338,0.0303,118.7207,5.987,0.6442,3.3428,0.019,0.1077,2.7757,0.2127,5.4428,121.2555,1.5699,3.4016,0.1446
5-May-23,4.437,5.5942,4.8927,3.3074,4.9748,2.9857,3.2867,3.3488,56.5327,13.1263,8.0235,14.473,0.3368,0.0302,118.3074,5.9998,0.642,3.3488,0.0189,0.1074,2.7935,0.2119,5.4293,120.8202,1.585,3.3899,0.1434
8-May-23,4.437,5.6075,4.8969,3.2875,4.9938,3.0107,3.3231,3.3496,56.5356,13.1107,8.0264,14.4627,0.3357,0.0302,118.3137,5.996,0.6414,3.3496,0.0189,0.1073,2.8057,0.2119,5.4257,120.8301,1.5828,3.391,0.1436
9-May-23,4.439,5.5974,4.8736,3.2871,4.9753,2.9997,3.3186,3.346,56.5683,13.1565,7.9552,14.4452,0.3347,0.0301,118.367,6.0012,0.6409,3.346,0.0189,0.1072,2.8103,0.212,5.4042,120.8845,1.5589,3.3778,0.1437
10-May-23,4.457,5.6256,4.8813,3.295,5.0042,3.0096,3.3276,3.3555,56.8978,13.2128,8.0035,14.5212,0.3366,0.0303,118.8391,6.0136,0.6435,3.3555,0.019,0.1078,2.8217,0.2129,5.4301,121.3747,1.5382,3.394,0.1442
11-May-23,4.4635,5.6169,4.8779,3.3111,4.988,3.0057,3.3287,3.3594,56.9509,13.2252,8.0092,14.5197,0.3355,0.0303,119.0124,6.0157,0.6434,3.3594,0.019,0.108,2.8316,0.2132,5.4372,121.5517,1.5029,3.398,0.1442
12-May-23,4.4755,5.6087,4.8846,3.3207,5.0188,2.9948,3.3174,3.3566,57.0698,13.1807,8.0134,14.5351,0.3351,0.0303,119.3403,6.0266,0.644,3.3566,0.0191,0.1084,2.7941,0.2138,5.4442,121.8785,1.5898,3.4024,0.1448
15-May-23,4.5005,5.6207,4.8911,3.3068,5.0167,3.0084,3.3295,3.3642,57.412,13.3407,8.0266,14.6002,0.3362,0.0304,120.0021,6.053,0.6472,3.3642,0.0192,0.1088,2.7993,0.215,5.4646,122.561,1.5802,3.4153,0.1456
16-May-23,4.4995,5.6343,4.9006,3.3122,5.0395,3.0097,3.3439,3.3679,57.4147,13.2514,8.0255,14.6059,0.3361,0.0304,119.9835,6.0413,0.6459,3.3679,0.0192,0.1091,2.812,0.2149,5.4701,122.5321,1.5799,3.4191,0.1456
17-May-23,4.5245,5.6226,4.8998,3.3015,5.0255,3.0036,3.3495,3.3668,57.7934,13.2131,8.0579,14.689,0.338,0.0304,120.6469,6.0783,0.6463,3.3668,0.0193,0.1097,2.8222,0.2161,5.4891,123.2162,1.5862,3.4305,0.1464
18-May-23,4.5355,5.641,4.9061,3.292,5.0369,3.0082,3.3656,3.3721,57.9283,13.2163,8.1063,14.7422,0.3393,0.0305,120.937,6.0711,0.6452,3.3721,0.0193,0.11,2.8302,0.2166,5.4931,123.5175,1.5889,3.4333,0.1468
19-May-23,4.537,5.63,4.8945,3.2835,5.0244,3.0176,3.3667,3.3709,58.0576,13.1765,8.144,14.8207,0.3419,0.0304,120.977,6.064,0.646,3.3709,0.0193,0.1101,2.8452,0.2167,5.4834,123.5533,1.5891,3.4274,0.1468
22-May-23,4.5475,5.658,4.9163,3.2992,5.077,3.0198,3.37,3.3808,58.1433,13.207,8.1453,14.8282,0.3458,0.0305,121.2602,6.0751,0.647,3.3805,0.0194,0.1104,2.8561,0.2172,5.4907,123.8392,1.6056,3.4317,0.1472
23-May-23,4.57,5.6714,4.937,3.3036,5.0817,3.0295,3.3774,3.3976,58.3437,13.1776,8.2017,14.8584,0.3471,0.0307,121.8634,6.1097,0.6483,3.3976,0.0195,0.1108,2.8649,0.2183,5.5174,124.452,1.5936,3.4487,0.1477
24-May-23,4.5905,5.7023,4.9476,3.3126,5.089,3.0205,3.3906,3.4093,58.6155,13.3058,8.2341,14.9091,0.3486,0.0308,122.4003,6.1229,0.6522,3.4093,0.0196,0.1113,2.819,0.2193,5.55,125.0068,1.5995,3.4687,0.1486
25-May-23,4.624,5.719,4.9583,3.3148,5.1049,3.0202,3.401,3.4192,59.0282,13.3574,8.2616,15.0106,0.3483,0.0309,123.2935,6.1639,0.654,3.4192,0.0197,0.1122,2.8139,0.2209,5.588,125.9157,1.6384,3.4923,0.1496
26-May-23,4.6075,5.6916,4.9448,3.2983,5.0971,3.0055,3.3808,3.4075,58.8183,13.2925,8.2468,14.9881,0.3472,0.0308,122.8568,6.1299,0.6526,3.4075,0.0196,0.1117,2.7981,0.2201,5.5749,125.4766,1.636,3.4845,0.1491
29-May-23,4.6065,5.6874,4.9402,3.2827,5.0994,3.014,3.3894,3.4048,58.8325,13.2618,8.2098,15.0372,0.3482,0.0308,122.8285,6.1341,0.6509,3.4048,0.0196,0.1117,2.7925,0.22,5.576,125.4357,1.6143,3.4845,0.1491
30-May-23,4.6075,5.7025,4.9321,3.2872,5.0926,3.0147,3.3916,3.4045,58.8318,13.2371,8.1708,15.0542,0.3484,0.0307,122.8568,6.1354,0.6502,3.4045,0.0196,0.1117,2.788,0.2201,5.5696,125.4458,1.6103,3.4804,0.1491
31-May-23,4.6225,5.7102,4.928,3.3028,5.0724,2.9945,3.3879,3.4113,59.006,13.2916,8.2207,15.0311,0.3481,0.0308,123.247,6.152,0.6503,3.4113,0.0197,0.112,2.7717,0.2208,5.5897,125.8474,1.6197,3.4934,0.1494
1-Jun-23,4.6155,5.7378,4.9326,3.3016,5.0714,3.0024,3.3995,3.4107,58.9181,13.2601,8.2068,15.0117,0.3491,0.0308,123.0538,6.1269,0.6487,3.4104,0.0197,0.1117,2.7723,0.2204,5.5984,125.6619,1.6375,3.4987,0.1494
2-Jun-23,4.585,5.748,4.9401,3.3027,5.0694,3.0392,3.419,3.4117,58.5127,13.2774,8.1992,14.9548,0.352,0.0306,122.2569,6.098,0.6494,3.4117,0.0195,0.111,2.8005,0.219,5.5695,124.8298,1.6064,3.4802,0.1484
6-Jun-23,4.605,5.7201,4.9269,3.3078,5.0822,3.0653,3.4303,3.414,58.7189,13.2385,8.1896,14.9798,0.3539,0.031,122.7935,6.1161,0.6469,3.414,0.0196,0.1112,2.8008,0.2199,5.5735,125.3761,1.6087,3.4827,0.149
7-Jun-23,4.604,5.7276,4.9228,3.3036,5.0797,3.0805,3.4386,3.4162,58.7204,13.2365,8.2112,14.9733,0.3533,0.0309,122.7635,6.1191,0.6465,3.4161,0.0196,0.1113,2.7988,0.2199,5.5798,125.3506,1.6049,3.4872,0.1488
8-Jun-23,4.6185,5.763,4.9543,3.3052,5.0828,3.0889,3.4633,3.4296,58.9342,13.2544,8.2297,15.0273,0.3548,0.031,123.1469,6.1437,0.6478,3.4296,0.0197,0.1115,2.806,0.2206,5.5955,125.7419,1.6115,3.4966,0.1492
9-Jun-23,4.6125,5.7855,4.9647,3.3028,5.1222,3.0978,3.4587,3.4333,58.8258,13.3194,8.2249,15.0063,0.3569,0.0311,122.9836,6.135,0.6475,3.4333,0.0196,0.1114,2.8113,0.2203,5.5901,125.5785,1.628,3.4941,0.149
12-Jun-23,4.6175,5.8139,4.9763,3.3171,5.1169,3.127,3.4672,3.4424,58.9226,13.357,8.2367,15.0158,0.3596,0.0311,123.1202,6.151,0.6468,3.4424,0.0197,0.1115,2.8384,0.2205,5.6012,125.7164,1.6059,3.5006,0.1494
13-Jun-23,4.6175,5.8024,4.9901,3.3094,5.1039,3.1302,3.4583,3.4447,58.9422,13.3608,8.2514,15.0542,0.3624,0.0311,123.1202,6.1543,0.6457,3.4447,0.0196,0.1117,2.8379,0.2205,5.6055,125.7181,1.6047,3.5035,0.1494
14-Jun-23,4.6195,5.8367,4.9902,3.3002,5.1089,3.1341,3.4759,3.4431,58.9937,13.329,8.2698,15.0223,0.3616,0.031,123.167,6.1592,0.6451,3.4431,0.0197,0.1119,2.8493,0.2206,5.6257,125.7726,1.6256,3.5155,0.1495
15-Jun-23,4.632,5.8646,5.0178,3.2787,5.1284,3.1539,3.4757,3.4499,59.1817,13.3065,8.2759,15.0504,0.3617,0.031,123.5134,6.1782,0.6472,3.4499,0.0197,0.1121,2.8607,0.2212,5.6416,126.1129,1.6123,3.5258,0.1499
16-Jun-23,4.6145,5.9047,5.0531,3.2719,5.1799,3.1769,3.4903,3.452,58.9641,13.3184,8.2638,15.0285,0.3623,0.0309,123.0304,6.1587,0.6486,3.452,0.0196,0.1117,2.8785,0.2204,5.6359,125.6347,1.6073,3.5217,0.1493
19-Jun-23,4.626,5.9296,5.0558,3.2606,5.1704,3.1762,3.5059,3.4521,59.1889,13.3008,8.3007,15.0063,0.3611,0.0309,123.3403,6.2028,0.6464,3.4521,0.0197,0.112,2.8804,0.2209,5.648,125.9478,1.631,3.5295,0.1495
20-Jun-23,4.6375,5.9286,5.0725,3.2763,5.1706,3.1505,3.5085,3.457,59.2853,13.3607,8.3438,14.9955,0.3607,0.0309,123.6205,6.2182,0.6463,3.457,0.0197,0.1121,2.8697,0.2215,5.6481,126.2626,1.6153,3.5296,0.1498
21-Jun-23,4.643,5.9059,5.0725,3.2694,5.177,3.1398,3.5085,3.4549,59.3245,13.3209,8.347,14.9987,0.3589,0.0311,123.7803,6.2128,0.6455,3.4547,0.0197,0.1122,2.861,0.2218,5.6611,126.4072,1.6185,3.5378,0.1503
22-Jun-23,4.651,5.9424,5.1128,3.2759,5.2025,3.1571,3.5377,3.4671,59.3986,13.281,8.3614,15.0265,0.3591,0.0311,123.987,6.2173,0.6478,3.4671,0.0198,0.1124,2.8869,0.2221,5.6769,126.6233,1.6225,3.5479,0.1503
23-Jun-23,4.6765,5.9399,5.0738,3.2688,5.1935,3.1281,3.5413,3.4573,59.7296,13.278,8.3868,15.0525,0.3569,0.0312,124.6651,6.2704,0.6514,3.4573,0.0199,0.113,2.8669,0.2234,5.6999,127.3193,1.6323,3.5628,0.1513
26-Jun-23,4.6765,5.9562,5.0939,3.2667,5.2243,3.119,3.551,3.4573,59.7483,13.2893,8.3914,15.069,0.3575,0.0311,124.6668,6.2356,0.6467,3.4573,0.0199,0.1132,2.8817,0.2234,5.7024,127.321,1.6524,3.564,0.1512
27-Jun-23,4.665,5.9423,5.1035,3.246,5.2135,3.12,3.5508,3.457,59.5569,13.2303,8.4251,15.0275,0.3584,0.0311,124.3834,6.2249,0.6466,3.457,0.0198,0.1128,2.8811,0.2228,5.6878,127.0079,1.6543,3.5547,0.151
28-Jun-23,4.672,5.9388,5.117,3.2425,5.2216,3.0996,3.5335,3.4568,59.6447,13.1347,8.4607,15.0129,0.3567,0.0312,124.5435,6.2431,0.6448,3.4568,0.0198,0.1129,2.8452,0.2231,5.6943,127.195,1.6301,3.5596,0.1512
30-Jun-23,4.665,5.8849,5.0564,3.2254,5.1764,3.0871,3.5185,3.4379,59.5352,13.1427,8.445,14.9654,0.3528,0.0311,124.3834,6.2226,0.642,3.4379,0.0198,0.1126,2.8359,0.2228,5.6861,127.0114,1.628,3.5536,0.151
3-Jul-23,4.672,5.9199,5.0864,3.2282,5.1975,3.1104,3.5217,3.4558,59.6367,13.2756,8.4469,15.0066,0.3575,0.0311,124.5518,6.2141,0.6448,3.4558,0.0198,0.113,2.8712,0.2231,5.7036,127.1985,1.6307,3.5638,0.1512
4-Jul-23,4.6525,5.9068,5.0689,3.2223,5.1937,3.1079,3.5146,3.448,59.4102,13.3405,8.43,14.9574,0.3579,0.031,124.0518,6.1882,0.6446,3.448,0.0196,0.1124,2.8734,0.2222,5.6731,126.6676,1.6918,3.5454,0.1503
5-Jul-23,4.653,5.9149,5.0662,3.2231,5.1815,3.1045,3.5056,3.442,59.472,13.34,8.3974,14.936,0.358,0.031,124.0585,6.1888,0.6424,3.442,0.0196,0.1124,2.8802,0.2222,5.6597,126.6812,1.6798,3.5372,0.1506
6-Jul-23,4.663,5.9271,5.0659,3.2381,5.195,3.1098,3.5068,3.4493,59.657,13.2887,8.3912,14.9259,0.3579,0.031,124.3086,6.2121,0.6437,3.4493,0.0196,0.1126,2.8887,0.2227,5.6496,126.9673,1.6849,3.5314,0.1509
7-Jul-23,4.6655,5.9415,5.0749,3.2634,5.2082,3.0979,3.4882,3.453,59.5975,13.2656,8.3874,14.9105,0.3574,0.0308,124.3669,6.2217,0.645,3.453,0.0197,0.1127,2.8844,0.2228,5.639,127.0181,1.7013,3.5243,0.151
10-Jul-23,4.67,5.986,5.1204,3.2815,5.2504,3.1039,3.5166,3.464,59.6523,13.2916,8.3887,14.8804,0.3578,0.0307,124.4869,6.2305,0.6456,3.464,0.0197,0.1131,2.8898,0.223,5.6518,127.1492,1.6918,3.5328,0.1511
11-Jul-23,4.664,6.01,5.132,3.3183,5.2877,3.109,3.5128,3.4746,59.5814,13.3869,8.437,14.8981,0.3604,0.0308,124.3385,6.2374,0.6473,3.4746,0.0197,0.1126,2.8852,0.2228,5.6572,126.9807,1.6976,3.5363,0.1508
12-Jul-23,4.651,6.0149,5.1268,3.3315,5.297,3.1106,3.5202,3.4754,59.4073,13.3228,8.4671,14.8661,0.3606,0.0308,123.987,6.243,0.6469,3.4754,0.0196,0.1124,2.8827,0.2221,5.6508,126.6267,1.6791,3.5314,0.1505
13-Jul-23,4.5945,5.9924,5.1279,3.3201,5.3233,3.1447,3.4911,3.4651,58.7295,13.2952,8.4287,14.844,0.362,0.0307,122.4678,6.1739,0.6414,3.4651,0.0194,0.111,2.92,0.2194,5.5972,125.0868,1.6877,3.4982,0.1484
14-Jul-23,4.5295,5.9434,5.0875,3.2748,5.2822,3.1129,3.4524,3.4318,57.9461,13.0948,8.3278,14.66,0.3578,0.0303,120.7287,6.1232,0.6347,3.4318,0.0192,0.1094,2.8871,0.2163,5.5145,123.3222,1.6532,3.4465,0.1466
17-Jul-23,4.54,5.9447,5.1021,3.2802,5.2846,3.0945,3.4339,3.4367,58.1031,13.11,8.3487,14.635,0.3586,0.0303,121.0021,6.1495,0.6333,3.4367,0.0192,0.1096,2.8802,0.2168,5.5321,123.6047,1.6495,3.4577,0.1468
18-Jul-23,4.5395,5.9372,5.1013,3.2832,5.2825,3.0905,3.4356,3.4341,58.0956,13.2656,8.3431,14.6558,0.3598,0.0303,120.992,6.1481,0.6327,3.4341,0.0192,0.1096,2.8572,0.2168,5.5334,123.5877,1.6257,3.4585,0.1469
20-Jul-23,4.55,5.8802,5.1001,3.2627,5.3018,3.1081,3.4668,3.439,58.2411,13.3706,8.344,14.634,0.3576,0.0304,121.2961,6.1434,0.6335,3.439,0.0192,0.1098,2.8599,0.2173,5.5457,123.8803,1.6182,3.4661,0.1477
21-Jul-23,4.5625,5.8669,5.0772,3.215,5.266,3.0779,3.4622,3.4314,58.3709,13.2535,8.3311,14.5944,0.3552,0.0304,121.6472,6.1642,0.6352,3.4314,0.0193,0.1102,2.8249,0.2179,5.5638,124.2156,1.6109,3.4773,0.1481
24-Jul-23,4.578,5.8672,5.0683,3.2366,5.2754,3.0815,3.4681,3.4368,58.5977,13.2888,8.3693,14.5964,0.3571,0.0305,122.0523,6.1615,0.6355,3.4368,0.0193,0.1103,2.8347,0.2187,5.5903,124.6376,1.5903,3.494,0.1479
25-Jul-23,4.5605,5.8607,5.0462,3.2265,5.2534,3.0909,3.4646,3.4354,58.3845,13.2035,8.3602,14.5638,0.3579,0.0304,121.5825,6.1324,0.6388,3.4354,0.0193,0.1101,2.8359,0.2178,5.5731,124.1662,1.6017,3.4826,0.1476
26-Jul-23,4.552,5.8769,5.0418,3.2437,5.2774,3.0794,3.4491,3.4316,58.3317,13.2789,8.3339,14.565,0.3575,0.0303,121.3511,6.1169,0.6366,3.4316,0.0192,0.1099,2.8316,0.2174,5.551,123.9348,1.6071,3.4691,0.1471
27-Jul-23,4.5215,5.8746,5.0365,3.2305,5.2827,3.0805,3.4347,3.419,57.9668,13.2615,8.2872,14.4609,0.354,0.0301,120.538,6.0875,0.6331,3.419,0.0191,0.1092,2.8282,0.216,5.519,123.0993,1.579,3.449,0.1461
28-Jul-23,4.5555,5.834,4.9935,3.261,5.2296,3.0262,3.4405,3.4171,58.4177,13.37,8.2963,14.5107,0.3556,0.0302,121.4395,6.145,0.6363,3.417,0.0192,0.11,2.7939,0.2176,5.5376,124.025,1.5905,3.461,0.1474
31-Jul-23,4.503,5.7873,4.9693,3.1617,5.1726,3.0143,3.4026,3.3851,57.7156,13.1446,8.1992,14.3098,0.3532,0.0299,120.04,6.0478,0.6301,3.3851,0.019,0.1089,2.7887,0.2151,5.4742,122.5957,1.5724,3.4212,0.1457
1-Aug-23,4.5175,5.7941,4.9582,3.1658,5.1632,2.9976,3.4084,3.3872,57.9583,13.2226,8.2346,14.3018,0.3506,0.0299,120.3992,6.0667,0.6303,3.3871,0.0191,0.1091,2.7823,0.2158,5.4906,122.9904,1.574,3.4317,0.146
2-Aug-23,4.54,5.8053,4.9867,3.1892,5.1762,2.9891,3.4105,3.3943,58.2167,13.2352,8.2351,14.3662,0.3503,0.0299,121.0021,6.0823,0.6321,3.3943,0.0191,0.1096,2.7753,0.2168,5.4984,123.603,1.5704,3.4365,0.1468
3-Aug-23,4.559,5.779,4.9807,3.1916,5.1972,2.9716,3.4081,3.392,58.4146,13.1478,8.2026,14.3958,0.3499,0.03,121.52,6.105,0.6342,3.3922,0.0192,0.1099,2.7664,0.2177,5.5085,124.1203,1.6082,3.4426,0.1475
4-Aug-23,4.553,5.7823,4.9812,3.1914,5.188,2.9859,3.4059,3.3907,58.3109,13.0974,8.1697,14.3646,0.348,0.03,121.3616,6.0847,0.634,3.3907,0.0192,0.1098,2.7673,0.2175,5.4983,123.9569,1.6082,3.4361,0.1471
7-Aug-23,4.56,5.8037,5.0046,3.2044,5.2073,2.9936,3.4069,3.3996,58.4095,13.1025,8.1298,14.3794,0.349,0.03,121.5546,6.0963,0.6344,3.3996,0.0192,0.1103,2.7782,0.2178,5.5115,124.1458,1.5875,3.4448,0.1473
8-Aug-23,4.5825,5.8441,5.0339,3.2024,5.2443,2.9908,3.414,3.4067,58.6857,13.1032,8.1481,14.4099,0.3481,0.0301,122.1544,6.1332,0.6357,3.4067,0.0193,0.1105,2.7795,0.2189,5.5341,124.7584,1.5928,3.4588,0.1483
9-Aug-23,4.57,5.8288,5.0197,3.1894,5.2241,2.9965,3.4059,3.4002,58.4556,13.0974,8.1302,14.4005,0.3485,0.0301,121.805,6.1066,0.6346,3.4002,0.0192,0.1102,2.7783,0.2183,5.5188,124.4215,1.5907,3.4493,0.1479
10-Aug-23,4.572,5.8325,5.0379,3.1793,5.2353,2.9956,3.4099,3.3966,58.4946,13.0442,8.1352,14.4032,0.3479,0.0301,121.8583,6.1149,0.6342,3.3966,0.0193,0.1103,2.7747,0.2184,5.5207,124.4793,1.5918,3.4504,0.148
11-Aug-23,4.583,5.8232,5.0408,3.1695,5.2282,2.9895,3.4084,3.3967,58.6421,13.07,8.1345,14.4009,0.3457,0.0301,122.1498,6.1385,0.6338,3.3967,0.0193,0.1105,2.7548,0.2189,5.534,124.7788,1.6086,3.4587,0.1483
14-Aug-23,4.6125,5.857,5.0491,3.1822,5.26,2.9926,3.4294,3.407,59.009,13.1588,8.1128,14.4432,0.3462,0.0301,122.9443,6.1646,0.6358,3.407,0.0194,0.111,2.7585,0.2203,5.5578,125.5768,1.6199,3.4744,0.1493
15-Aug-23,4.6375,5.8952,5.0676,3.184,5.2943,3.0032,3.4393,3.4175,59.2807,13.1077,8.161,14.5315,0.3466,0.0302,123.6403,6.1853,0.6365,3.4175,0.0193,0.1118,2.7672,0.2215,5.5613,126.2558,1.5915,3.4942,0.1501
16-Aug-23,4.6295,5.9065,5.0587,3.1812,5.2728,2.9964,3.4341,3.4117,59.135,13.1073,8.162,14.5112,0.3466,0.0303,123.4435,6.1681,0.6347,3.4117,0.0193,0.1116,2.7715,0.2211,5.5649,126.0517,1.5628,3.4882,0.1498
17-Aug-23,4.649,5.9103,5.0549,3.1785,5.2866,2.9735,3.4363,3.4142,59.3844,13.1032,8.1935,14.5368,0.3463,0.0304,123.9733,6.1913,0.6356,3.4142,0.0195,0.1121,2.7562,0.222,5.5928,126.5723,1.568,3.4954,0.1509
18-Aug-23,4.6475,5.9114,5.0509,3.1923,5.2789,2.9735,3.4317,3.4222,59.3425,13.1332,8.2681,14.5498,0.3467,0.0304,123.9367,6.1845,0.6372,3.4222,0.0195,0.112,2.7532,0.222,5.5914,126.5297,1.5648,3.4945,0.1504
21-Aug-23,4.652,5.918,5.0642,3.1934,5.2846,2.9768,3.4379,3.4263,59.3663,13.1944,8.2614,14.5507,0.3462,0.0304,124.0318,6.1866,0.6367,3.4263,0.0195,0.1122,2.751,0.2222,5.5971,126.6574,1.5657,3.4981,0.1506
22-Aug-23,4.648,5.9411,5.071,3.1918,5.2963,2.9924,3.4351,3.4309,59.3095,13.2611,8.2734,14.5475,0.3476,0.0303,123.9087,6.1878,0.6373,3.4309,0.0194,0.1118,2.7683,0.222,5.6009,126.5433,1.5519,3.5008,0.1504
23-Aug-23,4.6548,5.9018,5.036,3.2021,5.2871,2.9932,3.4352,3.4298,59.3676,13.2955,8.1979,14.5721,0.3476,0.0304,124.087,6.1957,0.6384,3.4298,0.0194,0.112,2.7677,0.2223,5.6197,126.7254,1.5522,3.5121,0.1506
24-Aug-23,4.645,5.8982,5.0454,3.1967,5.282,2.9997,3.4325,3.434,59.2369,13.2961,8.1879,14.6308,0.352,0.0305,123.8237,6.1648,0.6383,3.434,0.0194,0.1117,2.7642,0.2219,5.6303,126.4599,1.5465,3.518,0.1508
25-Aug-23,4.6435,5.8448,5.0087,3.1799,5.2433,2.9834,3.4194,3.425,59.2004,13.219,8.1983,14.6105,0.3506,0.0304,123.7788,6.1753,0.6371,3.425,0.0193,0.1115,2.7448,0.2218,5.6186,126.4191,1.5326,3.5112,0.1503
28-Aug-23,4.6545,5.853,5.0273,3.1762,5.2641,2.9835,3.4222,3.4286,59.3236,13.193,8.209,14.5895,0.3509,0.0304,124.0704,6.1758,0.6382,3.4286,0.0193,0.1118,2.7473,0.2223,5.6333,126.7255,1.5336,3.5205,0.1506
29-Aug-23,4.644,5.857,5.0202,3.1696,5.2492,2.9896,3.4114,3.4279,59.1868,13.2091,8.1804,14.5626,0.3511,0.0304,123.802,6.1593,0.6366,3.4279,0.0192,0.1115,2.7486,0.2218,5.6157,126.4327,1.5283,3.5093,0.1503
30-Aug-23,4.6455,5.8712,5.0487,3.1723,5.282,3.0008,3.4249,3.4316,59.1991,13.2313,8.1845,14.5789,0.3507,0.0305,123.8387,6.1598,0.637,3.4316,0.0192,0.1114,2.7615,0.2219,5.616,126.4804,1.525,3.5097,0.1501
1-Sep-23,4.6445,5.8871,5.0384,3.1929,5.2617,3.0055,3.4377,3.439,59.2048,13.2539,8.2145,14.5778,0.3522,0.0305,123.8319,6.1769,0.6397,3.439,0.0193,0.1113,2.7679,0.2218,5.6114,126.4463,1.5166,3.5083,0.1503
4-Sep-23,4.655,5.8802,5.0265,3.1789,5.2646,3.0088,3.4237,3.4381,59.4163,13.2132,8.2193,14.5845,0.3527,0.0305,124.0986,6.1912,0.6401,3.4381,0.0193,0.1112,2.7669,0.2223,5.6293,126.7322,1.5194,3.5179,0.1506
5-Sep-23,4.6625,5.8444,5.012,3.1714,5.2512,2.9728,3.4128,3.4262,59.4798,13.1468,8.187,14.6,0.3496,0.0305,124.2969,6.2012,0.6385,3.4262,0.0194,0.1118,2.7397,0.2227,5.6178,126.9381,1.5156,3.5103,0.1508
6-Sep-23,4.6725,5.8687,5.0155,3.1701,5.2509,2.9857,3.4223,3.4307,59.5773,13.1601,8.1959,14.6327,0.3506,0.0306,124.5618,6.181,0.6395,3.4307,0.0194,0.1121,2.7521,0.2232,5.6212,127.2104,1.5185,3.5129,0.1512
7-Sep-23,4.6785,5.8376,5.0109,3.1726,5.2444,2.9875,3.4287,3.4277,59.6862,13.1345,8.2382,14.6048,0.3501,0.0305,124.7334,6.1889,0.6386,3.4277,0.0194,0.1124,2.7547,0.2235,5.6234,127.3789,1.5265,3.5146,0.1514
8-Sep-23,4.676,5.8382,5.0087,3.172,5.2492,2.9896,3.421,3.429,59.6577,13.1755,8.2542,14.5952,0.3507,0.0305,124.6634,6.1728,0.6373,3.4292,0.0194,0.1125,2.7609,0.2233,5.6353,127.3109,1.526,3.5221,0.1513
11-Sep-23,4.673,5.8506,5.0132,3.1931,5.2417,3.0075,3.4355,3.4358,59.6244,13.1745,8.2387,14.6095,0.3516,0.0305,124.5868,6.1677,0.6404,3.4358,0.0194,0.1127,2.7678,0.2232,5.6365,127.2222,1.5706,3.5219,0.1517
12-Sep-23,4.6775,5.8314,5.0119,3.1865,5.2456,3.0067,3.4436,3.4348,59.7321,13.1427,8.2568,14.5989,0.3524,0.0305,124.7034,6.1851,0.6419,3.4349,0.0194,0.1131,2.7621,0.2234,5.6427,127.3448,1.5613,3.5262,0.1514
13-Sep-23,4.681,5.8412,5.0253,3.1788,5.2413,3.0019,3.4522,3.4377,59.8146,13.0992,8.2499,14.6316,0.352,0.0305,124.7901,6.1858,0.6426,3.4377,0.0194,0.1135,2.7655,0.2236,5.6435,127.4418,1.5656,3.5262,0.1515
14-Sep-23,4.6815,5.8458,5.0254,3.1783,5.2401,3.0121,3.4597,3.4404,59.824,13.0896,8.2479,14.6756,0.3531,0.0305,124.81,6.192,0.6436,3.4404,0.0193,0.1138,2.7731,0.2236,5.641,127.4571,1.569,3.5256,0.1513
15-Sep-23,4.684,5.8269,4.9955,3.1695,5.2306,3.0212,3.4673,3.4382,59.8483,13.082,8.2363,14.6829,0.3525,0.0305,124.8767,6.1943,0.6439,3.4383,0.0193,0.1136,2.7697,0.2237,5.6413,127.5252,1.5776,3.5256,0.1513
18-Sep-23,4.6905,5.8075,5.002,3.1771,5.2332,3.0197,3.4715,3.4382,59.9712,13.1359,8.2536,14.6656,0.3538,0.0305,125.045,6.1855,0.6433,3.4382,0.0192,0.1136,2.7714,0.224,5.6371,127.7039,1.6037,3.5226,0.1518
19-Sep-23,4.6965,5.8124,5.0192,3.1795,5.2399,3.0297,3.4913,3.4431,60.0825,13.0531,8.278,14.6642,0.3538,0.0305,125.2066,6.1944,0.6438,3.4431,0.0192,0.1135,2.7869,0.2243,5.6393,127.869,1.5934,3.5251,0.152
20-Sep-23,4.6855,5.7955,5.0116,3.1638,5.2218,3.0299,3.4844,3.4355,59.8989,12.9756,8.2622,14.6353,0.3527,0.0305,124.9067,6.185,0.642,3.4355,0.0193,0.1134,2.7853,0.2238,5.6326,127.5695,1.6158,3.5211,0.1516
21-Sep-23,4.689,5.7691,4.9959,3.1642,5.1687,3.004,3.4746,3.4285,59.9601,12.9979,8.2509,14.5975,0.35,0.0305,125.0067,6.1878,0.6419,3.4285,0.0193,0.1137,2.7726,0.224,5.6405,127.6648,1.601,3.5248,0.1517
22-Sep-23,4.6875,5.7438,4.9908,3.161,5.1727,3.0178,3.4816,3.4332,59.9348,13.01,8.2526,14.5801,0.3511,0.0305,124.96,6.1717,0.642,3.4332,0.0192,0.1136,2.7912,0.2239,5.6557,127.624,1.6263,3.534,0.1517
25-Sep-23,4.6845,5.7247,4.9775,3.1532,5.1489,3.0049,3.4741,3.4268,59.9405,12.9819,8.251,14.5628,0.3497,0.0304,124.8834,6.1645,0.6406,3.4268,0.0192,0.1135,2.7868,0.2237,5.6362,127.5388,1.6309,3.5224,0.1516
26-Sep-23,4.69,5.7148,4.9698,3.1494,5.1397,3.0049,3.4767,3.4299,59.9725,12.9333,8.2338,14.5616,0.3471,0.0303,125.0217,6.1704,0.6418,3.4299,0.0192,0.1136,2.7952,0.224,5.6374,127.6851,1.6184,3.5234,0.1518
27-Sep-23,4.7045,5.7162,4.968,3.156,5.1326,3.0019,3.4797,3.4343,60.1583,12.8749,8.2593,14.5962,0.348,0.0303,125.4132,6.1787,0.6435,3.4343,0.0193,0.114,2.7954,0.2247,5.6533,128.0798,1.6522,3.5328,0.1523
29-Sep-23,4.692,5.7411,4.9775,3.1476,5.1569,3.0414,3.4882,3.4439,59.9287,12.8583,8.2927,14.5946,0.3489,0.0304,125.1067,6.1527,0.6426,3.4439,0.0193,0.1135,2.8288,0.2241,5.6477,127.7395,1.6249,3.5298,0.1518
2-Oct-23,4.712,5.7428,4.9771,3.1469,5.1692,3.0183,3.466,3.4408,60.1607,12.7731,8.2976,14.6136,0.3481,0.0303,125.6366,6.1962,0.6453,3.4408,0.0194,0.1137,2.818,0.2251,5.6653,128.2875,1.6421,3.5463,0.1522
3-Oct-23,4.7195,5.7047,4.9484,3.15,5.131,2.9837,3.4454,3.4377,60.2646,12.7597,8.3104,14.597,0.3474,0.0303,125.8298,6.1861,0.6464,3.4377,0.0194,0.114,2.7902,0.2254,5.6744,128.4917,1.6737,3.546,0.1526
4-Oct-23,4.7315,5.7317,4.9617,3.1757,5.1505,2.9922,3.4543,3.4487,60.4244,12.7551,8.3477,14.6373,0.3488,0.0303,126.1464,6.1845,0.648,3.4487,0.0194,0.1143,2.7923,0.226,5.6851,128.8184,1.6839,3.5528,0.153
5-Oct-23,4.73,5.7337,4.9684,3.1742,5.1531,2.9953,3.4315,3.4471,60.4164,12.7769,8.3451,14.6481,0.3499,0.0303,126.1132,6.1929,0.6478,3.4471,0.0194,0.1144,2.8016,0.2259,5.6814,128.7741,1.6903,3.5508,0.1536
6-Oct-23,4.7165,5.7537,4.9752,3.1675,5.1665,3.0016,3.4398,3.4494,60.2274,12.7507,8.3294,14.6845,0.3498,0.0302,125.7532,6.1791,0.646,3.4494,0.0193,0.1139,2.8124,0.2253,5.6671,128.4083,1.691,3.5416,0.1531
9-Oct-23,4.7338,5.7648,4.9903,3.1739,5.1985,3.0107,3.4652,3.4564,60.4492,12.756,8.318,14.6974,0.3503,0.0302,126.2064,6.2112,0.6493,3.4564,0.0194,0.1144,2.8275,0.2261,5.6868,128.8779,1.6816,3.5536,0.1532
10-Oct-23,4.7285,5.8023,5.0141,3.177,5.2295,3.0359,3.4807,3.4647,60.4718,12.8335,8.3204,14.7204,0.3513,0.0301,126.0631,6.2044,0.6485,3.4647,0.0194,0.1142,2.8468,0.2258,5.6815,128.7332,1.7087,3.5503,0.153
11-Oct-23,4.723,5.7998,5.0106,3.1764,5.2315,3.0333,3.4739,3.4648,60.3984,12.9682,8.3188,14.7097,0.3525,0.0301,125.9165,6.2065,0.6468,3.4648,0.0193,0.114,2.844,0.2256,5.6797,128.5852,1.6913,3.5489,0.1528
12-Oct-23,4.717,5.8,5.0128,3.164,5.2411,3.0255,3.4704,3.4627,60.3031,13.0221,8.3251,14.6965,0.3528,0.0301,125.7548,6.2023,0.6463,3.4628,0.0193,0.1138,2.8316,0.2253,5.6716,128.4201,1.6937,3.5437,0.1524
13-Oct-23,4.729,5.776,4.991,3.1589,5.2162,2.9899,3.4597,3.4559,60.4527,13.0078,8.3272,14.6722,0.3503,0.0302,126.0714,6.2203,0.6473,3.4559,0.0193,0.1142,2.7974,0.2259,5.6815,128.7486,1.7045,3.55,0.153
16-Oct-23,4.736,5.7592,4.9922,3.168,5.2459,2.9967,3.4707,3.4583,60.5677,13.0146,8.3395,14.6684,0.3496,0.0301,126.2546,6.2038,0.6477,3.4583,0.0194,0.1143,2.8032,0.2262,5.6873,128.9374,1.7113,3.5546,0.1533
17-Oct-23,4.736,5.7568,4.9903,3.1642,5.2476,3.0045,3.4714,3.4548,60.5445,13.0146,8.3461,14.6503,0.3497,0.0301,126.2597,6.2057,0.6475,3.4548,0.0193,0.1144,2.7867,0.2262,5.6896,128.9374,1.7128,3.555,0.1533
18-Oct-23,4.743,5.7862,5.0193,3.1668,5.2753,3.027,3.4791,3.4653,60.5979,13.0704,8.3636,14.6806,0.3513,0.0302,126.4429,6.2185,0.6486,3.4653,0.0193,0.1146,2.7996,0.2265,5.6972,129.128,1.6955,3.5601,0.1535
19-Oct-23,4.766,5.7702,5.0215,3.1808,5.2985,3.0052,3.4695,3.4677,60.8988,13.0674,8.3805,14.7174,0.3506,0.0301,127.0595,6.2489,0.6513,3.4677,0.0194,0.115,2.7741,0.2276,5.724,129.7577,1.7245,3.5767,0.1541
20-Oct-23,4.767,5.7798,5.0473,3.1792,5.3472,3.0094,3.4815,3.4736,60.9505,13.0603,8.3985,14.7334,0.3527,0.03,127.081,6.246,0.6515,3.4736,0.0194,0.115,2.7806,0.2277,5.735,129.7832,1.7304,3.5841,0.1543
23-Oct-23,4.788,5.8232,5.0762,3.1934,5.365,3.0193,3.4918,3.4887,61.1858,13.1124,8.4281,14.7942,0.3542,0.03,127.6392,6.2793,0.6544,3.4887,0.0195,0.1154,2.7847,0.2287,5.7565,130.3602,1.7177,3.5977,0.155
24-Oct-23,4.785,5.8683,5.0958,3.2003,5.3668,3.0459,3.4953,3.5033,61.1748,13.231,8.4243,14.8147,0.3565,0.0302,127.5558,6.2806,0.6546,3.5033,0.0195,0.1153,2.8031,0.2285,5.7638,130.275,1.7114,3.5946,0.1549
25-Oct-23,4.779,5.8015,5.0586,3.1878,5.3388,3.0359,3.4729,3.4915,61.0938,13.2282,8.4093,14.7532,0.354,0.0301,127.3958,6.2795,0.6532,3.4915,0.0195,0.1151,2.7909,0.2283,5.747,130.1099,1.7263,3.5913,0.1547
26-Oct-23,4.787,5.7825,5.0481,3.1827,5.3213,3.0206,3.4698,3.49,61.2074,13.2046,8.3997,14.741,0.3526,0.0301,127.5955,6.2769,0.654,3.49,0.0195,0.1153,2.7784,0.2286,5.7526,130.3294,1.7078,3.5953,0.1548
27-Oct-23,4.778,5.7948,5.0465,3.1837,5.3059,3.034,3.4618,3.4887,61.1017,13.1789,8.3854,14.7383,0.3526,0.03,127.3607,6.2552,0.6529,3.4887,0.0194,0.1152,2.7837,0.2282,5.7414,130.0844,1.7219,3.5878,0.1546
30-Oct-23,4.7655,5.7686,5.0324,3.1858,5.28,3.0294,3.4377,3.4844,60.9282,13.221,8.3767,14.702,0.3528,0.03,127.0241,6.2442,0.6512,3.4844,0.0194,0.1149,2.7754,0.2276,5.7231,129.7441,1.7189,3.577,0.1542
31-Oct-23,4.764,5.7987,5.0718,3.1674,5.2863,3.0363,3.4469,3.4899,60.8915,13.2554,8.3932,14.6937,0.3531,0.03,126.9841,6.2489,0.6511,3.4899,0.0194,0.1149,2.7881,0.2275,5.722,129.7015,1.6946,3.5763,0.1539
1-Nov-23,4.771,5.7944,5.0375,3.1549,5.2434,3.0258,3.4361,3.4821,60.9818,13.1677,8.3982,14.689,0.3512,0.0299,127.1758,6.2698,0.6518,3.4821,0.0194,0.1151,2.7762,0.2279,5.7295,129.8938,1.7117,3.5804,0.1544
2-Nov-23,4.753,5.7816,5.0382,3.1601,5.2511,3.0562,3.4361,3.4794,60.7501,13.2009,8.3643,14.7033,0.355,0.03,126.7044,6.2222,0.6494,3.4794,0.0193,0.1147,2.7981,0.227,5.7101,129.4055,1.6795,3.5681,0.1536
3-Nov-23,4.7335,5.772,5.0303,3.1472,5.2194,3.047,3.444,3.4743,60.487,13.2378,8.4376,14.6557,0.3584,0.0301,126.1812,6.2192,0.647,3.4743,0.0193,0.1144,2.7963,0.2261,5.6838,128.8729,1.6864,3.5523,0.1532
6-Nov-23,4.6375,5.7561,4.9853,3.1021,5.1758,3.0216,3.4007,3.4361,59.2932,13.0975,8.3109,14.4533,0.3585,0.0298,123.6156,6.0967,0.6376,3.4361,0.019,0.1124,2.7802,0.2215,5.574,126.2592,1.6251,3.4829,0.1501
7-Nov-23,4.6715,5.7579,5.0004,3.1074,5.1958,3.0056,3.4023,3.4505,59.7466,13.1296,8.3219,14.5087,0.3568,0.0299,124.5268,6.1728,0.6414,3.4505,0.0192,0.1128,2.7683,0.2231,5.6102,127.1866,1.6528,3.5063,0.1511
8-Nov-23,4.6825,5.7407,4.9976,3.1071,5.1918,3.0137,3.3998,3.4546,59.9095,13.1679,8.3601,14.518,0.3577,0.0299,124.8234,6.1658,0.6433,3.4546,0.0192,0.1131,2.7788,0.2236,5.6238,127.4861,1.6301,3.5142,0.1515
9-Nov-23,4.692,5.7686,5.0214,3.107,5.2142,3.0069,3.4017,3.4598,60.0826,13.2095,8.4041,14.543,0.3575,0.03,125.09,6.1773,0.6441,3.4597,0.0193,0.1134,2.7819,0.2241,5.6337,127.7447,1.6349,3.5211,0.1518
10-Nov-23,4.7065,5.7513,5.0228,3.1086,5.2126,2.9929,3.4095,3.4596,60.2683,13.1247,8.424,14.5334,0.3564,0.03,125.4849,6.1961,0.6454,3.4596,0.0193,0.1138,2.7712,0.2248,5.6437,128.1378,1.6626,3.5272,0.1523
14-Nov-23,4.7225,5.8002,5.0521,3.1125,5.2362,3.0052,3.4158,3.4675,60.4948,13.0872,8.43,14.5864,0.3553,0.0301,125.9098,6.2148,0.6476,3.4675,0.0194,0.1144,2.7709,0.2256,5.6779,128.5751,1.6412,3.5417,0.1528
15-Nov-23,4.6665,5.8168,5.0725,3.1008,5.2557,3.0384,3.4094,3.4609,59.7836,13.158,8.3764,14.5931,0.3585,0.03,124.4267,6.148,0.6441,3.4609,0.0192,0.1131,2.8181,0.2229,5.6099,127.0522,1.6203,3.5064,0.151
16-Nov-23,4.692,5.8169,5.0934,3.1008,5.2817,3.0484,3.4277,3.4796,60.1142,13.2318,8.4222,14.6997,0.3638,0.0302,125.11,6.2232,0.6474,3.4796,0.0193,0.1136,2.814,0.2241,5.6378,127.7482,1.6334,3.5233,0.1518
17-Nov-23,4.6805,5.7954,5.0774,3.1248,5.2726,3.0323,3.4052,3.4764,60.0183,13.3262,8.4106,14.7135,0.3614,0.0302,124.8034,6.1997,0.6465,3.4764,0.0193,0.1133,2.7929,0.2235,5.6203,127.4334,1.6337,3.5132,0.1514
20-Nov-23,4.6725,5.8322,5.1019,3.1426,5.2838,3.0596,3.4061,3.4829,59.9492,13.3101,8.425,14.757,0.3607,0.0303,124.5834,6.2002,0.6507,3.4829,0.0193,0.1133,2.8171,0.2232,5.6069,127.219,1.6541,3.5043,0.1512
21-Nov-23,4.651,5.8277,5.0908,3.1542,5.2613,3.0576,3.389,3.4804,59.663,13.2356,8.4044,14.8433,0.3606,0.0301,124.0068,6.1918,0.652,3.4802,0.0193,0.1129,2.8255,0.2221,5.5808,126.6319,1.6291,3.4877,0.1505
22-Nov-23,4.6815,5.8582,5.0958,3.1351,5.2862,3.0612,3.4111,3.4894,60.045,13.2809,8.423,14.8107,0.3589,0.0301,124.82,6.2422,0.6548,3.4894,0.0193,0.1135,2.8176,0.2236,5.6181,127.4675,1.6426,3.5113,0.1513
23-Nov-23,4.678,5.8562,5.1074,3.1369,5.2999,3.0718,3.4231,3.4917,59.9963,13.2615,8.4471,14.8456,0.3606,0.0301,124.7234,6.226,0.6554,3.4912,0.0193,0.1134,2.8328,0.2234,5.6132,127.3757,1.6431,3.5082,0.1512
24-Nov-23,4.6845,5.8837,5.115,3.1325,5.3019,3.0765,3.4227,3.4936,60.1105,13.1976,8.4558,14.8122,0.3585,0.0301,124.9,6.2347,0.655,3.4936,0.0193,0.1135,2.8388,0.2237,5.619,127.551,1.6634,3.5118,0.1516
27-Nov-23,4.678,5.898,5.1191,3.1378,5.3132,3.087,3.4296,3.4965,60.0467,13.3144,8.4334,14.8165,0.359,0.0302,124.7267,6.226,0.6539,3.4965,0.0193,0.1134,2.8484,0.2234,5.6096,127.3757,1.6575,3.5069,0.1514
28-Nov-23,4.6715,5.8987,5.1144,3.1417,5.3025,3.0858,3.4339,3.4952,59.9283,13.3758,8.4354,14.8438,0.3607,0.0303,124.5501,6.23,0.6531,3.4952,0.0193,0.1132,2.8431,0.2231,5.6058,127.2022,1.6363,3.5031,0.1512
29-Nov-23,4.6575,5.9136,5.1179,3.1625,5.3156,3.0923,3.4326,3.4994,59.7119,13.3855,8.407,14.9288,0.3611,0.0303,124.1719,6.2107,0.6537,3.4994,0.0192,0.1128,2.8732,0.2225,5.5917,126.8244,1.6321,3.4943,0.1507
30-Nov-23,4.6615,5.9038,5.0922,3.1675,5.3299,3.0864,3.4261,3.4914,59.6951,13.275,8.4014,14.8896,0.3592,0.0301,124.2553,6.2302,0.6535,3.4914,0.0192,0.1129,2.8724,0.2226,5.5903,126.9299,1.6356,3.494,0.1506
1-Dec-23,4.6815,5.9251,5.0993,3.1661,5.3576,3.1001,3.4611,3.5016,59.9244,13.3061,8.4549,14.8945,0.3591,0.0302,124.7768,6.2418,0.6557,3.5016,0.0193,0.1134,2.8892,0.2236,5.6182,127.4745,1.6441,3.511,0.1515
4-Dec-23,4.6605,5.9051,5.0627,3.1748,5.3345,3.0974,3.4424,3.4898,59.6349,13.3374,8.4239,14.844,0.3571,0.0302,124.2402,6.209,0.653,3.4898,0.0192,0.1129,2.8811,0.2226,5.5917,126.9078,1.6586,3.4948,0.1508
5-Dec-23,4.6635,5.8893,5.0524,3.1717,5.3416,3.0672,3.4402,3.484,59.6638,13.2223,8.4312,14.7973,0.3551,0.0301,124.3335,6.2148,0.6528,3.484,0.0192,0.1131,2.8716,0.2227,5.5928,126.9878,1.6406,3.4952,0.1507
6-Dec-23,4.6685,5.8797,5.0359,3.1714,5.3336,3.0705,3.438,3.481,59.7794,13.3006,8.4406,14.8303,0.3549,0.0301,124.4701,6.2081,0.6522,3.481,0.0192,0.1131,2.8725,0.223,5.602,127.1291,1.6421,3.5013,0.1508
7-Dec-23,4.674,5.8752,5.0386,3.2145,5.3491,3.0647,3.4374,3.4879,59.8329,13.2784,8.4513,14.8494,0.3538,0.0301,124.6167,6.2046,0.6535,3.4879,0.0192,0.1132,2.8666,0.2232,5.6084,127.2841,1.6458,3.5052,0.1513
8-Dec-23,4.6645,5.8626,5.0328,3.2393,5.3348,3.0814,3.4343,3.4859,59.7243,13.1812,8.4121,14.8504,0.3562,0.0301,124.3635,6.1977,0.6513,3.4859,0.0192,0.113,2.8691,0.2228,5.5941,127.022,1.6439,3.4965,0.151
11-Dec-23,4.6825,5.877,5.0407,3.202,5.3283,3.0689,3.4442,3.4844,59.9748,13.2452,8.4127,14.8849,0.3552,0.03,124.8434,6.2248,0.6523,3.4844,0.0193,0.1135,2.8605,0.2236,5.6149,127.5121,1.6496,3.5096,0.1515
12-Dec-23,4.6845,5.8786,5.0522,3.2179,5.3403,3.084,3.4526,3.4895,59.9988,13.1449,8.4238,14.8785,0.357,0.03,124.89,6.2182,0.6527,3.4895,0.0193,0.1137,2.8777,0.2237,5.6175,127.5562,1.6515,3.511,0.1515
13-Dec-23,4.7065,5.8977,5.0781,3.2268,5.3718,3.0853,3.4599,3.5024,60.2417,13.1411,8.3925,14.9394,0.3566,0.0301,125.4749,6.2555,0.6552,3.5024,0.0194,0.1142,2.8658,0.2248,5.643,128.1622,1.6601,3.5268,0.1523
14-Dec-23,4.6725,5.9063,5.0942,3.2936,5.3753,3.1278,3.4702,3.5104,59.8398,13.331,8.3842,14.93,0.3599,0.0302,124.5552,6.204,0.6548,3.5101,0.0193,0.1134,2.8941,0.2232,5.6055,127.2225,1.6487,3.5034,0.1512
15-Dec-23,4.6705,5.954,5.1175,3.2957,5.3888,3.1367,3.4914,3.515,59.8333,13.4326,8.3904,14.9375,0.3604,0.0301,124.4902,6.2517,0.6575,3.515,0.0193,0.1133,2.9046,0.2231,5.623,127.1715,1.6504,3.5142,0.151
18-Dec-23,4.6945,5.9554,5.1255,3.297,5.4022,3.1578,3.5115,3.5273,60.1909,13.409,8.4071,14.9888,0.3612,0.0303,125.1333,6.2943,0.6582,3.5273,0.0193,0.1139,2.9308,0.2242,5.6571,127.8232,1.6782,3.5359,0.1519
19-Dec-23,4.6815,5.9354,5.1218,3.2372,5.4006,3.1488,3.4963,3.5137,60.0173,13.3815,8.3613,14.9285,0.3578,0.0302,124.7967,6.2573,0.6553,3.5137,0.0192,0.1136,2.9189,0.2236,5.6284,127.4693,1.6765,3.5174,0.1513
20-Dec-23,4.6575,5.9201,5.1042,3.2415,5.4082,3.1513,3.4893,3.5041,59.6832,13.3434,8.3494,14.8771,0.3584,0.03,124.1603,6.2248,0.6528,3.5041,0.0191,0.1131,2.9223,0.2225,5.602,126.8106,1.6487,3.5012,0.1512
21-Dec-23,4.6555,5.8757,5.0929,3.2487,5.3955,3.1387,3.4891,3.5001,59.6236,13.3453,8.3853,14.8833,0.3565,0.03,124.1037,6.2241,0.6514,3.5001,0.0191,0.113,2.9083,0.2224,5.5912,126.7613,1.6486,3.4943,0.1504
22-Dec-23,4.631,5.8823,5.0973,3.2563,5.4094,3.1445,3.4879,3.4962,59.2658,13.3747,8.3592,14.8466,0.3559,0.0299,123.4538,6.2003,0.649,3.4962,0.0191,0.1126,2.9087,0.2212,5.5676,126.1028,1.6562,3.4797,0.1499
26-Dec-23,4.632,5.878,5.1021,3.2533,5.4014,3.1498,3.4941,3.4985,59.2907,13.3854,8.361,14.97,0.3574,0.0299,123.4821,6.2165,0.6482,3.4985,0.019,0.1127,2.92,0.2212,5.5676,126.1232,1.6426,3.4798,0.1499
27-Dec-23,4.633,5.8841,5.1181,3.2482,5.4263,3.1625,3.5079,3.5039,59.3164,13.4719,8.3208,15.0064,0.3576,0.03,123.5368,6.216,0.6483,3.5039,0.0191,0.1128,2.9267,0.2213,5.559,126.1556,1.6444,3.4744,0.1499
28-Dec-23,4.609,5.9018,5.1259,3.2717,5.4954,3.1516,3.4913,3.5,58.9952,13.4983,8.306,15.0427,0.3581,0.0299,122.8968,6.1838,0.6482,3.5,0.019,0.1123,2.9203,0.2201,5.5382,125.4918,1.6388,3.4619,0.1492
29-Dec-23,4.59,5.8474,5.0768,3.2435,5.4545,3.1311,3.4673,3.4787,58.7599,13.4309,8.2882,14.9302,0.3531,0.0298,122.4,6.1583,0.6458,3.4787,0.0189,0.112,2.9073,0.2192,5.5185,124.9728,1.646,3.4491,0.1484
2-Jan-24,4.5998,5.8642,5.0731,3.2494,5.4416,3.1393,3.4736,3.4795,58.8625,13.4614,8.264,14.9101,0.3537,0.0297,122.6567,6.1713,0.6447,3.4795,0.0189,0.1124,2.9001,0.2197,5.5198,125.24,1.6329,3.4498,0.1489
3-Jan-24,4.6355,5.8602,5.0773,3.2513,5.449,3.1317,3.4785,3.4936,59.3488,13.5126,8.3387,14.9774,0.3544,0.0299,123.6035,6.2079,0.6489,3.4936,0.019,0.1132,2.9023,0.2214,5.5668,126.2133,1.6454,3.4795,0.15
4-Jan-24,4.6375,5.8908,5.0795,3.2296,5.4559,3.1303,3.4804,3.4933,59.3973,13.4459,8.3498,14.9568,0.3547,0.0299,123.6535,6.1963,0.6485,3.4933,0.019,0.1132,2.9082,0.2215,5.5722,126.2678,1.646,3.4827,0.1501
5-Jan-24,4.6505,5.8887,5.0725,3.2054,5.4571,3.1121,3.4801,3.492,59.5344,13.4252,8.3665,15.005,0.3529,0.03,124.0018,6.2166,0.6498,3.492,0.0191,0.1133,2.8938,0.2221,5.5919,126.62,1.6728,3.495,0.151
8-Jan-24,4.651,5.9026,5.0854,3.2181,5.4679,3.1129,3.4756,3.4924,59.5721,13.2658,8.3501,15.0025,0.3525,0.03,124.0167,6.2069,0.6495,3.4924,0.0191,0.1132,2.8973,0.2221,5.5958,126.6354,1.6493,3.4978,0.1505
9-Jan-24,4.6453,5.9167,5.0865,3.2251,5.4689,3.1146,3.4765,3.4949,59.4451,13.2786,8.2892,14.9557,0.3528,0.0299,123.8667,6.2063,0.6489,3.4948,0.0191,0.113,2.9033,0.2219,5.59,126.4788,1.6519,3.494,0.1503
10-Jan-24,4.6465,5.908,5.0842,3.2046,5.4504,3.115,3.4736,3.4888,59.4201,13.2814,8.2575,14.9132,0.3524,0.0298,123.8968,6.2081,0.6478,3.4888,0.019,0.1132,2.9027,0.2219,5.595,126.5128,1.6536,3.497,0.1504
11-Jan-24,4.642,5.9239,5.0939,3.1907,5.4573,3.1159,3.4722,3.4917,59.3785,13.278,8.2741,14.9501,0.353,0.0299,123.7801,6.202,0.6481,3.4917,0.019,0.1132,2.9006,0.2217,5.5908,126.3903,1.6511,3.4942,0.1502
12-Jan-24,4.6465,5.9324,5.0995,3.2044,5.4552,3.1169,3.4795,3.4935,59.4125,13.2606,8.307,14.9357,0.3539,0.0299,123.8935,6.2155,0.6487,3.4935,0.019,0.1134,2.9041,0.2219,5.6039,126.5146,1.658,3.5023,0.1504
15-Jan-24,4.6675,5.9459,5.1146,3.2091,5.4738,3.1123,3.4818,3.5015,59.6707,13.395,8.3647,14.9398,0.3534,0.03,124.4567,6.236,0.6507,3.5015,0.0191,0.114,2.8943,0.2229,5.6327,127.0846,1.6655,3.5204,0.1511
16-Jan-24,4.688,5.9364,5.1123,3.2014,5.4474,3.0992,3.4762,3.5014,59.9412,13.3295,8.3819,14.8944,0.3513,0.0301,125.0033,6.2634,0.652,3.5014,0.0191,0.1145,2.8883,0.2239,5.6486,127.641,1.6728,3.5304,0.1517
17-Jan-24,4.7175,5.9686,5.126,3.19,5.4677,3.0852,3.4875,3.5068,60.3053,13.2897,8.4369,14.9279,0.3505,0.0302,125.7832,6.2822,0.6555,3.5068,0.0192,0.1152,2.8829,0.2253,5.6732,128.4408,1.6848,3.5465,0.1532
18-Jan-24,4.7175,5.9851,5.1322,3.1895,5.4456,3.0928,3.4944,3.5104,60.3211,13.2533,8.4482,14.9468,0.3524,0.0302,125.7799,6.278,0.6556,3.5106,0.0192,0.1152,2.8862,0.2253,5.6715,128.4407,1.7078,3.5449,0.1527
19-Jan-24,4.7195,5.9843,5.1334,3.187,5.436,3.1083,3.5015,3.519,60.3559,13.2701,8.4292,15.0341,0.3535,0.0302,125.8332,6.2824,0.6561,3.519,0.0192,0.1154,2.8822,0.2254,5.678,128.4952,1.687,3.5484,0.1527
22-Jan-24,4.7285,6.0024,5.1503,3.1897,5.4429,3.1137,3.5202,3.5245,60.4834,13.2618,8.404,15.0695,0.3529,0.0302,126.0732,6.2946,0.6571,3.5245,0.0193,0.1157,2.886,0.2258,5.6859,128.7402,1.6903,3.5577,0.153
23-Jan-24,4.7275,6.0186,5.1506,3.2082,5.4489,3.1164,3.5078,3.5296,60.4319,13.259,8.4149,15.0735,0.3538,0.0302,126.0499,6.2947,0.6593,3.5296,0.0192,0.1156,2.8802,0.2258,5.6864,128.713,1.6899,3.5538,0.1527
24-Jan-24,4.7355,6.0188,5.148,3.2091,5.4632,3.1221,3.5207,3.5359,60.5543,13.2629,8.4112,15.0976,0.3543,0.0301,126.2733,6.3038,0.6606,3.5358,0.0192,0.1158,2.9014,0.2262,5.6952,128.9291,1.691,3.5593,0.1533
26-Jan-24,4.7275,6.0063,5.1251,3.1983,5.4609,3.114,3.511,3.5257,60.5008,13.2609,8.3985,15.1111,0.3537,0.0299,126.0633,6.3008,0.6585,3.5257,0.0192,0.1155,2.8833,0.2258,5.6868,128.713,1.6911,3.5548,0.153
29-Jan-24,4.7345,6.014,5.1296,3.2015,5.4982,3.1238,3.523,3.5322,60.5938,13.3197,8.396,15.1659,0.3542,0.0299,126.25,6.3049,0.6595,3.532,0.0193,0.1157,2.8954,0.2261,5.6948,128.9036,1.6939,3.5588,0.1532
30-Jan-24,4.7275,5.9987,5.1161,3.2066,5.4815,3.1211,3.5264,3.5286,60.4861,13.381,8.3851,15.1941,0.3554,0.03,126.0599,6.2837,0.6587,3.5286,0.0194,0.1155,2.8994,0.2258,5.6871,128.713,1.6914,3.5548,0.1528
31-Jan-24,4.7295,6.0027,5.1173,3.2072,5.4828,3.1163,3.5265,3.5308,60.4853,13.3432,8.402,15.1199,0.3546,0.03,126.1133,6.2908,0.659,3.5308,0.0194,0.1155,2.8982,0.2259,5.6971,128.7657,1.7137,3.5604,0.1531
2-Feb-24,4.7225,6.0179,5.1376,3.2184,5.5115,3.1131,3.5293,3.5352,60.3943,13.3858,8.4436,15.128,0.3565,0.0302,125.9367,6.2757,0.6578,3.5352,0.0194,0.1152,2.902,0.2256,5.6977,128.5734,1.7059,3.5611,0.1528
5-Feb-24,4.7545,5.999,5.1192,3.2018,5.47,3.0933,3.5272,3.5346,60.7817,13.2696,8.4389,15.1427,0.3564,0.0303,126.7833,6.3369,0.6605,3.5346,0.0195,0.1161,2.8848,0.2271,5.7239,129.4411,1.7165,3.5775,0.1539
6-Feb-24,4.7655,5.9819,5.121,3.2057,5.4691,3.0964,3.5217,3.5406,60.9177,13.359,8.4795,15.1913,0.3587,0.0303,127.0732,6.313,0.6623,3.5406,0.0196,0.1164,2.8855,0.2276,5.7378,129.7441,1.7056,3.5866,0.154
7-Feb-24,4.7595,6.0079,5.1227,3.2143,5.4632,3.1053,3.5318,3.543,60.8604,13.3544,8.4976,15.1758,0.3583,0.0304,126.9098,6.3025,0.6617,3.543,0.0195,0.1163,2.9038,0.2273,5.7356,129.5825,1.705,3.5848,0.154
8-Feb-24,4.7695,6.0205,5.1401,3.2063,5.4621,3.1052,3.5421,3.5448,60.9899,13.3078,8.5307,15.1861,0.3587,0.0305,127.1884,6.3256,0.6628,3.5448,0.0195,0.1165,2.9118,0.2278,5.7478,129.8565,1.7072,3.5928,0.1544
9-Feb-24,4.7655,6.0129,5.1341,3.1897,5.4432,3.1004,3.5402,3.5385,60.9302,13.2818,8.525,15.1869,0.3582,0.0305,127.0732,6.3137,0.6625,3.5385,0.0195,0.1165,2.9255,0.2276,5.7402,129.7512,1.7221,3.5875,0.1542
13-Feb-24,4.766,6.0252,5.132,3.1855,5.4104,3.105,3.5417,3.5423,60.9615,13.3453,8.5168,15.1581,0.3579,0.0306,127.0883,6.3166,0.6625,3.5423,0.0195,0.1166,2.9092,0.2276,5.7411,129.7612,1.707,3.588,0.154
14-Feb-24,4.7859,6.0094,5.1219,3.1791,5.3886,3.0989,3.5311,3.5454,61.2113,13.239,8.5219,15.189,0.3582,0.0307,127.6121,6.3456,0.6653,3.5455,0.0196,0.1171,2.9089,0.2286,5.7614,130.3066,1.7135,3.6009,0.1549
15-Feb-24,4.7805,6.001,5.13,3.1863,5.4139,3.1054,3.5325,3.5485,61.129,13.2168,8.5351,15.2226,0.3588,0.0306,127.4681,6.3171,0.6645,3.5485,0.0196,0.117,2.9094,0.2283,5.7576,130.1596,1.7111,3.5986,0.1547
16-Feb-24,4.7775,6.0082,5.1454,3.1798,5.4216,3.1152,3.5431,3.5486,61.0781,13.2451,8.5373,15.2373,0.3579,0.0306,127.3898,6.3198,0.6641,3.5486,0.0195,0.1169,2.9171,0.2282,5.7543,130.0779,1.7108,3.5964,0.1546
19-Feb-24,4.7845,6.0364,5.1567,3.1926,5.4311,3.1298,3.5525,3.5591,61.2101,13.3176,8.5452,15.2506,0.3586,0.0306,127.6431,6.3383,0.665,3.5591,0.0195,0.1177,2.9418,0.2286,5.7699,130.3507,1.7417,3.6041,0.1552
20-Feb-24,4.7975,6.0393,5.1698,3.1916,5.4344,3.1392,3.5544,3.5649,61.3369,13.2748,8.5578,15.2316,0.3588,0.0306,127.9197,6.3555,0.6665,3.5649,0.0196,0.1173,2.9512,0.2291,5.7836,130.6189,1.7157,3.6149,0.1551
21-Feb-24,4.7975,6.0484,5.1808,3.1946,5.4446,3.1448,3.5453,3.5692,61.3456,13.3738,8.5742,15.2106,0.3593,0.0307,127.9163,6.3601,0.6673,3.5692,0.0196,0.1173,2.9658,0.2291,5.784,130.6171,1.7165,3.6148,0.1553
22-Feb-24,4.7725,6.0616,5.1882,3.1799,5.4565,3.1444,3.551,3.5624,61.052,13.3604,8.565,15.1549,0.3605,0.0306,127.3231,6.3291,0.6642,3.5624,0.0194,0.1174,2.9642,0.2281,5.7602,130.0169,1.7099,3.6,0.1548
23-Feb-24,4.7785,6.0532,5.1727,3.1722,5.4227,3.1361,3.5415,3.5542,61.0733,13.2534,8.5483,15.107,0.359,0.0306,127.4097,6.3496,0.6638,3.5542,0.0194,0.1169,2.9584,0.2282,5.7638,130.1016,1.7104,3.6023,0.1546
26-Feb-24,4.777,6.0529,5.1744,3.1739,5.4276,3.1275,3.5335,3.5558,61.0852,13.312,8.521,15.1392,0.359,0.0306,127.4332,6.3399,0.6639,3.5558,0.0194,0.1176,2.9465,0.2283,5.7683,130.1187,1.7123,3.6041,0.1549
27-Feb-24,4.7705,6.0535,5.1798,3.1766,5.4263,3.1252,3.5342,3.5512,60.9723,13.3217,8.5036,15.0982,0.3584,0.0305,127.1998,6.3365,0.6627,3.5512,0.0194,0.1168,2.9429,0.2278,5.7555,129.8767,1.7083,3.5968,0.1541
28-Feb-24,4.7675,6.0242,5.1532,3.1616,5.4115,3.0989,3.5122,3.5409,60.9137,13.2302,8.471,15.0466,0.357,0.0304,127.1215,6.3337,0.6622,3.5409,0.0194,0.1168,2.9096,0.2277,5.7493,129.8021,1.7076,3.5936,0.1543
29-Feb-24,4.7525,6.0188,5.1508,3.1754,5.4116,3.0939,3.4996,3.5348,60.7189,13.2511,8.4542,15.0277,0.3564,0.0302,126.7198,6.3037,0.6606,3.5348,0.0193,0.1164,2.8976,0.227,5.7319,129.3937,1.7128,3.5821,0.1543
1-Mar-24,4.7415,5.989,5.1263,3.1473,5.3498,3.0782,3.489,3.521,60.5683,13.191,8.4643,14.9938,0.355,0.0302,126.4299,6.2946,0.6586,3.521,0.0192,0.1162,2.8843,0.2265,5.7197,129.0942,1.6979,3.5748,0.1534
4-Mar-24,4.729,5.9919,5.1286,3.1448,5.3596,3.0814,3.4844,3.5193,60.4218,13.2021,8.4465,14.9953,0.3548,0.03,126.0932,6.2737,0.6569,3.5193,0.0192,0.1159,2.8809,0.2259,5.7044,128.7539,1.6927,3.5652,0.153
5-Mar-24,4.731,5.9965,5.1322,3.1447,5.3403,3.0657,3.4784,3.5189,60.4713,13.2077,8.452,14.9824,0.3541,0.03,126.1465,6.2847,0.6571,3.5189,0.0192,0.1161,2.8729,0.226,5.7067,128.8118,1.6942,3.5661,0.1531
6-Mar-24,4.731,6.0209,5.1443,3.1592,5.35,3.0853,3.4826,3.5276,60.4759,13.2484,8.4709,14.9796,0.3545,0.0301,126.1432,6.283,0.6571,3.5276,0.0191,0.116,2.8854,0.226,5.7073,128.8066,1.6934,3.5672,0.1016
7-Mar-24,4.6985,5.9845,5.1204,3.1761,5.3319,3.0982,3.4777,3.5167,60.0674,13.2092,8.4203,14.9093,0.3535,0.03,125.2649,6.2481,0.6528,3.5167,0.019,0.1154,2.8922,0.2244,5.6759,127.9304,1.6822,3.5472,0.0949
8-Mar-24,4.6895,6.0119,5.1284,3.1725,5.3509,3.112,3.4901,3.5195,59.963,13.2285,8.4344,14.9342,0.3557,0.0301,125.0333,6.2464,0.652,3.5195,0.019,0.1153,2.8981,0.224,5.6696,127.6801,1.6796,3.5402,0.095
11-Mar-24,4.6795,6.0064,5.1212,3.1893,5.3422,3.0932,3.4714,3.5182,59.8405,13.2227,8.4574,14.8896,0.3576,0.03,124.765,6.246,0.6512,3.518,0.019,0.1151,2.887,0.2235,5.6563,127.4061,1.6765,3.535,0.0953
12-Mar-24,4.679,5.9826,5.1118,3.176,5.338,3.0952,3.473,3.5158,59.7982,13.158,8.4581,14.898,0.3573,0.03,124.7534,6.2497,0.6523,3.5158,0.019,0.1152,2.8837,0.2235,5.6535,127.3943,1.6762,3.5337,0.0957
13-Mar-24,4.6885,5.998,5.1236,3.1706,5.3363,3.0991,3.4761,3.5174,59.9296,13.1349,8.4657,14.8789,0.356,0.0301,125.0117,6.2576,0.6517,3.5174,0.019,0.1156,2.8884,0.2239,5.6577,127.6512,1.6948,3.5361,0.0961
14-Mar-24,4.686,6.0014,5.1255,3.1691,5.3256,3.1017,3.4783,3.5171,59.9037,13.1426,8.4615,14.8644,0.3559,0.0301,124.9467,6.2528,0.6515,3.517,0.019,0.1156,2.8863,0.2238,5.6566,127.5831,1.6811,3.5357,0.0978
15-Mar-24,4.7045,5.9928,5.1199,3.1636,5.3206,3.084,3.4725,3.5165,60.1464,13.1264,8.4705,14.8632,0.3534,0.0302,125.4433,6.2785,0.6537,3.5165,0.019,0.1159,2.866,0.2247,5.6776,128.0973,1.688,3.5487,0.0984
18-Mar-24,4.7185,6.0137,5.1399,3.1639,5.3398,3.101,3.488,3.5271,60.3416,13.1215,8.4865,14.8891,0.3537,0.0301,125.8166,6.2832,0.6555,3.5271,0.0191,0.1161,2.8778,0.2254,5.6915,128.4855,1.6897,3.5571,0.1001
19-Mar-24,4.7325,6.0055,5.1338,3.148,5.333,3.0837,3.4872,3.525,60.5059,13.1149,8.4584,14.8821,0.3533,0.0301,126.1899,6.3019,0.6573,3.525,0.0191,0.1166,2.8622,0.226,5.702,128.8562,1.6985,3.5642,0.1004
20-Mar-24,4.739,6.0197,5.1428,3.129,5.3238,3.0915,3.4864,3.527,60.5751,13.1147,8.4294,14.8567,0.3535,0.0302,126.3632,6.2947,0.6583,3.527,0.0191,0.1167,2.8609,0.2263,5.7013,129.0419,1.7024,3.5629,0.1008
21-Mar-24,4.7145,6.0181,5.135,3.1186,5.2682,3.1146,3.493,3.5179,60.285,13.0813,8.4052,14.7785,0.3552,0.0301,125.7099,6.2569,0.6548,3.5179,0.019,0.1161,2.8695,0.2252,5.6706,128.3766,1.6933,3.5441,0.1011
22-Mar-24,4.739,5.97,5.1238,3.1282,5.2588,3.0891,3.4925,3.5147,60.6053,13.0121,8.4129,14.8196,0.3526,0.03,126.3632,6.3047,0.6557,3.5147,0.0191,0.1167,2.8477,0.2263,5.6858,129.0454,1.7039,3.5537,0.1016
25-Mar-24,4.7255,5.9584,5.1102,3.1221,5.2605,3.0848,3.4767,3.5093,60.4156,12.9732,8.3845,14.8391,0.3522,0.0299,126.0016,6.2568,0.6554,3.5093,0.0191,0.1164,2.8367,0.2257,5.6613,128.6778,1.6991,3.54,0.1015
26-Mar-24,4.72,5.9708,5.1207,3.1206,5.2386,3.0883,3.476,3.5113,60.3353,12.992,8.3796,14.7867,0.3517,0.0299,125.8499,6.2569,0.6538,3.5113,0.019,0.1164,2.8403,0.2254,5.6637,128.5298,1.6974,3.5402,0.0984
27-Mar-24,4.731,5.9715,5.1232,3.1169,5.2259,3.0832,3.4771,3.5093,60.4728,12.9723,8.3943,14.7549,0.3501,0.0298,126.1398,6.2775,0.6545,3.5093,0.0191,0.1165,2.8377,0.226,5.676,128.8258,1.7015,3.5479,0.0989
29-Mar-24,4.7205,5.9603,5.0882,3.1189,5.2363,3.0742,3.4834,3.499,60.3193,12.9782,8.3969,14.765,0.3502,0.0298,125.8632,6.2473,0.6536,3.499,0.019,0.1164,2.8191,0.2255,5.6628,128.5434,1.6986,3.5373,0.0996
1-Apr-24,4.729,5.9689,5.1026,3.1246,5.2492,3.0861,3.4955,3.5071,60.4341,12.9989,8.4064,14.8008,0.3505,0.0298,126.0848,6.2614,0.6541,3.5071,0.0191,0.1168,2.8291,0.2259,5.6704,128.7749,1.6986,3.5436,0.1001
2-Apr-24,4.752,5.9695,5.0996,3.1336,5.2303,3.0914,3.5031,3.5145,60.7102,12.9677,8.439,14.8257,0.3519,0.0299,126.693,6.2901,0.6567,3.5145,0.0191,0.1173,2.8303,0.227,5.7001,129.3906,1.7104,3.5628,0.1007
3-Apr-24,4.7535,5.9787,5.1209,3.1328,5.2334,3.0936,3.5004,3.5163,60.7216,12.9506,8.4297,14.8357,0.3522,0.0299,126.733,6.281,0.6569,3.5163,0.019,0.1173,2.8357,0.227,5.6984,129.4315,1.7073,3.5612,0.1003
4-Apr-24,4.7395,6.0016,5.148,3.124,5.2318,3.1266,3.5096,3.5186,60.5474,12.9159,8.3944,14.7828,0.3521,0.0298,126.3563,6.2691,0.6552,3.5184,0.019,0.117,2.8612,0.2264,5.6794,129.0643,1.7053,3.5497,0.1
5-Apr-24,4.7465,5.9982,5.1438,3.1348,5.2535,3.1246,3.4999,3.5213,60.6314,12.9456,8.392,14.7961,0.3513,0.03,126.543,6.2977,0.6562,3.5213,0.019,0.1171,2.8567,0.2267,5.6991,129.2514,1.7078,3.562,0.1002
8-Apr-24,4.756,6.0028,5.1477,3.1309,5.2512,3.1297,3.4973,3.5244,60.7295,13.0008,8.4103,14.7959,0.3508,0.03,126.7962,6.3061,0.6575,3.5244,0.0191,0.1173,2.8595,0.2272,5.7093,129.5066,1.7093,3.5679,0.0997
9-Apr-24,4.7535,6.0184,5.1614,3.1297,5.2554,3.143,3.5019,3.529,60.6968,13.0447,8.4163,14.8098,0.3506,0.03,126.7296,6.3011,0.6571,3.529,0.019,0.1173,2.8723,0.227,5.7125,129.4456,1.7093,3.5657,0.1
12-Apr-24,4.77,5.9663,5.0901,3.1114,5.2263,3.1072,3.4724,3.5125,60.8686,13.0819,8.4365,14.788,0.3458,0.0301,127.1661,6.2965,0.6591,3.5124,0.0191,0.1177,2.8501,0.2278,5.7198,129.8914,1.716,3.5749,0.1003
15-Apr-24,4.779,5.964,5.093,3.1061,5.235,3.0977,3.4785,3.5126,61.0286,13.1066,8.4123,14.7609,0.3453,0.0302,127.3992,6.2893,0.6602,3.5126,0.019,0.1178,2.839,0.2283,5.7281,130.1329,1.7178,3.58,0.0983
16-Apr-24,4.7925,5.9604,5.0882,3.1018,5.2469,3.0739,3.4735,3.5129,61.2096,13.1436,8.4108,14.735,0.3437,0.0296,127.7625,6.3087,0.6621,3.5129,0.019,0.1181,2.8218,0.2289,5.7372,130.4969,1.7224,3.586,0.0985
17-Apr-24,4.7915,5.976,5.0984,3.1,5.2654,3.0795,3.4703,3.518,61.1816,13.0301,8.3782,14.7703,0.3468,0.0295,127.7359,6.2971,0.6622,3.518,0.0188,0.1182,2.8311,0.2289,5.7307,130.4697,1.7212,3.5847,0.0982
18-Apr-24,4.7835,5.9669,5.1078,3.099,5.2647,3.0844,3.4776,3.5196,61.0892,13.0128,8.3628,14.768,0.3481,0.0296,127.5192,6.2908,0.6608,3.5196,0.0188,0.1181,2.8366,0.2285,5.7265,130.2554,1.7173,3.5791,0.0986
19-Apr-24,4.783,5.9503,5.092,3.0975,5.2647,3.0685,3.4756,3.5111,61.0704,12.9673,8.3053,14.7006,0.3463,0.0294,127.5025,6.2987,0.6605,3.5111,0.0188,0.118,2.8174,0.2284,5.7266,130.2312,1.7186,3.5792,0.099
22-Apr-24,4.7825,5.914,5.0967,3.091,5.2503,3.0778,3.4835,3.5113,61.0305,12.9187,8.3131,14.6523,0.3467,0.0295,127.501,6.2907,0.6602,3.5113,0.0188,0.1173,2.825,0.2284,5.7371,130.2176,1.716,3.586,0.0993
23-Apr-24,4.7775,5.9098,5.0981,3.0853,5.2391,3.0786,3.4849,3.5059,60.9612,12.8982,8.3044,14.6491,0.3465,0.0295,127.3711,6.28,0.6593,3.5059,0.0188,0.1172,2.8221,0.2282,5.7319,130.0796,1.7141,3.5824,0.0992
24-Apr-24,4.778,5.9371,5.1048,3.0845,5.2259,3.1081,3.4927,3.5107,61.005,12.9083,8.3125,14.6636,0.348,0.0296,127.3896,6.2808,0.6594,3.5107,0.0188,0.1173,2.8372,0.2282,5.7341,130.088,1.7162,3.5839,0.0998
25-Apr-24,4.78,5.985,5.1266,3.0705,5.2378,3.1206,3.4959,3.5164,61.0523,12.905,8.2728,14.6648,0.3476,0.0295,127.4446,6.2921,0.6596,3.5164,0.0188,0.1174,2.8506,0.2283,5.7352,130.1424,1.717,3.5843,0.0998
26-Apr-24,4.7675,5.972,5.1205,3.0451,5.2298,3.1222,3.4937,3.5065,60.9043,12.9043,8.2697,14.6224,0.3466,0.0294,127.113,6.2834,0.6579,3.5065,0.0188,0.1171,2.8419,0.2277,5.7217,129.8021,1.7125,3.576,0.0995
29-Apr-24,4.7695,5.9709,5.1058,3.0596,5.2314,3.1276,3.4921,3.5049,60.9439,12.8679,8.2646,14.6371,0.3462,0.0293,127.168,6.284,0.6582,3.5049,0.0188,0.1171,2.8445,0.2278,5.7133,129.8601,1.7132,3.5708,0.1001
30-Apr-24,4.77,5.9813,5.1096,3.0395,5.2285,3.1139,3.4828,3.5028,60.9908,12.8641,8.2555,14.6344,0.3454,0.0293,127.1847,6.2869,0.6587,3.5028,0.0188,0.1171,2.8351,0.2278,5.7138,129.8754,1.714,3.5708,0.0996
2-May-24,4.7535,5.9519,5.0884,3.0643,5.2082,3.1074,3.4654,3.4977,60.8156,12.8699,8.2483,14.6226,0.3453,0.0294,126.7397,6.2497,0.6565,3.4977,0.0187,0.1166,2.8207,0.227,5.696,129.4227,1.708,3.5604,0.0993
3-May-24,4.7415,5.9551,5.0938,3.0951,5.2231,3.1209,3.4703,3.5057,60.659,12.8801,8.2821,14.6723,0.3485,0.0295,126.4198,6.2499,0.6548,3.5057,0.0187,0.1161,2.8357,0.2265,5.6846,129.0942,1.7044,3.5529,0.0989
6-May-24,4.74,5.9634,5.1045,3.0832,5.2393,3.1417,3.4652,3.5092,60.6371,12.9067,8.2925,14.6727,0.3493,0.0296,126.3798,6.2656,0.6572,3.5092,0.0187,0.1162,2.853,0.2264,5.6787,129.0516,1.7038,3.5491,0.0989
7-May-24,4.7375,5.9408,5.0994,3.0682,5.2187,3.1268,3.4635,3.5008,60.5869,12.8771,8.2762,14.6309,0.3484,0.0295,126.3165,6.2653,0.6565,3.5008,0.0186,0.1159,2.8472,0.2263,5.6741,128.9853,1.7038,3.5458,0.0991
8-May-24,4.7465,5.9215,5.0999,3.0537,5.2254,3.1163,3.4505,3.4997,60.7113,12.8214,8.2702,14.6488,0.348,0.0296,126.5565,6.2719,0.6568,3.4997,0.0187,0.1161,2.8398,0.2267,5.6836,129.2268,1.7068,3.5522,0.0994
9-May-24,4.7395,5.9116,5.0845,3.041,5.2114,3.1167,3.4514,3.493,60.6342,12.8329,8.2584,14.606,0.3455,0.0295,126.3698,6.2549,0.6559,3.493,0.0186,0.1159,2.8418,0.2264,5.6758,129.0397,1.7003,3.5473,0.1001
10-May-24,4.739,5.9392,5.1089,3.0434,5.229,3.1318,3.4634,3.5022,60.6495,12.9146,8.2518,14.6182,0.3469,0.0295,126.3582,6.2484,0.656,3.5022,0.0186,0.1159,2.8512,0.2263,5.6753,129.0261,1.7044,3.5474,0.1
13-May-24,4.733,5.9321,5.1041,3.0364,5.2212,3.1273,3.4618,3.4966,60.5867,12.8536,8.1829,14.6015,0.3462,0.0294,126.2016,6.2514,0.6543,3.4966,0.0186,0.1158,2.8457,0.2261,5.6668,128.861,1.6995,3.5415,0.1005
14-May-24,4.7195,5.9131,5.0893,3.0165,5.2006,3.1168,3.4504,3.4855,60.4154,12.8457,8.1585,14.5776,0.3448,0.0293,125.8399,6.2326,0.6521,3.4855,0.0185,0.1154,2.843,0.2254,5.6513,128.4917,1.6966,3.5319,0.1003
15-May-24,4.7035,5.9325,5.0939,3.0217,5.197,3.1259,3.4519,3.4881,60.2422,12.881,8.18,14.6383,0.3467,0.0293,125.4133,6.2137,0.6514,3.4881,0.0185,0.115,2.8517,0.2246,5.6343,128.0543,1.6904,3.5212,0.1004
16-May-24,4.6845,5.9376,5.0935,3.0276,5.1929,3.1292,3.4385,3.4843,60.0146,12.9657,8.1505,14.6092,0.3482,0.0294,124.9067,6.1991,0.6489,3.4843,0.0184,0.1146,2.8636,0.2237,5.6104,127.5388,1.6805,3.5066,0.0996
17-May-24,4.6875,5.9292,5.0831,3.007,5.1568,3.1195,3.4373,3.4796,60.0788,12.9328,8.1253,14.5466,0.3449,0.0294,124.9867,6.2168,0.6487,3.4794,0.0184,0.1146,2.8627,0.2239,5.6219,127.6205,1.6849,3.5136,0.0999
20-May-24,4.685,5.9525,5.0949,3.0093,5.1543,3.1357,3.4418,3.4815,60.0737,13.0211,8.0929,14.5276,0.3449,0.0293,124.9167,6.2019,0.6478,3.4815,0.0184,0.1147,2.8668,0.2238,5.6237,127.5507,1.6834,3.5134,0.1
21-May-24,4.6935,5.9659,5.1004,3.0037,5.1577,3.1285,3.4434,3.4848,60.1488,12.9155,8.0561,14.5301,0.3444,0.0293,125.1467,6.2208,0.6486,3.4848,0.0184,0.1148,2.8644,0.2242,5.6333,127.7821,1.6862,3.5206,0.1005
23-May-24,4.712,5.9941,5.1073,3.006,5.152,3.1231,3.4452,3.49,60.3495,12.9043,8.1046,14.6168,0.3452,0.0295,125.6349,6.2377,0.6504,3.49,0.0185,0.1152,2.8816,0.2251,5.6593,128.2875,1.6931,3.5361,0.0999
24-May-24,4.7135,5.9885,5.1021,3.0017,5.1519,3.1166,3.435,3.4895,60.3347,12.8346,8.1002,14.6284,0.3448,0.0295,125.6749,6.2399,0.6506,3.4895,0.0185,0.1152,2.8778,0.2251,5.6724,128.3249,1.6943,3.5455,0.1
27-May-24,4.6985,5.9868,5.0979,2.9937,5.1375,3.1207,3.4394,3.4811,60.1797,12.8392,8.0751,14.6125,0.3446,0.0292,125.2766,6.2178,0.6485,3.4811,0.0185,0.1149,2.8825,0.2244,5.6548,127.9235,1.6883,3.534,0.0997
28-May-24,4.6965,5.997,5.1051,2.9938,5.1494,3.1276,3.4465,3.4839,60.1364,12.8258,8.1016,14.5992,0.3455,0.0292,125.2233,6.2152,0.6481,3.4839,0.0185,0.1147,2.8935,0.2243,5.6464,127.8655,1.6876,3.5289,0.0991
29-May-24,4.7075,6.0049,5.1015,2.9966,5.1578,3.131,3.4462,3.4885,60.2525,12.8137,8.0511,14.5572,0.3445,0.0291,125.5133,6.2385,0.6494,3.4885,0.0185,0.1149,2.8895,0.2248,5.6497,128.1615,1.6912,3.5307,0.0993
30-May-24,4.707,5.9835,5.0906,2.9991,5.1891,3.1132,3.432,3.4842,60.2053,12.7803,8.0311,14.5293,0.3421,0.0289,125.4966,6.2292,0.6504,3.4842,0.0185,0.1147,2.875,0.2248,5.6517,128.1479,1.6907,3.5322,0.0997
31-May-24,4.707,5.9824,5.1,2.9921,5.1948,3.1252,3.4461,3.4806,60.2161,12.7786,8.0434,14.492,0.3402,0.029,125.4966,6.2255,0.6499,3.4806,0.0185,0.1147,2.884,0.2248,5.6428,128.1479,1.6913,3.5278,0.0996
4-Jun-24,4.7,6.0052,5.1141,3.0263,5.2505,3.1257,3.4357,3.4892,60.1442,12.8661,7.9973,14.5077,0.3413,0.029,125.3133,6.2196,0.6488,3.4891,0.0185,0.1142,2.8999,0.2245,5.6275,127.9643,1.6894,3.5176,0.0996
5-Jun-24,4.696,5.9991,5.1071,3.0055,5.2634,3.1238,3.4327,3.4852,60.1227,12.8114,7.985,14.5167,0.342,0.0288,125.21,6.2266,0.6479,3.4854,0.0185,0.1141,2.9049,0.2243,5.638,127.8484,1.6874,3.5237,0.0989
6-Jun-24,4.6945,6.0031,5.1062,3.0061,5.2629,3.1218,3.4281,3.4846,60.1142,12.8458,8.0029,14.5458,0.3434,0.0289,125.17,6.2221,0.648,3.4846,0.0185,0.114,2.9043,0.2242,5.624,127.8111,1.6868,3.5149,0.0986
7-Jun-24,4.6925,6.0008,5.1097,3.0205,5.2757,3.1283,3.4294,3.4895,60.0936,12.8826,8.0173,14.5522,0.3434,0.029,125.1133,6.2209,0.6479,3.4895,0.0185,0.1138,2.9061,0.2241,5.6259,127.7531,1.6873,3.5158,0.0988
10-Jun-24,4.722,6.0007,5.0795,3.0083,5.2639,3.1099,3.4273,3.4886,60.4319,12.8141,8.031,14.5813,0.3431,0.029,125.9133,6.2642,0.6515,3.4886,0.0186,0.1135,2.8833,0.2255,5.6552,128.558,1.6973,3.534,0.099
11-Jun-24,4.721,6.0075,5.0727,3.0027,5.2637,3.1159,3.429,3.4894,60.4547,12.841,8.0289,14.575,0.3422,0.029,125.8866,6.2283,0.6508,3.4894,0.0186,0.1144,2.8916,0.2255,5.6507,128.5308,1.6958,3.5317,0.0991
12-Jun-24,4.7175,6.0184,5.0697,2.999,5.2613,3.1194,3.4308,3.4889,60.4068,12.8577,8.049,14.5843,0.3432,0.029,125.7732,6.2243,0.6504,3.4889,0.0185,0.1142,2.898,0.2253,5.6455,128.4355,1.6933,3.5283,0.099
13-Jun-24,4.7075,6.0251,5.0872,2.9934,5.2568,3.1319,3.4275,3.49,60.2764,12.8427,8.036,14.5516,0.3427,0.0289,125.4898,6.2148,0.6491,3.49,0.0185,0.114,2.909,0.2248,5.6352,128.1615,1.6891,3.5219,0.0986
14-Jun-24,4.715,5.9984,5.0413,2.9937,5.285,3.118,3.427,3.4839,60.3717,12.8282,8.0389,14.561,0.3411,0.0288,125.6764,6.2321,0.6498,3.4839,0.0185,0.1141,2.8919,0.2252,5.6431,128.3657,1.693,3.5272,0.0988
18-Jun-24,4.714,5.9774,5.0534,2.9806,5.3032,3.1188,3.4279,3.4817,60.3782,12.8037,8.0375,14.5344,0.3404,0.0287,125.6397,6.2106,0.6497,3.4817,0.0185,0.1141,2.8779,0.2251,5.6496,128.3455,1.6923,3.531,0.0988
19-Jun-24,4.708,5.9947,5.0564,2.9831,5.324,3.1407,3.4322,3.4864,60.3114,12.8388,8.0129,14.5556,0.3411,0.0288,125.4898,6.2029,0.6487,3.4864,0.0185,0.1139,2.8898,0.2249,5.6418,128.1751,1.6905,3.5263,0.0987
20-Jun-24,4.7105,5.9809,5.0482,2.9722,5.2963,3.1405,3.4334,3.4824,60.3574,12.8125,8.0056,14.5566,0.3398,0.0287,125.5631,6.2062,0.6488,3.4824,0.0185,0.1139,2.8864,0.225,5.6344,128.2432,1.6908,3.5215,0.0987
21-Jun-24,4.7095,5.9594,5.0354,2.965,5.2797,3.1337,3.4402,3.478,60.3592,12.8447,8.008,14.5573,0.3389,0.0286,125.5365,6.2051,0.6486,3.478,0.0185,0.1139,2.8857,0.2249,5.6399,128.2229,1.6854,3.5249,0.0987
24-Jun-24,4.711,5.9632,5.0474,2.9483,5.2702,3.1342,3.4445,3.481,60.3421,12.8488,8.0119,14.5527,0.3394,0.0287,125.5798,6.1947,0.6487,3.481,0.0185,0.114,2.8869,0.225,5.6422,128.2585,1.6908,3.5266,0.097
25-Jun-24,4.7025,5.9726,5.0477,2.9486,5.2618,3.1333,3.4451,3.477,60.2282,12.8413,8.0015,14.4808,0.3384,0.0287,125.3365,6.1927,0.6475,3.477,0.0185,0.1139,2.8812,0.2246,5.6361,128.0254,1.6885,3.523,0.0974
26-Jun-24,4.7125,5.9689,5.0395,2.9461,5.2527,3.1458,3.4467,3.4749,60.3501,12.8144,7.9968,14.4608,0.339,0.0287,125.6131,6.2055,0.6485,3.4749,0.0185,0.1143,2.8767,0.2251,5.6379,128.2976,1.6927,3.5239,0.0969
27-Jun-24,4.7225,5.9674,5.0476,2.9414,5.2613,3.148,3.4511,3.4795,60.4825,12.7998,8.0383,14.5044,0.3406,0.0288,125.8796,6.2071,0.6498,3.4795,0.0185,0.1146,2.8788,0.2256,5.6562,128.5699,1.6965,3.5356,0.0983
28-Jun-24,4.7195,5.9636,5.0489,2.9329,5.2468,3.1347,3.4429,3.4783,60.4382,12.8308,8.0634,14.539,0.3423,0.0288,125.803,6.2062,0.6496,3.4783,0.0185,0.1145,2.8647,0.2254,5.6589,128.4917,1.6958,3.5365,0.0983
1-Jul-24,4.713,5.9733,5.075,2.9271,5.2349,3.1504,3.4471,3.4791,60.3276,12.835,8.0385,14.4926,0.3412,0.0289,125.6231,6.1992,0.6484,3.4793,0.0185,0.1145,2.8771,0.2251,5.6479,128.3147,1.6935,3.5301,0.0978
2-Jul-24,4.7215,5.9628,5.0619,2.9218,5.2217,3.1403,3.4386,3.4768,60.4298,12.8162,8.0243,14.4683,0.34,0.0288,125.853,6.2159,0.6493,3.4762,0.0185,0.1145,2.8598,0.2255,5.6557,128.5462,1.6961,3.5349,0.098
3-Jul-24,4.719,5.991,5.0767,2.9158,5.2222,3.1499,3.4502,3.4792,60.409,12.8303,8.0337,14.44,0.3397,0.0288,125.7897,6.2036,0.6488,3.4792,0.0185,0.1143,2.8677,0.2254,5.6497,128.4781,1.695,3.531,0.098
4-Jul-24,4.7095,6.0074,5.0872,2.9203,5.2252,3.1655,3.457,3.4841,60.3113,12.8692,8.0322,14.4959,0.3411,0.0288,125.5398,6.2004,0.6478,3.4841,0.0185,0.114,2.8808,0.2249,5.6411,128.2194,1.691,3.5256,0.0983
5-Jul-24,4.709,6.0181,5.0989,2.9295,5.2421,3.172,3.4612,3.4887,60.2864,12.8802,8.0427,14.5196,0.3411,0.0289,125.5332,6.1997,0.648,3.4887,0.0185,0.114,2.8824,0.2249,5.6392,128.2093,1.6916,3.525,0.0981
9-Jul-24,4.7095,6.031,5.0971,2.9242,5.2412,3.1723,3.4525,3.4872,60.2874,12.9417,8.0587,14.4714,0.3405,0.029,125.5599,6.2211,0.6476,3.4872,0.0185,0.1141,2.8801,0.2249,5.6408,128.2194,1.6916,3.5253,0.098
10-Jul-24,4.7035,6.0191,5.0868,2.9121,5.2415,3.1702,3.4491,3.4848,60.2144,12.927,8.0608,14.4204,0.3398,0.029,125.4033,6.2114,0.6464,3.4848,0.0185,0.1141,2.8555,0.2246,5.6337,128.0561,1.6889,3.5212,0.0977
11-Jul-24,4.6885,6.0367,5.0861,2.9024,5.2184,3.1694,3.4401,3.4786,60.0385,12.9293,8.0413,14.4191,0.3401,0.029,125.0033,6.1901,0.6451,3.4786,0.0184,0.1138,2.8565,0.2239,5.6102,127.6477,1.6835,3.5065,0.0977
12-Jul-24,4.6675,6.0425,5.0815,2.9336,5.2104,3.1632,3.4283,3.4765,59.7872,12.899,7.9964,14.3624,0.3395,0.0289,124.4434,6.1709,0.6434,3.4765,0.0184,0.1133,2.8518,0.2229,5.5893,127.076,1.6765,3.4934,0.0972
15-Jul-24,4.6705,6.0665,5.0948,2.9593,5.2243,3.1689,3.4256,3.4816,59.831,12.8913,7.9879,14.3434,0.338,0.0289,124.5234,6.1919,0.6432,3.4816,0.0184,0.1134,2.849,0.2231,5.5886,127.1576,1.6794,3.4929,0.0976
16-Jul-24,4.6775,6.0639,5.0987,2.9516,5.2245,3.1522,3.418,3.4796,59.9384,12.9436,8.0108,14.3468,0.3379,0.0289,124.7101,6.2083,0.6437,3.4796,0.0184,0.1136,2.8336,0.2234,5.5954,127.3482,1.6791,3.4971,0.0974
17-Jul-24,4.6635,6.0758,5.1028,2.9849,5.2552,3.1493,3.413,3.4823,59.7345,12.9975,7.9974,14.3435,0.3388,0.029,124.3368,6.1847,0.6428,3.4823,0.0184,0.1132,2.8405,0.2227,5.583,126.9671,1.6741,3.487,0.0968
18-Jul-24,4.6675,6.0605,5.102,2.9831,5.2782,3.144,3.4132,3.4807,59.7761,12.9833,8.006,14.2956,0.3374,0.0289,124.4401,6.2037,0.6428,3.4807,0.0185,0.1133,2.8336,0.2229,5.5798,127.076,1.6779,3.4871,0.0967
19-Jul-24,4.6875,6.0548,5.0995,2.9806,5.2769,3.1364,3.4173,3.4864,60.0181,12.9328,8.0355,14.3012,0.3375,0.029,124.9733,6.23,0.645,3.4864,0.0185,0.1137,2.8249,0.2239,5.6036,127.6205,1.6855,3.5026,0.0972
22-Jul-24,4.6805,6.0507,5.0964,2.9849,5.2729,3.1198,3.406,3.481,59.9492,12.8993,8.0159,14.2514,0.3371,0.0289,124.7834,6.2056,0.6436,3.481,0.0185,0.1136,2.809,0.2235,5.5944,127.4299,1.6818,3.4966,0.0966
23-Jul-24,4.672,6.0381,5.0822,2.9946,5.2491,3.0943,3.3936,3.4731,59.8387,12.8909,7.9904,14.2426,0.337,0.0288,124.5535,6.1966,0.6423,3.4731,0.0184,0.1134,2.7864,0.2231,5.5821,127.2002,1.6783,3.489,0.0965
24-Jul-24,4.6725,6.0261,5.0627,3.0171,5.2553,3.082,3.3876,3.4735,59.836,12.928,7.9749,14.2452,0.3374,0.0288,124.5601,6.1934,0.6421,3.4735,0.0184,0.1134,2.7689,0.2232,5.5815,127.2121,1.6777,3.4888,0.0965
25-Jul-24,4.663,6.0087,5.0573,3.0534,5.2944,3.0477,3.3724,3.4719,59.7449,12.8919,7.9587,14.2451,0.3374,0.0287,124.297,6.1816,0.6452,3.4719,0.0184,0.1133,2.7568,0.2227,5.5709,126.9534,1.6751,3.4821,0.0965
26-Jul-24,4.6555,5.9898,5.0521,3.0171,5.27,3.0568,3.3714,3.4646,59.6366,12.9033,7.9776,14.1925,0.3359,0.0286,124.0937,6.1858,0.642,3.4646,0.0184,0.1132,2.7481,0.2224,5.5608,126.751,1.6728,3.4753,0.0963
29-Jul-24,4.639,5.944,5.025,3.0183,5.2406,3.0353,3.3513,3.4519,59.3948,12.9094,7.9279,14.1085,0.335,0.0285,123.6572,6.1534,0.6391,3.4519,0.0183,0.1128,2.727,0.2216,5.5402,126.3,1.6657,3.4625,0.0959
30-Jul-24,4.6175,5.9379,4.9998,2.9853,5.211,3.0247,3.3355,3.4362,59.1142,12.8414,7.8757,14.0499,0.3335,0.0283,123.0808,6.122,0.6369,3.4362,0.0183,0.1121,2.7222,0.2205,5.5148,125.7147,1.6572,3.4467,0.0955
31-Jul-24,4.593,5.893,4.9708,3.0432,5.2119,2.982,3.3173,3.428,58.7881,12.8782,7.8647,14.0142,0.334,0.0282,122.4245,6.0874,0.6356,3.428,0.0182,0.1115,2.717,0.2194,5.4855,125.0477,1.648,3.4283,0.0946
1-Aug-24,4.571,5.8415,4.9296,3.0533,5.2189,2.9794,3.3045,3.4163,58.4931,12.8282,7.8358,13.9517,0.3343,0.0282,121.8284,6.0722,0.631,3.4163,0.0181,0.1109,2.7149,0.2183,5.4582,124.4487,1.6406,3.4114,0.0939
2-Aug-24,4.4975,5.7278,4.8638,3.0171,5.1592,2.9294,3.2413,3.3755,57.5846,12.7181,7.7476,13.7358,0.3292,0.0278,119.8087,5.9623,0.6236,3.3756,0.0178,0.1092,2.674,0.2148,5.3701,122.4476,1.6149,3.3565,0.0924
5-Aug-24,4.43,5.6538,4.8515,3.111,5.2108,2.8574,3.1916,3.353,56.9164,12.5692,7.6511,13.5777,0.3246,0.0274,118.0138,5.8862,0.6207,3.3528,0.0176,0.1075,2.6248,0.2116,5.2855,120.6099,1.5901,3.3034,0.0895
6-Aug-24,4.471,5.6927,4.8859,3.085,5.2332,2.9066,3.2318,3.3717,57.3702,12.6112,7.734,13.6686,0.3248,0.0277,119.0996,5.9892,0.6256,3.3717,0.0178,0.1085,2.6515,0.2135,5.3266,121.7261,1.6044,3.3289,0.0908
7-Aug-24,4.4905,5.7041,4.903,3.0505,5.2291,2.9455,3.265,3.3828,57.6019,12.6111,7.8014,13.7526,0.3268,0.028,119.6095,5.995,0.6249,3.3831,0.0178,0.109,2.7013,0.2145,5.3488,122.257,1.6112,3.3426,0.0913
8-Aug-24,4.475,5.6835,4.8945,3.061,5.2129,2.934,3.2587,3.3797,57.4502,12.6663,7.8016,13.7973,0.3254,0.0282,119.2284,5.9671,0.6243,3.3797,0.0178,0.1087,2.6839,0.2137,5.3299,121.835,1.6061,3.3312,0.0908
9-Aug-24,4.4265,5.6506,4.8326,3.0069,5.1147,2.9173,3.2234,3.3443,56.7802,12.5414,7.7278,13.6507,0.3244,0.0278,117.9362,5.9073,0.617,3.3443,0.0176,0.1076,2.6672,0.2114,5.2735,120.5146,1.5894,3.2959,0.0899
12-Aug-24,4.455,5.6864,4.8651,3.0231,5.1292,2.9387,3.2463,3.3628,57.1348,12.6347,7.7711,13.7132,0.325,0.0279,118.6861,5.9431,0.6203,3.3628,0.0177,0.1084,2.6857,0.2128,5.3059,121.2905,1.5991,3.316,0.0903
13-Aug-24,4.4505,5.696,4.8615,3.0102,5.1311,2.9387,3.2406,3.3637,57.1291,12.6561,7.8055,13.7122,0.3248,0.0281,118.5441,5.9375,0.6207,3.3637,0.0177,0.1085,2.6874,0.2126,5.3005,121.168,1.5969,3.3125,0.0902
14-Aug-24,4.425,5.6824,4.8759,3.0079,5.1304,2.934,3.2279,3.3626,56.8123,12.6356,7.7693,13.7265,0.3263,0.0282,117.8649,5.9047,0.619,3.3626,0.0177,0.1078,2.6603,0.2113,5.2709,120.477,1.5882,3.2942,0.0894
15-Aug-24,4.432,5.6922,4.8776,3.0081,5.1169,2.9324,3.2328,3.3633,56.8916,12.6647,7.7836,13.7167,0.3265,0.0282,118.1111,5.9372,0.6191,3.3633,0.0177,0.1079,2.659,0.2117,5.2793,120.6643,1.5907,3.2995,0.0904
16-Aug-24,4.4325,5.7115,4.8673,2.9805,5.1027,2.9399,3.2301,3.3591,56.8696,12.6571,7.7437,13.7276,0.3267,0.0283,118.1181,5.9332,0.6184,3.3591,0.0177,0.1079,2.6677,0.2117,5.2791,120.6746,1.5916,3.2996,0.0906
19-Aug-24,4.3815,5.6839,4.8359,2.9991,5.068,2.9306,3.2041,3.3436,56.2362,12.7314,7.7357,13.6935,0.3277,0.0282,116.7622,5.8602,0.6136,3.3436,0.0175,0.1068,2.6602,0.2093,5.2218,119.2927,1.5738,3.2637,0.0898
20-Aug-24,4.375,5.6877,4.8475,2.9858,5.0869,2.9437,3.213,3.3438,56.1679,12.7952,7.7338,13.7053,0.3284,0.0283,116.6014,5.868,0.6127,3.3438,0.0176,0.1066,2.6847,0.209,5.2209,119.1125,1.572,3.2631,0.0896
21-Aug-24,4.374,5.6917,4.8632,2.9956,5.1143,2.9461,3.2133,3.3447,56.132,12.7522,7.7402,13.6775,0.3266,0.0282,116.5716,5.8756,0.6133,3.3447,0.0175,0.1067,2.685,0.2089,5.2115,119.0852,1.5661,3.2571,0.0895
22-Aug-24,4.38,5.7437,4.8804,3.0075,5.1454,2.955,3.2257,3.3495,56.1931,12.753,7.7756,13.6999,0.3275,0.0281,116.7315,5.8935,0.6135,3.3495,0.0176,0.1069,2.6987,0.2092,5.2169,119.2535,1.5719,3.2606,0.0898
23-Aug-24,4.375,5.745,4.8661,2.9979,5.135,2.942,3.2196,3.3448,56.098,12.7672,7.7557,13.6933,0.3271,0.0282,116.5983,5.8938,0.613,3.3448,0.0175,0.1068,2.6922,0.209,5.2136,119.1157,1.5709,3.2582,0.0897
26-Aug-24,4.349,5.7398,4.8626,3.023,5.1416,2.9462,3.2204,3.3382,55.785,12.8025,7.7647,13.657,0.3282,0.0282,115.9053,5.8539,0.6109,3.3382,0.0175,0.1065,2.6996,0.2077,5.1843,118.4046,1.5623,3.2402,0.0891
27-Aug-24,4.3505,5.7507,4.858,2.9992,5.1321,2.9481,3.2289,3.3344,55.7717,12.7674,7.7274,13.614,0.3263,0.0281,115.9422,5.8725,0.6103,3.3344,0.0175,0.1064,2.7054,0.2078,5.183,118.4519,1.5632,3.2393,0.0894
28-Aug-24,4.343,5.746,4.8388,3.0088,5.1509,2.9515,3.2267,3.3323,55.6863,12.7698,7.725,13.5927,0.3254,0.0282,115.7393,5.8608,0.6096,3.3323,0.0175,0.1065,2.712,0.2074,5.1727,118.2444,1.5597,3.233,0.0893
29-Aug-24,4.323,5.7014,4.792,2.9879,5.1193,2.9429,3.21,3.3196,55.427,12.711,7.6867,13.5407,0.3238,0.028,115.2032,5.8283,0.6083,3.3196,0.0174,0.1061,2.7127,0.2065,5.1539,117.6999,1.5517,3.2216,0.0888
30-Aug-24,4.316,5.69,4.78,2.974,5.0857,2.9381,3.2024,3.3127,55.3564,12.7241,7.6866,13.4985,0.3235,0.0279,115.0167,5.8173,0.6086,3.3127,0.0174,0.1061,2.7025,0.2061,5.1464,117.5093,1.5497,3.2165,0.0888
2-Sep-24,4.3465,5.7089,4.8103,2.9627,5.1138,2.9482,3.2221,3.3266,55.744,12.7007,7.697,13.5621,0.3247,0.028,115.8264,5.853,0.6114,3.3266,0.0175,0.1067,2.7085,0.2076,5.1787,118.3397,1.56,3.2367,0.0895
3-Sep-24,4.3665,5.7299,4.8243,2.9945,5.1211,2.9459,3.2317,3.3379,56.0005,12.7564,7.7181,13.6062,0.3258,0.0281,116.3562,5.88,0.6134,3.3379,0.0176,0.1072,2.7048,0.2086,5.2011,118.8843,1.5667,3.2506,0.09
4-Sep-24,4.355,5.714,4.8134,2.9992,5.1311,2.9194,3.2111,3.3326,55.848,12.7228,7.6957,13.5324,0.3245,0.0281,116.0343,5.8492,0.612,3.3326,0.0175,0.1069,2.6907,0.208,5.1861,118.5712,1.5622,3.2413,0.0898
5-Sep-24,4.3375,5.7123,4.8142,3.0213,5.1262,2.9198,3.2117,3.3327,55.6393,12.8891,7.7207,13.5238,0.3248,0.0282,115.5496,5.8314,0.611,3.3327,0.0175,0.1061,2.6908,0.2072,5.1648,118.0947,1.5565,3.228,0.0895
6-Sep-24,4.331,5.7028,4.815,3.0371,5.1495,2.9167,3.2076,3.3354,55.5766,12.8918,7.7446,13.5821,0.3259,0.0282,115.3764,5.8387,0.6113,3.3354,0.0176,0.106,2.6971,0.2069,5.1601,117.9177,1.5548,3.2252,0.0894
9-Sep-24,4.3675,5.7164,4.8252,3.0462,5.1479,2.9066,3.2185,3.3433,56.0176,12.8607,7.7233,13.5945,0.3242,0.0283,116.3674,5.8927,0.6138,3.3433,0.0177,0.1069,2.6797,0.2086,5.2023,118.9083,1.5671,3.2513,0.0904
10-Sep-24,4.343,5.683,4.794,3.0262,5.1206,2.8914,3.1996,3.325,55.7027,12.8434,7.6976,13.4876,0.3231,0.0281,115.7516,5.8395,0.6099,3.325,0.0176,0.1065,2.6709,0.2074,5.1718,118.2444,1.5589,3.2324,0.0898
11-Sep-24,4.3325,5.6684,4.7844,3.0611,5.1239,2.8852,3.1891,3.3271,55.5616,12.8809,7.7421,13.4688,0.3234,0.0281,115.4656,5.8275,0.6091,3.3271,0.0176,0.1063,2.663,0.2069,5.1609,117.9586,1.5557,3.2256,0.0895
12-Sep-24,4.335,5.6565,4.775,3.0403,5.074,2.8923,3.1928,3.3212,55.5687,12.854,7.7149,13.4774,0.3231,0.0281,115.5168,5.8372,0.6087,3.3211,0.0176,0.1064,2.658,0.207,5.1614,118.0266,1.5571,3.226,0.0894
13-Sep-24,4.3075,5.6616,4.7781,3.0616,5.0781,2.8927,3.1728,3.3164,55.2339,12.9257,7.6906,13.4816,0.3244,0.028,114.7779,5.7903,0.6071,3.3164,0.0176,0.1059,2.6631,0.2057,5.1339,117.2747,1.5485,3.2087,0.089
17-Sep-24,4.269,5.6472,4.7578,3.0368,5.0626,2.8878,3.1426,3.3014,54.7845,12.8391,7.6725,13.3972,0.3241,0.0278,113.7399,5.7699,0.6018,3.3014,0.0173,0.105,2.65,0.2039,5.0993,116.2297,1.534,3.187,0.0882
18-Sep-24,4.245,5.6057,4.7247,2.9954,5.0299,2.8779,3.124,3.2801,54.4639,12.7573,7.6178,13.2615,0.3207,0.0277,113.1005,5.7381,0.5989,3.2801,0.0172,0.1043,2.6393,0.2027,5.0706,115.5763,1.5267,3.1677,0.0875
19-Sep-24,4.225,5.6038,4.7162,2.9588,4.9938,2.8842,3.1191,3.2715,54.2226,12.7355,7.614,13.2321,0.3181,0.0277,112.5886,5.7084,0.5981,3.2714,0.0172,0.1038,2.6434,0.2018,5.0508,115.0286,1.5191,3.1566,0.0871
20-Sep-24,4.1935,5.5776,4.6818,2.916,4.949,2.8556,3.0906,3.2469,53.8149,12.6836,7.5341,13.1096,0.3143,0.0277,111.7522,5.674,0.5945,3.2469,0.0171,0.103,2.6157,0.2003,5.0172,114.171,1.5093,3.1358,0.0864
23-Sep-24,4.208,5.5846,4.6675,2.9307,4.9439,2.8665,3.1006,3.2543,54.0488,12.7467,7.5103,13.1066,0.3143,0.0277,112.1386,5.6882,0.5962,3.2543,0.0171,0.1033,2.6245,0.201,5.0376,114.5658,1.5145,3.1483,0.0866
24-Sep-24,4.152,5.5543,4.6251,2.8774,4.8965,2.8381,3.0727,3.2212,53.322,12.6162,7.3866,12.9718,0.3108,0.0273,110.6728,5.6081,0.5903,3.2212,0.0169,0.1019,2.6039,0.1983,4.9639,113.0411,1.4946,3.1024,0.0853
25-Sep-24,4.1375,5.5358,4.6278,2.8746,4.8875,2.8487,3.0811,3.2213,53.1304,12.6539,7.4029,12.9833,0.311,0.0274,110.2775,5.5938,0.5893,3.2213,0.0168,0.1015,2.6147,0.1976,4.9486,112.6463,1.4892,3.0929,0.0849
26-Sep-24,4.1435,5.5322,4.6165,2.861,4.877,2.8431,3.0769,3.2198,53.2498,12.7053,7.4044,12.9886,0.3116,0.0273,110.4492,5.6108,0.5904,3.2198,0.0168,0.1017,2.6032,0.1979,4.95,112.8097,1.4925,3.0938,0.0856
27-Sep-24,4.1205,5.5108,4.5923,2.8786,4.8755,2.8376,3.0562,3.2117,52.991,12.7196,7.3456,13.071,0.3138,0.0272,109.8507,5.5776,0.5875,3.2117,0.0167,0.1012,2.5992,0.1968,4.9238,112.1835,1.4843,3.0774,0.0852
30-Sep-24,4.122,5.5307,4.6183,2.8919,4.8877,2.8551,3.0496,3.2204,53.069,12.8032,7.3558,13.0159,0.3144,0.0272,109.879,5.5853,0.5878,3.2204,0.0168,0.1012,2.621,0.1969,4.9191,112.2243,1.4843,3.0745,0.0853
1-Oct-24,4.1715,5.5614,4.6316,2.9007,4.9265,2.8817,3.0817,3.241,53.6614,12.7988,7.4213,13.083,0.3158,0.0274,111.1896,5.6581,0.5944,3.2414,0.017,0.1022,2.6333,0.1992,4.9761,113.572,1.5026,3.11,0.0865
2-Oct-24,4.166,5.5397,4.6126,2.8865,4.9217,2.8727,3.0888,3.2343,53.6548,12.7245,7.4168,13.0735,0.3157,0.0273,110.9957,5.6261,0.5936,3.2343,0.0169,0.1019,2.6183,0.199,4.9596,113.4223,1.5007,3.1062,0.0861
3-Oct-24,4.2165,5.5306,4.654,2.8734,4.9562,2.8881,3.1173,3.2528,54.2867,12.758,7.48,13.1659,0.3166,0.0273,112.3411,5.6857,0.6008,3.2528,0.017,0.1036,2.6237,0.2014,5.0219,114.7972,1.5181,3.1387,0.0872
4-Oct-24,4.216,5.5468,4.6484,2.881,4.951,2.8846,3.1093,3.2516,54.2879,12.7758,7.4845,13.1456,0.3146,0.0272,112.2471,5.6691,0.6007,3.2516,0.017,0.1036,2.615,0.2014,5.0217,114.7804,1.5193,3.1381,0.0872
7-Oct-24,4.285,5.6084,4.7006,2.8891,4.9933,2.9076,3.1525,3.2871,55.1807,12.8198,7.5414,13.3035,0.3181,0.0273,114.0841,5.76,0.6105,3.2869,0.0172,0.105,2.6321,0.2047,5.1032,116.6526,1.5436,3.1892,0.0886
8-Oct-24,4.2875,5.6164,4.7135,2.9,5.0176,2.8857,3.143,3.2905,55.1649,12.789,7.5285,13.3006,0.3179,0.0274,114.1872,5.7439,0.6077,3.2905,0.0173,0.1054,2.6255,0.2048,5.1071,116.727,1.5444,3.1918,0.0884
9-Oct-24,4.2875,5.607,4.698,2.8828,4.9997,2.8853,3.1363,3.2861,55.1553,12.8042,7.5193,13.2971,0.3188,0.0274,114.2024,5.7519,0.6063,3.2861,0.0173,0.1052,2.6074,0.2048,5.1075,116.727,1.5437,3.1914,0.0882
10-Oct-24,4.2925,5.612,4.6932,2.8796,4.9887,2.8861,3.1253,3.2814,55.2371,12.7753,7.4834,13.3039,0.3179,0.0274,114.3295,5.7513,0.6065,3.2814,0.0173,0.1053,2.6079,0.205,5.1121,116.8695,1.5455,3.195,0.0885
11-Oct-24,4.2835,5.5996,4.6902,2.88,5.0032,2.8864,3.112,3.2817,55.1227,12.8682,7.4939,13.3102,0.3175,0.0275,114.0746,5.7329,0.6059,3.2817,0.0173,0.1051,2.6119,0.2046,5.0957,116.6181,1.543,3.1845,0.0882
14-Oct-24,4.296,5.6134,4.694,2.875,4.9959,2.8901,3.1161,3.2888,55.3113,12.9495,7.4749,13.3454,0.3164,0.0276,114.4044,5.7488,0.6068,3.2888,0.0173,0.1054,2.616,0.2052,5.1104,116.9568,1.5467,3.1937,0.0884
15-Oct-24,4.31,5.636,4.7024,2.8896,5.0026,2.8944,3.1217,3.294,55.488,12.9313,7.451,13.3976,0.3167,0.0277,114.8017,5.7676,0.6059,3.294,0.0173,0.1058,2.6246,0.2059,5.1271,117.3396,1.5518,3.204,0.0888
16-Oct-24,4.293,5.5828,4.6723,2.8722,4.9788,2.8718,3.113,3.2789,55.2364,12.8996,7.4318,13.3489,0.3149,0.0277,114.3397,5.7351,0.6032,3.2789,0.0172,0.1054,2.6054,0.205,5.1086,116.8784,1.5454,3.1925,0.0884
17-Oct-24,4.313,5.5972,4.6803,2.8785,4.9853,2.8804,3.1296,3.281,55.4859,12.9831,7.4561,13.4023,0.3144,0.0278,114.8418,5.7568,0.6052,3.281,0.0171,0.1059,2.61,0.206,5.131,117.4229,1.5528,3.2066,0.0887
18-Oct-24,4.304,5.6131,4.6649,2.8708,4.9685,2.8891,3.1201,3.2789,55.3843,12.9873,7.4865,13.4156,0.3138,0.0278,114.59,5.7391,0.6057,3.2789,0.0171,0.1056,2.6125,0.2056,5.1195,117.1778,1.5504,3.1996,0.0885
21-Oct-24,4.3005,5.6016,4.6684,2.8681,4.972,2.8777,3.113,3.2757,55.335,12.8652,7.4726,13.455,0.3124,0.0278,114.5121,5.7333,0.6048,3.2757,0.017,0.1057,2.6059,0.2054,5.1151,117.0857,1.5489,3.1969,0.0884
22-Oct-24,4.324,5.6162,4.6816,2.8639,4.9962,2.8878,3.1255,3.2876,55.6238,12.9027,7.4732,13.4952,0.3138,0.0278,115.1347,5.7635,0.6073,3.2877,0.017,0.1061,2.6162,0.2065,5.1431,117.7223,1.5571,3.2146,0.0888
23-Oct-24,4.35,5.6483,4.6928,2.8539,5.0193,2.8967,3.1464,3.2965,55.9802,12.9851,7.5052,13.5544,0.3146,0.0278,115.8533,5.7902,0.6104,3.2965,0.0171,0.1066,2.622,0.2078,5.1737,118.4302,1.5664,3.2336,0.0893
24-Oct-24,4.3505,5.6389,4.7001,2.8621,5.0251,2.895,3.149,3.2967,55.9924,12.9143,7.5022,13.568,0.3156,0.0279,115.8465,5.7771,0.6116,3.2967,0.0171,0.1068,2.6223,0.2078,5.1745,118.447,1.5661,3.234,0.0891
25-Oct-24,4.34,5.6316,4.6976,2.8561,5.0072,2.8766,3.1337,3.2886,55.853,12.8488,7.4328,13.5295,0.3124,0.0277,115.5485,5.7708,0.6092,3.2886,0.0171,0.1065,2.6033,0.2073,5.1622,118.1595,1.5634,3.2263,0.089
28-Oct-24,4.3625,5.661,4.72,2.8481,5.0303,2.8817,3.1413,3.2992,56.1429,12.8992,7.488,13.5952,0.3153,0.0277,116.1692,5.8038,0.612,3.2992,0.0172,0.107,2.607,0.2084,5.1889,118.7721,1.5712,3.2429,0.0896
29-Oct-24,4.37,5.6742,4.7275,2.8487,5.0442,2.8735,3.1483,3.3007,56.2394,12.9233,7.4973,13.6235,0.3154,0.0277,116.3565,5.8107,0.6122,3.3007,0.0173,0.1073,2.613,0.2087,5.1976,118.9763,1.5736,3.2485,0.0897
30-Oct-24,4.3815,5.7052,4.7474,2.8664,5.0563,2.8832,3.1505,3.3129,56.3838,13.0092,7.5238,13.7274,0.3187,0.0279,116.6627,5.8183,0.615,3.3129,0.0173,0.1076,2.6287,0.2093,5.2111,119.2894,1.5775,3.2569,0.0899
1-Nov-24,4.38,5.6522,4.7578,2.8694,5.0455,2.8753,3.1442,3.3075,56.3101,12.9204,7.4923,13.7179,0.3177,0.0279,116.6227,5.8325,0.6147,3.3075,0.0173,0.1074,2.6155,0.2092,5.2098,119.2453,1.5772,3.2558,0.0895
4-Nov-24,4.373,5.6685,4.7635,2.8752,5.0575,2.8816,3.1419,3.3174,56.2473,12.936,7.488,13.6964,0.3178,0.0278,116.4333,5.8217,0.6158,3.3174,0.0173,0.1074,2.6186,0.2089,5.1987,119.058,1.5743,3.2491,0.0891
5-Nov-24,4.346,5.6418,4.7334,2.8555,5.0391,2.8764,3.1303,3.2975,55.9158,12.9161,7.4494,13.6089,0.3153,0.0276,115.6959,5.8008,0.6114,3.2974,0.0172,0.1066,2.6078,0.2076,5.1661,118.3229,1.5644,3.2288,0.0884
6-Nov-24,4.4025,5.6878,4.7426,2.8604,5.0406,2.8999,3.1687,3.3133,56.6285,12.8981,7.5013,13.6936,0.3156,0.0278,117.1969,5.872,0.6151,3.3135,0.0173,0.108,2.6268,0.2103,5.2262,119.8595,1.5845,3.2662,0.0894
7-Nov-24,4.4045,5.6939,4.743,2.8592,5.0288,2.9228,3.1736,3.3216,56.6656,12.8674,7.5085,13.662,0.3162,0.028,117.2439,5.8242,0.6154,3.3216,0.0174,0.1081,2.6425,0.2104,5.2214,119.914,1.5848,3.2633,0.0894
8-Nov-24,4.383,5.6788,4.7247,2.877,5.0249,2.9123,3.1556,3.3148,56.3824,12.8402,7.5103,13.6372,0.3155,0.028,116.684,5.8085,0.6118,3.3148,0.0173,0.1076,2.6305,0.2093,5.1946,119.3286,1.5783,3.2465,0.0889
11-Nov-24,4.4125,5.6919,4.7156,2.8696,5.0208,2.9039,3.1689,3.3162,56.755,12.8345,7.5247,13.6462,0.3162,0.0281,117.4756,5.8573,0.6133,3.3162,0.0174,0.1084,2.6307,0.2107,5.2285,120.1318,1.5881,3.2678,0.0896
12-Nov-24,4.437,5.6902,4.7172,2.8822,5.0332,2.9065,3.1801,3.3173,57.0429,12.7409,7.5472,13.6755,0.3155,0.0281,118.1121,5.8597,0.6132,3.3171,0.0175,0.1091,2.642,0.2119,5.2571,120.8021,1.5965,3.2855,0.0901
13-Nov-24,4.454,5.6768,4.7268,2.8733,5.0456,2.9058,3.1913,3.3261,57.2597,12.7887,7.5813,13.7372,0.3182,0.0282,118.552,5.8698,0.6171,3.3261,0.0176,0.1096,2.6399,0.2127,5.2777,121.2649,1.603,3.298,0.0903
14-Nov-24,4.4845,5.6816,4.7246,2.8755,5.0527,2.9021,3.2036,3.3316,57.6292,12.8257,7.6267,13.7658,0.3191,0.0283,119.3575,5.9111,0.6192,3.3316,0.0177,0.1101,2.6299,0.2142,5.3129,122.0953,1.6149,3.3206,0.0909
15-Nov-24,4.469,5.6593,4.7242,2.8735,5.038,2.8908,3.1813,3.3318,57.4086,12.8162,7.6078,13.7669,0.3205,0.0282,118.9988,5.8625,0.6184,3.3317,0.0176,0.1103,2.6226,0.2134,5.2932,121.6733,1.6099,3.3094,0.0905
18-Nov-24,4.482,5.6556,4.7272,2.8923,5.0516,2.8929,3.1786,3.3331,57.5741,12.8701,7.638,13.7698,0.3203,0.0283,119.4054,5.892,0.6188,3.3331,0.0176,0.1106,2.6195,0.2141,5.3105,122.0273,1.6134,3.319,0.0907
19-Nov-24,4.469,5.6557,4.7244,2.9066,5.0606,2.9055,3.1872,3.3373,57.4304,12.9113,7.5984,13.7928,0.3204,0.0282,119.04,5.866,0.6173,3.3373,0.0176,0.1097,2.6311,0.2134,5.2942,121.6733,1.6081,3.3091,0.0903
20-Nov-24,4.4675,5.663,4.7197,2.8704,5.0509,2.911,3.1976,3.3291,57.4089,12.8821,7.5682,13.7343,0.32,0.0282,119.0096,5.8715,0.6168,3.3295,0.0176,0.1096,2.6298,0.2134,5.2942,121.6308,1.607,3.3075,0.0899
21-Nov-24,4.46,5.6377,4.7008,2.8878,5.0495,2.9077,3.1952,3.324,57.3077,12.8753,7.5596,13.7058,0.3191,0.028,118.7971,5.8564,0.6163,3.324,0.0175,0.1103,2.62,0.213,5.2789,121.425,1.6046,3.2992,0.0895
22-Nov-24,4.4645,5.605,4.6618,2.8895,5.0341,2.9042,3.1943,3.3151,57.3589,12.9058,7.5753,13.7066,0.3181,0.0281,118.9122,5.8589,0.616,3.3155,0.0176,0.1106,2.6086,0.2132,5.2853,121.5491,1.6077,3.3035,0.0898
25-Nov-24,4.4625,5.6053,4.6705,2.8847,5.0095,2.902,3.195,3.3119,57.3457,12.8881,7.5648,13.7456,0.3185,0.0281,118.8605,5.8336,0.6158,3.3116,0.0176,0.1108,2.6065,0.2131,5.2952,121.4947,1.6067,3.3095,0.0899
26-Nov-24,4.4665,5.607,4.686,2.9009,5.0381,2.8938,3.1617,3.3137,57.3934,12.8505,7.5665,13.7541,0.3191,0.028,118.9386,5.852,0.6156,3.3137,0.0176,0.1109,2.6075,0.2133,5.2983,121.6036,1.6075,3.3115,0.09
27-Nov-24,4.441,5.5954,4.6695,2.9251,5.0275,2.8809,3.1591,3.3043,57.0694,12.8464,7.5579,13.6575,0.3185,0.0279,118.206,5.8255,0.6124,3.3043,0.0175,0.11,2.6138,0.2121,5.2601,120.9093,1.5981,3.2876,0.0895
28-Nov-24,4.445,5.6229,4.687,2.9275,5.0274,2.8886,3.1726,3.3084,57.1113,12.8878,7.5621,13.6408,0.3184,0.028,118.3314,5.8403,0.6131,3.3084,0.0175,0.1099,2.6183,0.2123,5.2601,121.0215,1.5989,3.2878,0.0895
29-Nov-24,4.4405,5.6414,4.6936,2.9565,5.04,2.8905,3.1693,3.315,57.052,12.9744,7.5738,13.6673,0.3183,0.028,118.2037,5.8344,0.6138,3.315,0.0175,0.1098,2.6257,0.2121,5.2553,120.8957,1.597,3.2846,0.0895
2-Dec-24,4.464,5.6673,4.6883,2.9716,5.0398,2.8998,3.1798,3.3166,57.3694,12.9542,7.6002,13.6828,0.3177,0.0281,118.8214,5.8653,0.6139,3.3166,0.0176,0.1103,2.6344,0.2132,5.2704,121.5355,1.6063,3.294,0.0898
3-Dec-24,4.4665,5.6682,4.7012,2.9793,5.0449,2.9046,3.1871,3.323,57.3905,13.0001,7.623,13.7215,0.3189,0.028,118.8753,5.8722,0.6133,3.323,0.0176,0.1104,2.6364,0.2133,5.2752,121.6003,1.6075,3.297,0.0898
4-Dec-24,4.4515,5.6409,4.6701,2.9589,5.0189,2.8599,3.162,3.3062,57.1875,12.9706,7.6342,13.694,0.3142,0.0279,118.4697,5.8511,0.612,3.3062,0.0175,0.1101,2.6017,0.2126,5.2541,121.1936,1.6021,3.2838,0.0893
5-Dec-24,4.4265,5.6341,4.6613,2.9472,5.0034,2.8527,3.1483,3.2994,56.8816,12.9676,7.6319,13.6507,0.3125,0.0279,117.8075,5.8146,0.6093,3.2994,0.0174,0.1086,2.5986,0.2114,5.2247,120.5129,1.5928,3.2652,0.0886
6-Dec-24,4.4195,5.6399,4.6767,2.9391,5.029,2.8398,3.1485,3.3004,56.8063,12.9985,7.6522,13.6341,0.3111,0.0279,117.6431,5.8147,0.6085,3.3004,0.0174,0.1094,2.5859,0.2111,5.2198,120.3207,1.5897,3.2623,0.0884
9-Dec-24,4.4245,5.6496,4.6756,2.9413,5.0293,2.8478,3.1272,3.3026,56.9119,13.067,7.6271,13.6416,0.3085,0.0279,117.7778,5.8303,0.6082,3.3026,0.0174,0.1095,2.5925,0.2113,5.2232,120.4568,1.5918,3.2645,0.0874
10-Dec-24,4.4265,5.6398,4.6644,2.9192,5.0295,2.8299,3.1209,3.3013,56.9255,13.0981,7.6299,13.6146,0.3095,0.0279,117.8201,5.8293,0.6102,3.3013,0.0175,0.1095,2.5778,0.2114,5.2165,120.5146,1.592,3.2603,0.0877
11-Dec-24,4.431,5.6489,4.655,2.9222,5.0116,2.8172,3.1246,3.2969,56.9849,13.0901,7.599,13.6192,0.3087,0.0278,117.9022,5.827,0.6099,3.2969,0.0175,0.1098,2.5602,0.2116,5.2209,120.6354,1.5933,3.2632,0.0876
12-Dec-24,4.438,5.6636,4.6641,2.9099,5.0017,2.8423,3.1387,3.3018,57.0775,13.1387,7.6189,13.6491,0.3099,0.0279,118.101,5.829,0.6108,3.3018,0.0175,0.1102,2.5765,0.212,5.2301,120.8277,1.5957,3.2688,0.0873
13-Dec-24,4.4535,5.6241,4.6621,2.9076,4.9824,2.8349,3.1304,3.3013,57.282,13.0687,7.6167,13.6968,0.3104,0.0278,118.5135,5.8482,0.6117,3.3013,0.0175,0.1103,2.5659,0.2127,5.2516,121.2497,1.6017,3.282,0.0876
16-Dec-24,4.4525,5.6284,4.6791,2.8968,4.9966,2.8351,3.1291,3.301,57.2728,13.0812,7.5826,13.7122,0.3102,0.0278,118.5295,5.8372,0.6114,3.3007,0.0175,0.1104,2.5729,0.2127,5.2487,121.2191,1.601,3.2803,0.0876
17-Dec-24,4.4675,5.6704,4.6862,2.9037,4.983,2.8342,3.1284,3.3086,57.502,13.0457,7.572,13.754,0.3107,0.0278,118.9019,5.8557,0.6132,3.3086,0.0176,0.1108,2.5726,0.2134,5.2607,121.6308,1.6059,3.2877,0.0879
18-Dec-24,4.4665,5.6669,4.6867,2.9087,4.9989,2.8197,3.1185,3.3057,57.4713,13.0333,7.571,13.7473,0.3106,0.0278,118.8753,5.8567,0.613,3.3057,0.0175,0.1107,2.5613,0.2133,5.2578,121.6036,1.6054,3.2862,0.0879
19-Dec-24,4.5045,5.6975,4.6885,2.8708,5.017,2.8115,3.1289,3.3134,57.9778,13.0169,7.6335,13.7993,0.3112,0.0277,119.9026,5.9088,0.6173,3.3134,0.0177,0.1115,2.5446,0.2151,5.2946,122.6382,1.6186,3.3091,0.0885
20-Dec-24,4.508,5.6377,4.6849,2.8729,5.0304,2.8123,3.1332,3.3184,58.0132,13.06,7.6657,13.8039,0.311,0.0278,119.9574,5.8831,0.6176,3.3184,0.0177,0.1118,2.5425,0.2153,5.3023,122.7301,1.6195,3.3142,0.0885
23-Dec-24,4.4895,5.6453,4.6776,2.8672,5.017,2.8089,3.1227,3.3132,57.7766,13.1426,7.6665,13.7336,0.3091,0.0278,119.4588,5.8544,0.6151,3.313,0.0176,0.1116,2.5386,0.2144,5.2758,122.2298,1.612,3.2975,0.0881
24-Dec-24,4.488,5.6262,4.6655,2.8574,4.9872,2.8012,3.1183,3.3015,57.79,13.1439,7.677,13.7183,0.3073,0.0277,119.4952,5.8529,0.6149,3.3015,0.0176,0.1113,2.5339,0.2144,5.2683,122.189,1.6121,3.2921,0.0879
26-Dec-24,4.4695,5.5992,4.646,2.8406,4.9661,2.7832,3.104,3.2889,57.5396,13.0611,7.7094,13.6473,0.3047,0.0276,119.0121,5.8288,0.6123,3.2889,0.0176,0.1109,2.5195,0.2135,5.2417,121.6836,1.6059,3.276,0.0878
27-Dec-24,4.476,5.6057,4.6604,2.8356,4.9703,2.7832,3.1092,3.2919,57.6589,13.1357,7.7381,13.6102,0.3034,0.0276,119.2011,5.8373,0.6132,3.2919,0.0176,0.1111,2.5204,0.2138,5.2311,121.8589,1.6079,3.2703,0.088
30-Dec-24,4.472,5.6191,4.6567,2.8321,4.951,2.7823,3.1035,3.2919,57.6122,13.15,7.7117,13.6263,0.3035,0.0277,119.0946,5.8321,0.6127,3.2919,0.0176,0.1108,2.5256,0.2136,5.227,121.7517,1.6059,3.2669,0.0879
31-Dec-24,4.4755,5.6185,4.6626,2.8661,4.9593,2.7817,3.1146,3.2878,57.6424,13.0662,7.7391,13.6261,0.3033,0.0278,119.1402,5.8366,0.6131,3.2878,0.0176,0.1109,2.5193,0.2138,5.2287,121.852,1.607,3.2681,0.088
2-Jan-25,4.4785,5.5972,4.6408,2.8566,4.9489,2.7827,3.1077,3.2879,57.5887,13.0721,7.7336,13.6251,0.3058,0.0277,119.2613,5.8405,0.6135,3.2879,0.0176,0.1107,2.5149,0.2139,5.2242,121.9303,1.6072,3.2643,0.0882
3-Jan-25,4.501,5.5783,4.6273,2.8608,4.9437,2.7942,3.1256,3.2799,57.8572,13.0454,7.7377,13.6506,0.3057,0.0278,119.8573,5.8508,0.6152,3.2799,0.0177,0.1113,2.5192,0.215,5.2462,122.5429,1.6162,3.2789,0.0886
6-Jan-25,4.5125,5.6321,4.6707,2.8621,4.979,2.8205,3.1421,3.3018,58.0293,13.0316,7.7445,13.7388,0.308,0.0279,120.1667,5.8595,0.6157,3.3018,0.0178,0.1115,2.5457,0.2155,5.2572,122.856,1.62,3.2858,0.0891
7-Jan-25,4.4925,5.6433,4.6834,2.8536,4.974,2.8231,3.1395,3.3039,57.7903,13.0217,7.731,13.7518,0.3109,0.0279,119.666,5.8336,0.6132,3.3039,0.0177,0.111,2.5547,0.2146,5.24,122.3115,1.6125,3.275,0.0887
8-Jan-25,4.5015,5.6008,4.6449,2.8446,4.9359,2.7986,3.1332,3.2917,57.8714,12.9895,7.7087,13.6961,0.3083,0.0278,119.9217,5.8696,0.614,3.2917,0.0177,0.111,2.5292,0.215,5.2431,122.5565,1.6155,3.2768,0.0889
9-Jan-25,4.5055,5.5364,4.6443,2.849,4.9424,2.7907,3.1322,3.2902,57.9121,12.9879,7.7004,13.6854,0.3082,0.0278,120.025,5.8457,0.6145,3.2901,0.0177,0.1112,2.5193,0.2152,5.2442,122.6654,1.6175,3.2776,0.089
10-Jan-25,4.4975,5.5265,4.6336,2.8497,4.9285,2.7828,3.1208,3.2861,57.7725,12.9986,7.6972,13.6379,0.3068,0.0278,119.8119,5.8353,0.6133,3.2861,0.0177,0.1109,2.5107,0.2148,5.2336,122.4476,1.6149,3.2706,0.089
13-Jan-25,4.51,5.4733,4.6099,2.8616,4.922,2.773,3.1271,3.2842,57.9189,12.9736,7.6831,13.6229,0.3067,0.0277,120.1449,5.851,0.6151,3.2842,0.0178,0.1112,2.5044,0.2154,5.2132,122.7879,1.6188,3.2581,0.0893
14-Jan-25,4.4985,5.4938,4.6161,2.8526,4.9151,2.7884,3.1306,3.2865,57.7868,12.9722,7.674,13.6215,0.3081,0.0277,119.8418,5.8125,0.6136,3.2865,0.0177,0.111,2.5284,0.2149,5.1941,122.4748,1.6144,3.2467,0.089
15-Jan-25,4.503,5.4966,4.6363,2.866,4.937,2.7903,3.1374,3.2918,57.8223,12.9667,7.6791,13.6432,0.3082,0.0276,119.9584,5.8313,0.6142,3.2918,0.0177,0.1113,2.5269,0.2151,5.2114,122.599,1.617,3.2574,0.0892
16-Jan-25,4.504,5.4978,4.6373,2.8888,4.944,2.8013,3.1338,3.295,57.8337,13.0249,7.6913,13.6738,0.309,0.0275,120.0458,5.845,0.6143,3.2952,0.0177,0.1114,2.5252,0.2151,5.2047,122.6229,1.6155,3.2529,0.0893
17-Jan-25,4.507,5.4938,4.6409,2.8946,4.9522,2.7986,3.1282,3.2972,57.8904,13.0873,7.6911,13.6974,0.3093,0.0275,120.1194,5.8478,0.615,3.2972,0.0178,0.1113,2.5232,0.2153,5.2038,122.7062,1.6172,3.2522,0.0894
20-Jan-25,4.4965,5.4828,4.6359,2.8795,4.9266,2.7919,3.1089,3.2956,57.7708,13.1093,7.689,13.7206,0.3101,0.0275,119.8428,5.8358,0.6147,3.2957,0.0178,0.111,2.5223,0.2148,5.195,122.422,1.614,3.2468,0.0894
21-Jan-25,4.4715,5.4809,4.6327,2.871,4.9186,2.7873,3.0986,3.2894,57.4477,13.1264,7.6488,13.6593,0.3103,0.0274,119.178,5.8034,0.614,3.2894,0.0177,0.1106,2.5208,0.2136,5.1671,121.7414,1.6038,3.2288,0.0889
22-Jan-25,4.4405,5.4791,4.6286,2.8515,4.9055,2.7857,3.0991,3.2811,57.0106,13.1337,7.5932,13.5638,0.3098,0.0273,118.3628,5.7778,0.6103,3.2811,0.0176,0.1097,2.5175,0.2121,5.1379,120.8941,1.5927,3.2112,0.0883
23-Jan-25,4.4465,5.4674,4.6217,2.8415,4.8981,2.7817,3.0888,3.2755,57.0778,13.0808,7.5711,13.5568,0.3088,0.0273,118.5354,5.8086,0.6101,3.2754,0.0177,0.11,2.5125,0.2124,5.1396,121.0558,1.5953,3.2122,0.0883
24-Jan-25,4.3835,5.4373,4.5998,2.8211,4.8509,2.771,3.0593,3.2561,56.285,13.0277,7.5202,13.4105,0.3069,0.0271,116.8622,5.7128,0.605,3.256,0.0175,0.1086,2.5045,0.2094,5.0845,119.3455,1.5728,3.1778,0.0872
27-Jan-25,4.374,5.4489,4.5875,2.8195,4.8471,2.753,3.042,3.2488,56.1583,12.9648,7.4827,13.3216,0.3051,0.027,116.6042,5.7219,0.6024,3.2488,0.0174,0.1084,2.4892,0.2089,5.0637,119.0885,1.5687,3.1642,0.087
28-Jan-25,4.3955,5.4647,4.5825,2.8219,4.847,2.7472,3.0513,3.2492,56.4144,12.9489,7.515,13.3314,0.3036,0.0272,117.1915,5.7632,0.6062,3.2492,0.0175,0.109,2.4881,0.2099,5.0798,119.6738,1.5763,3.1746,0.0875
31-Jan-25,4.456,5.531,4.6276,2.8823,4.8913,2.7723,3.0795,3.2873,57.1814,13.2481,7.6288,13.5396,0.3074,0.0273,118.8045,5.8166,0.6145,3.2876,0.0178,0.1104,2.5176,0.2128,5.1425,121.3194,1.5976,3.2141,0.0887
3-Feb-25,4.4815,5.5147,4.5906,2.8828,4.8901,2.7514,3.0495,3.2792,57.5115,13.1702,7.645,13.577,0.3057,0.0273,119.4844,5.8431,0.618,3.2793,0.0177,0.111,2.4915,0.214,5.1464,122.0153,1.6063,3.2161,0.089
4-Feb-25,4.451,5.5288,4.5999,2.8671,4.8907,2.7612,3.0804,3.2808,57.1553,13.1492,7.6294,13.5268,0.3054,0.0272,118.668,5.7759,0.6138,3.2806,0.0177,0.1104,2.495,0.2126,5.1108,121.1833,1.5959,3.1942,0.0884
5-Feb-25,4.424,5.5327,4.6025,2.8905,4.9,2.7783,3.0972,3.2773,56.797,13.1432,7.6184,13.4792,0.306,0.0272,117.9545,5.7578,0.6084,3.2773,0.0176,0.1097,2.5137,0.2113,5.0597,120.4481,1.5865,3.1615,0.0879
6-Feb-25,4.435,5.5202,4.5969,2.9054,4.9054,2.7761,3.0888,3.278,56.9704,13.1,7.6268,13.5119,0.3058,0.0272,118.2446,5.8001,0.6085,3.278,0.0176,0.1101,2.5087,0.2118,5.0642,120.7476,1.589,3.1651,0.0882
7-Feb-25,4.437,5.5309,4.6136,2.924,4.8984,2.7938,3.1012,3.2892,56.9613,13.1867,7.646,13.5555,0.3076,0.0273,118.3011,5.7882,0.6089,3.2892,0.0175,0.1101,2.5242,0.2119,5.0772,120.8037,1.5903,3.1733,0.0882
10-Feb-25,4.476,5.5491,4.6201,2.9371,4.9165,2.8078,3.1221,3.3052,57.4557,13.1938,7.7046,13.648,0.3084,0.0274,119.3568,5.8458,0.6125,3.3052,0.0176,0.111,2.5301,0.2138,5.111,121.8639,1.6036,3.1944,0.089
12-Feb-25,4.4715,5.5639,4.6376,2.9118,4.9057,2.8088,3.1266,3.3034,57.4053,13.1091,7.6843,13.6166,0.3077,0.0273,119.2209,5.8248,0.6117,3.3033,0.0175,0.1111,2.5235,0.2136,5.1463,121.7381,1.6015,3.2164,0.0882
13-Feb-25,4.459,5.5628,4.6432,2.8949,4.9119,2.7953,3.1195,3.3038,57.2474,13.1787,7.684,13.5883,0.3074,0.0273,118.894,5.8172,0.6112,3.3038,0.0175,0.111,2.5142,0.213,5.1328,121.3978,1.5966,3.2072,0.088
14-Feb-25,4.435,5.5812,4.6463,2.9033,4.9098,2.8089,3.1302,3.3061,56.9704,13.1974,7.6836,13.5416,0.308,0.0273,118.2477,5.7913,0.6105,3.3061,0.0175,0.1104,2.5277,0.2118,5.1056,120.746,1.5888,3.191,0.0876
17-Feb-25,4.4325,5.581,4.6426,2.9204,4.9228,2.8188,3.1232,3.3041,56.9672,13.1294,7.6383,13.5352,0.3072,0.0273,118.1842,5.8086,0.6106,3.3041,0.0174,0.1105,2.5405,0.2117,5.1029,120.6796,1.5876,3.1888,0.0875
18-Feb-25,4.447,5.6077,4.6498,2.9266,4.9386,2.8261,3.1331,3.3132,57.1906,13.1978,7.6396,13.5878,0.3087,0.0273,118.574,5.8276,0.611,3.3133,0.0174,0.1105,2.5386,0.2124,5.1136,121.0711,1.5922,3.1959,0.0878
19-Feb-25,4.4435,5.6046,4.6392,2.9287,4.9113,2.8258,3.1307,3.3104,57.1475,13.1855,7.6454,13.5601,0.3083,0.0272,118.4807,5.8241,0.6099,3.3105,0.0174,0.1103,2.5441,0.2122,5.1165,120.9774,1.5905,3.1938,0.0876
20-Feb-25,4.4255,5.5797,4.6173,2.9436,4.9047,2.8208,3.113,3.3051,56.8918,13.1623,7.6394,13.5064,0.3074,0.0271,118.0039,5.7923,0.6092,3.3051,0.0173,0.1099,2.5356,0.2114,5.1098,120.489,1.5839,3.1933,0.0875
21-Feb-25,4.4175,5.5923,4.628,2.9365,4.9187,2.8204,3.1123,3.3037,56.8423,13.1268,7.6223,13.4762,0.3079,0.0271,117.7969,5.7921,0.609,3.3037,0.0173,0.1098,2.5438,0.211,5.0916,120.2712,1.5805,3.1823,0.0873
24-Feb-25,4.4063,5.5732,4.6178,2.9488,4.9087,2.807,3.1027,3.2959,56.6895,13.1471,7.6203,13.4843,0.3088,0.0271,117.4969,5.7846,0.6082,3.2959,0.0173,0.1097,2.5334,0.2105,5.0803,119.9649,1.5739,3.1752,0.0871
25-Feb-25,4.4215,5.5799,4.6295,2.9584,4.932,2.8021,3.1005,3.3022,56.878,13.128,7.6325,13.4921,0.3085,0.0271,117.9098,5.8059,0.6086,3.3021,0.0173,0.1099,2.5311,0.2112,5.0747,120.3866,1.5812,3.1715,0.0874
26-Feb-25,4.428,5.6025,4.6507,2.9659,4.9519,2.8031,3.0912,3.3116,56.9738,13.1268,7.6516,13.4971,0.3092,0.0271,118.0769,5.8171,0.6103,3.3115,0.0173,0.1101,2.5295,0.2115,5.0855,120.5636,1.584,3.1732,0.0875
27-Feb-25,4.4445,5.6318,4.6574,2.9686,4.9537,2.8003,3.1019,3.3142,57.1622,13.099,7.6748,13.5449,0.3078,0.027,118.5042,5.8394,0.6114,3.3139,0.0174,0.1105,2.5265,0.2123,5.0944,121.0178,1.5893,3.184,0.0878
28-Feb-25,4.459,5.6188,4.6385,2.9613,4.9476,2.7724,3.0884,3.3068,57.3192,13.0495,7.6893,13.5664,0.3054,0.0269,118.8972,5.8554,0.6124,3.3068,0.0174,0.1108,2.4984,0.213,5.103,121.4126,1.5948,3.1893,0.088
3-Mar-25,4.466,5.6234,4.6453,2.9751,4.9551,2.7772,3.094,3.3093,57.4246,13.028,7.7074,13.5753,0.3057,0.0271,119.0806,5.846,0.6124,3.3093,0.0174,0.1111,2.5025,0.2133,5.111,121.6016,1.5964,3.1939,0.0882
4-Mar-25,4.467,5.6816,4.6986,2.9967,5.0062,2.774,3.0911,3.3243,57.4456,13.2031,7.742,13.5792,0.306,0.0272,119.1105,5.8559,0.6138,3.3242,0.0175,0.1111,2.5098,0.2134,5.1135,121.6271,1.5971,3.1955,0.0882
5-Mar-25,4.432,5.692,4.7414,2.97,4.998,2.7848,3.08,3.3171,57.0293,13.1748,7.7339,13.5097,0.3059,0.0272,118.1678,5.8385,0.6108,3.3171,0.0174,0.1102,2.5169,0.2117,5.095,120.6775,1.5837,3.1844,0.0875
6-Mar-25,4.4225,5.7019,4.7761,2.9852,4.9786,2.8017,3.0818,3.3191,56.8873,13.1173,7.7159,13.4558,0.3059,0.0271,117.905,5.8484,0.6106,3.3191,0.0174,0.1099,2.5374,0.2112,5.0793,120.4155,1.5806,3.1741,0.0872
7-Mar-25,4.411,5.6992,4.7862,2.9938,5.0248,2.7862,3.0855,3.3174,56.7525,13.1202,7.7157,13.4486,0.3053,0.0271,117.5828,5.8607,0.6096,3.3174,0.0173,0.1097,2.5264,0.2107,5.0713,120.1057,1.5754,3.1695,0.087
10-Mar-25,4.42,5.6919,4.7782,3.0031,5.0302,2.7906,3.0736,3.3165,56.8957,13.0673,7.6936,13.4412,0.3038,0.0271,117.8133,5.8839,0.6084,3.3165,0.0173,0.11,2.5316,0.2111,5.0607,120.3442,1.5786,3.1629,0.0874
11-Mar-25,4.416,5.7101,4.8212,2.9981,5.0153,2.7781,3.0632,3.3182,56.8417,13.0458,7.7152,13.4364,0.304,0.0269,117.7474,5.8781,0.6107,3.3182,0.0173,0.1098,2.5191,0.2109,5.0647,120.2352,1.5777,3.1654,0.0872
12-Mar-25,4.43,5.734,4.8387,2.9863,5.025,2.7907,3.069,3.3245,57.0197,13.093,7.7339,13.4516,0.3056,0.0269,118.1239,5.9065,0.6117,3.3245,0.0174,0.1102,2.5333,0.2116,5.079,120.6197,1.5819,3.1744,0.0876
13-Mar-25,4.434,5.7409,4.8211,2.9975,5.0295,2.7892,3.0816,3.323,57.0598,13.1261,7.7301,13.4396,0.3047,0.027,118.2211,5.9079,0.6121,3.323,0.0174,0.1102,2.5298,0.2118,5.0937,120.727,1.5836,3.1836,0.0875
14-Mar-25,4.441,5.7435,4.8203,2.9828,5.026,2.8025,3.0809,3.3252,57.141,13.2133,7.7567,13.4702,0.3052,0.0272,118.4109,5.9112,0.6142,3.3252,0.0174,0.1105,2.544,0.2121,5.1076,120.9192,1.5851,3.1903,0.0877
17-Mar-25,4.4485,5.7575,4.8413,2.9871,5.0357,2.8208,3.0971,3.3343,57.2416,13.2229,7.7635,13.4783,0.307,0.0271,118.6109,5.9276,0.6146,3.3343,0.0174,0.1106,2.5686,0.2125,5.1218,121.1234,1.5882,3.2015,0.0881
19-Mar-25,4.4335,5.7518,4.8358,2.9629,5.0547,2.8051,3.0955,3.3256,57.0541,13.1832,7.744,13.419,0.3043,0.0268,118.2015,5.9097,0.6126,3.3256,0.0174,0.1103,2.5654,0.2118,5.1247,120.7052,1.5827,3.2029,0.0877
20-Mar-25,4.4235,5.7382,4.8061,2.9779,5.0216,2.7917,3.0816,3.3171,56.9184,13.1339,7.7314,13.4001,0.302,0.0269,117.9317,5.8948,0.6109,3.3171,0.0173,0.1101,2.5479,0.2113,5.1239,120.4296,1.579,3.2028,0.0874
21-Mar-25,4.42,5.7199,4.7897,2.9568,5.0023,2.7813,3.0845,3.3102,56.8631,13.0566,7.7102,13.3944,0.3024,0.0268,117.829,5.8822,0.6098,3.3102,0.0173,0.11,2.5457,0.2111,5.1404,120.336,1.5774,3.2129,0.0874
24-Mar-25,4.4325,5.7414,4.8062,2.9628,5.0238,2.7905,3.0922,3.3146,57.0177,13.0868,7.7322,13.4229,0.3023,0.0268,118.1622,5.897,0.6111,3.3146,0.0173,0.1102,2.5414,0.2117,5.1816,120.6763,1.5811,3.2385,0.0875
25-Mar-25,4.437,5.7291,4.7877,2.9456,5.0187,2.788,3.0973,3.3138,57.0661,13.0596,7.7098,13.4156,0.3021,0.0267,118.2695,5.8967,0.6109,3.3138,0.0173,0.1105,2.5355,0.2119,5.1763,120.7972,1.5825,3.2343,0.0877
26-Mar-25,4.4305,5.7184,4.7849,2.951,5.0147,2.801,3.1088,3.3138,56.9814,13.0453,7.6793,13.3892,0.3024,0.0267,118.1026,5.8842,0.61,3.3136,0.0173,0.1103,2.5495,0.2116,5.1686,120.6218,1.5802,3.2304,0.0876
27-Mar-25,4.4335,5.7296,4.7775,2.9433,5.0167,2.7991,3.1038,3.3103,57.0104,13.0724,7.7198,13.3837,0.3026,0.0268,118.1825,5.8809,0.6103,3.3103,0.0173,0.1104,2.5482,0.2118,5.1664,120.7052,1.5827,3.2289,0.0877
28-Mar-25,4.432,5.7381,4.777,2.9441,5.0232,2.7911,3.0946,3.3056,56.9823,13.0372,7.7213,13.3818,0.3022,0.0268,118.1552,5.8773,0.6103,3.3056,0.0173,0.1103,2.5349,0.2117,5.1863,120.6627,1.5823,3.2414,0.0876
2-Apr-25,4.453,5.7533,4.8081,2.9754,5.0351,2.8085,3.1132,3.3147,57.2258,13.0319,7.7848,13.4345,0.3044,0.0269,118.6992,5.9102,0.6124,3.3148,0.0174,0.1109,2.5562,0.2127,5.2027,121.2344,1.5898,3.2507,0.0881
3-Apr-25,4.454,5.8624,4.9036,3.034,5.1426,2.8221,3.1519,3.3287,57.2461,12.9798,7.8067,13.4116,0.3057,0.0269,118.729,5.9118,0.61,3.3287,0.0173,0.111,2.5818,0.2127,5.2086,121.2633,1.5879,3.2547,0.0881
4-Apr-25,4.435,5.7577,4.8769,3.0291,5.1838,2.7526,3.1383,3.3191,57.051,12.9735,7.8021,13.4484,0.3072,0.0268,118.2036,5.9415,0.609,3.3191,0.0172,0.1104,2.5237,0.2118,5.1992,120.7443,1.5818,3.2486,0.0877
7-Apr-25,4.4735,5.7581,4.9173,3.0597,5.2555,2.6845,3.1387,3.3184,57.5966,12.9987,7.7877,13.521,0.3054,0.027,119.1313,5.9906,0.6119,3.3184,0.0173,0.1114,2.4891,0.2137,5.211,121.7942,1.5955,3.2562,0.0866
8-Apr-25,4.4875,5.7229,4.9075,3.0439,5.2229,2.7212,3.165,3.3231,57.7612,12.9081,7.8302,13.5944,0.3033,0.0266,119.5392,5.9844,0.6116,3.3231,0.0173,0.1117,2.5139,0.2143,5.2073,122.172,1.5981,3.2541,0.0873
9-Apr-25,4.4935,5.7629,4.9552,3.0927,5.3313,2.7004,3.1637,3.3332,57.9044,12.9823,7.832,13.6291,0.3039,0.0266,119.6958,5.9794,0.6114,3.3332,0.0173,0.1118,2.4988,0.2146,5.1898,122.3354,1.6012,3.2436,0.0869
10-Apr-25,4.4705,5.7533,4.9341,3.0555,5.283,2.7509,3.1757,3.3357,57.5932,13.0697,7.7898,13.5956,0.3051,0.0266,119.0927,5.9718,0.6089,3.3357,0.0173,0.1113,2.5363,0.2135,5.1815,121.7108,1.5938,3.2229,0.0872
11-Apr-25,4.4205,5.7948,5.0515,3.104,5.4366,2.7487,3.1792,3.3546,56.9968,13.1523,7.7576,13.679,0.3087,0.0263,117.7544,5.9201,0.6045,3.3546,0.0172,0.11,2.5685,0.2111,5.135,120.3479,1.5766,3.2094,0.0861
14-Apr-25,4.4165,5.817,5.0295,3.0903,5.4054,2.7987,3.1912,3.3605,56.9382,13.1836,7.7385,13.6354,0.3113,0.0263,117.6761,5.9719,0.6048,3.3605,0.0171,0.1099,2.5989,0.2109,5.1366,120.2407,1.5742,3.208,0.0866
15-Apr-25,4.4145,5.8397,5.0089,3.089,5.4182,2.8028,3.1858,3.3545,56.9161,13.1737,7.7856,13.6107,0.3087,0.0263,117.6478,5.9806,0.6034,3.3544,0.0171,0.1099,2.6074,0.2108,5.1475,120.1862,1.5734,3.2172,0.0866
16-Apr-25,4.413,5.8644,5.0176,3.0939,5.3998,2.8102,3.1717,3.359,56.8803,13.2812,7.7691,13.5893,0.3103,0.0262,117.6047,5.973,0.6033,3.359,0.0171,0.1098,2.6127,0.2108,5.1529,120.1438,1.5735,3.22,0.0865
17-Apr-25,4.41,5.8386,5.0179,3.0907,5.4001,2.8023,3.1778,3.3608,56.8105,13.2313,7.7877,13.5722,0.3112,0.0262,117.5248,5.9744,0.6042,3.3608,0.017,0.1097,2.6131,0.2106,5.1588,120.0637,1.5719,3.224,0.0863
18-Apr-25,4.4165,5.8627,5.0222,3.1017,5.3922,2.8131,3.1858,3.3661,56.8957,13.2033,7.7854,13.5426,0.3098,0.0263,117.7074,5.9819,0.6047,3.3661,0.017,0.1099,2.6172,0.2109,5.1666,120.2407,1.5682,3.2333,0.0864
21-Apr-25,4.371,5.8637,5.052,3.1094,5.4288,2.8106,3.169,3.3568,56.3233,13.2034,7.7238,13.4858,0.3083,0.026,116.501,5.9283,0.5998,3.3569,0.0169,0.1088,2.6294,0.2088,5.1371,119.0019,1.5566,3.2108,0.0855
22-Apr-25,4.387,5.8733,5.0451,3.122,5.412,2.8114,3.1747,3.358,56.5594,13.2248,7.7396,13.496,0.3077,0.026,116.9461,5.9851,0.5999,3.358,0.0169,0.1092,2.6342,0.2095,5.1538,119.4359,1.5629,3.2209,0.0859
23-Apr-25,4.398,5.8581,5.0194,3.1029,5.3536,2.8202,3.1844,3.3542,56.6826,13.135,7.7738,13.5286,0.3086,0.0261,117.2487,5.989,0.603,3.3542,0.0169,0.1095,2.6333,0.2101,5.1448,119.737,1.5657,3.2155,0.0863
24-Apr-25,4.377,5.8223,4.9812,3.0686,5.2945,2.7912,3.1602,3.3346,56.4166,13.0696,7.7413,13.4545,0.3048,0.0259,116.6858,5.9411,0.6001,3.3346,0.0168,0.109,2.615,0.2091,5.1269,119.1653,1.5577,3.2038,0.0859
25-Apr-25,4.3755,5.8207,4.9664,3.0507,5.2679,2.7962,3.1507,3.3289,56.4071,13.0503,7.7716,13.4544,0.3042,0.026,116.6458,5.9343,0.6006,3.3289,0.0168,0.109,2.6093,0.209,5.1226,119.1228,1.5578,3.2013,0.0859
28-Apr-25,4.366,5.8194,4.9526,3.0416,5.2555,2.7855,3.1444,3.3218,56.2814,12.9719,7.7387,13.4405,0.3023,0.0259,116.3863,5.9158,0.5982,3.3219,0.0168,0.1088,2.5927,0.2085,5.133,118.8626,1.5537,3.2082,0.086
29-Apr-25,4.326,5.8016,4.9252,3.0339,5.244,2.7766,3.128,3.3062,55.7564,12.9754,7.7038,13.4002,0.3016,0.0258,115.32,5.86,0.595,3.3062,0.0166,0.1077,2.5811,0.2066,5.0764,117.7768,1.5399,3.1727,0.0851
30-Apr-25,4.317,5.7705,4.9095,3.0208,5.2292,2.7583,3.1184,3.3063,55.6634,12.9252,7.7352,13.5029,0.3036,0.026,115.0924,5.8585,0.5943,3.3063,0.0166,0.1075,2.5554,0.2062,5.095,117.5302,1.5364,3.1842,0.0849
2-May-25,4.2735,5.6803,4.8432,2.9507,5.1719,2.7436,3.0899,3.2811,55.1043,12.9002,7.6795,13.9863,0.3036,0.026,113.957,5.7865,0.5877,3.281,0.0164,0.1063,2.532,0.2041,5.0727,116.3459,1.5208,3.1695,0.0841
5-May-25,4.212,5.5946,4.7707,2.9239,5.1058,2.7287,3.05,3.2591,54.348,12.7116,7.5604,14.2103,0.3044,0.0256,112.317,5.7032,0.5793,3.2591,0.0162,0.1047,2.5148,0.2012,4.9908,114.6731,1.4983,3.1193,0.0831
6-May-25,4.2265,5.6276,4.7876,2.9528,5.1286,2.7269,3.0581,3.2743,54.5344,12.9548,7.6016,14.0635,0.3055,0.0257,112.6826,5.7313,0.5855,3.2743,0.0163,0.1052,2.5268,0.2019,5.0053,115.0694,1.5025,3.1283,0.0834
7-May-25,4.239,5.6531,4.8147,2.9577,5.1357,2.7437,3.0732,3.2825,54.6488,12.9891,7.6523,13.9786,0.3045,0.0256,113.0099,5.7476,0.5865,3.2825,0.0163,0.1056,2.5404,0.2025,4.9962,115.4082,1.5065,3.1227,0.0836
8-May-25,4.2765,5.6732,4.8273,2.9532,5.1717,2.7429,3.0841,3.2966,55.0461,13.0232,7.6777,14.1202,0.3054,0.0259,114.0157,5.8036,0.5909,3.2966,0.0165,0.1065,2.5319,0.2043,5.0064,116.4307,1.5195,3.1285,0.0844
9-May-25,4.2995,5.7054,4.8395,2.9614,5.1786,2.7553,3.0905,3.3129,55.2774,13.0042,7.7445,14.2495,0.3072,0.026,114.6258,5.8136,0.5934,3.3129,0.0166,0.1071,2.5365,0.2054,5.0272,117.0569,1.5267,3.142,0.0849
13-May-25,4.3195,5.7065,4.8003,2.9202,5.1429,2.7669,3.0877,3.3091,55.3992,12.9832,7.7437,14.1702,0.3031,0.0262,115.1652,5.7963,0.6,3.3089,0.0166,0.1075,2.5444,0.2063,5.0599,117.6014,1.5339,3.1628,0.0856
14-May-25,4.3,5.7394,4.8328,2.9402,5.146,2.7913,3.0906,3.3144,55.1201,12.9411,7.7033,14.2379,0.3082,0.026,114.6453,5.7773,0.5966,3.3144,0.0166,0.1071,2.5628,0.2054,5.0403,117.0705,1.5269,3.1502,0.0853
15-May-25,4.281,5.6892,4.7992,2.9372,5.1168,2.7493,3.0616,3.2996,54.8129,12.8374,7.6826,14.1905,0.3064,0.0259,114.1357,5.7825,0.5936,3.2996,0.0165,0.1066,2.5222,0.2045,5.0013,116.5532,1.5206,3.1258,0.0854
16-May-25,4.295,5.7136,4.8095,2.9558,5.1406,2.7604,3.0779,3.311,54.9679,12.9173,7.7182,14.2502,0.3078,0.0261,114.5089,5.7936,0.5961,3.311,0.0166,0.107,2.5375,0.2051,5.0136,116.9344,1.5252,3.133,0.0856
19-May-25,4.2945,5.7409,4.8347,2.9639,5.1536,2.7631,3.0778,3.318,54.9211,12.9743,7.7116,14.2523,0.309,0.0261,114.4986,5.7945,0.5955,3.318,0.0165,0.1068,2.5335,0.2051,5.0298,116.9208,1.5245,3.1433,0.0859
20-May-25,4.2885,5.7354,4.8282,2.9681,5.1551,2.7526,3.0758,3.3106,54.7789,12.9552,7.7033,14.2069,0.308,0.0261,114.3387,5.8041,0.594,3.3106,0.0165,0.1068,2.5386,0.2048,5.0155,116.7574,1.5213,3.1343,0.0859
21-May-25,4.273,5.7254,4.8381,2.9649,5.1769,2.7516,3.0753,3.3095,54.552,13.0441,7.677,14.1673,0.3078,0.0261,113.9224,5.7764,0.5929,3.3095,0.0165,0.1064,2.5332,0.2041,4.9876,116.3338,1.5159,3.1165,0.0857
22-May-25,4.261,5.7104,4.8156,2.9739,5.1567,2.7426,3.0709,3.302,54.4443,13.0028,7.6618,14.1854,0.3078,0.0261,113.5994,5.7808,0.5914,3.302,0.0164,0.1061,2.5219,0.2035,4.9528,116.0087,1.511,3.0955,0.0853
23-May-25,4.231,5.707,4.799,2.9522,5.1207,2.7305,3.0627,3.2889,54.0278,12.9547,7.6536,14.1109,0.3091,0.0261,112.7996,5.7322,0.5886,3.2889,0.0163,0.1054,2.5147,0.2021,4.9555,115.1951,1.501,3.0976,0.0848
26-May-25,4.22,5.7244,4.804,2.9534,5.136,2.7485,3.077,3.286,53.842,12.9488,7.6129,14.0796,0.3078,0.026,112.5123,5.7326,0.5871,3.286,0.0163,0.1053,2.5396,0.2016,4.9581,114.8925,1.4965,3.1,0.0847
27-May-25,4.2375,5.7363,4.8089,2.9454,5.1367,2.7328,3.0789,3.2927,54.077,12.9488,7.6328,14.1276,0.3083,0.026,112.9789,5.7564,0.589,3.2927,0.0163,0.1055,2.5251,0.2024,4.9602,115.3689,1.5021,3.0999,0.085
28-May-25,4.227,5.7105,4.7902,2.9343,5.1137,2.7254,3.0592,3.2826,53.9272,12.9434,7.6212,14.1535,0.3084,0.0259,112.69,5.7395,0.588,3.2826,0.0163,0.1053,2.5258,0.2019,4.9519,115.083,1.4943,3.0947,0.0849
29-May-25,4.24,5.7068,4.7793,2.9183,5.1097,2.7291,3.065,3.2861,54.0865,12.9397,7.6058,14.2344,0.3083,0.026,113.0365,5.7525,0.5897,3.2861,0.0163,0.1056,2.527,0.2025,4.9599,115.437,1.5035,3.1004,0.0852
30-May-25,4.25,5.7224,4.8127,2.9503,5.1578,2.7264,3.0756,3.2918,54.1888,12.9811,7.6148,14.2174,0.3079,0.0261,113.291,5.7575,0.5906,3.2918,0.0163,0.1058,2.5292,0.203,4.9628,115.7092,1.5075,3.1019,0.0855
3-Jun-25,4.247,5.7402,4.8467,2.9741,5.1862,2.7414,3.0931,3.2993,54.1429,13.0536,7.6303,14.1562,0.309,0.0261,113.2201,5.7796,0.591,3.2993,0.0163,0.1056,2.5476,0.2028,4.9642,115.6307,1.5059,3.1026,0.0855
4-Jun-25,4.248,5.752,4.8427,2.9522,5.1663,2.7506,3.0988,3.2969,54.1353,12.9849,7.6175,14.1756,0.3108,0.0261,113.2589,5.7785,0.591,3.2969,0.0163,0.1056,2.5545,0.2029,4.9441,115.6579,1.5057,3.0904,0.0855
5-Jun-25,4.2295,5.7382,4.8271,2.9518,5.1551,2.7515,3.0952,3.2913,53.9047,12.9849,7.6053,14.1242,0.311,0.026,112.7686,5.7486,0.589,3.2913,0.0162,0.1051,2.5548,0.202,4.9289,115.1543,1.4993,3.0807,0.0852
6-Jun-25,4.2275,5.7234,4.8257,2.9346,5.1429,2.7434,3.0901,3.2866,53.8755,12.9638,7.579,14.1145,0.3112,0.026,112.7153,5.7586,0.5884,3.2866,0.0162,0.105,2.5477,0.2019,4.9263,115.0998,1.4989,3.0789,0.0852
9-Jun-25,4.2355,5.7491,4.8403,2.9381,5.164,2.7645,3.0966,3.2968,53.9661,12.9784,7.5866,14.1481,0.313,0.026,112.9286,5.7648,0.5896,3.2968,0.0163,0.1052,2.5661,0.2023,4.947,115.3192,1.5012,3.0918,0.0853
10-Jun-25,4.235,5.7122,4.8313,2.9278,5.1574,2.7589,3.0897,3.2919,53.958,12.9649,7.5842,14.1388,0.3099,0.026,112.9183,5.764,0.5892,3.292,0.0163,0.1052,2.5598,0.2023,4.9456,115.3056,1.5011,3.0909,0.0856
11-Jun-25,4.2375,5.7183,4.8437,2.9209,5.1548,2.7588,3.0971,3.2941,53.9847,13.0005,7.5821,14.1893,0.3085,0.0261,112.9819,5.7645,0.5897,3.2939,0.0163,0.1053,2.5563,0.2024,4.9537,115.3831,1.5005,3.096,0.0857
12-Jun-25,4.2265,5.7339,4.8791,2.9392,5.1884,2.7479,3.0949,3.2999,53.8483,13.0034,7.5895,14.4249,0.3122,0.026,112.6646,5.7499,0.5887,3.2998,0.0162,0.105,2.5505,0.2019,4.9361,115.0851,1.4956,3.0848,0.085
13-Jun-25,4.247,5.7585,4.8959,2.9535,5.2274,2.7559,3.1192,3.3119,54.1071,13.0987,7.5569,14.3684,0.3108,0.0261,113.1477,5.8115,0.5913,3.3119,0.0163,0.1056,2.5563,0.2028,4.9332,115.6465,1.5014,3.0832,0.0853
16-Jun-25,4.2425,5.7609,4.912,2.9405,5.2241,2.7629,3.1257,3.3123,54.0463,13.0679,7.5294,14.3936,0.3119,0.0261,113.0429,5.7859,0.5909,3.3123,0.0163,0.1056,2.562,0.2026,4.9303,115.5271,1.4986,3.0814,0.0844
17-Jun-25,4.244,5.75,4.9025,2.9288,5.2211,2.773,3.1276,3.3106,54.0654,13.0184,7.5258,14.3748,0.3111,0.0261,113.116,5.8019,0.5907,3.3106,0.0163,0.1056,2.575,0.2027,4.9206,115.56,1.4978,3.0754,0.0844
18-Jun-25,4.2505,5.7182,4.8891,2.9321,5.2013,2.762,3.1102,3.3075,54.1475,13.0343,7.4456,14.3787,0.309,0.0261,113.2893,5.8071,0.5915,3.3075,0.0163,0.1058,2.5616,0.203,4.9163,115.7402,1.4993,3.0724,0.0843
19-Jun-25,4.2595,5.7194,4.8886,2.9317,5.22,2.758,3.1072,3.3099,54.2622,12.9772,7.4311,14.3868,0.3097,0.026,113.5291,5.8022,0.5927,3.31,0.0163,0.106,2.5493,0.2034,4.9087,115.9884,1.5019,3.0679,0.0842
20-Jun-25,4.2555,5.7409,4.9032,2.9281,5.2148,2.7608,3.1068,3.3115,54.2112,12.9571,7.444,14.4035,0.3108,0.026,113.3923,5.7968,0.5925,3.3114,0.0163,0.1058,2.5514,0.2033,4.9139,115.8779,1.4997,3.0716,0.0841
23-Jun-25,4.288,5.7519,4.9235,2.9048,5.2427,2.7454,3.112,3.3199,54.6246,12.9949,7.4435,14.4033,0.3092,0.026,114.2857,5.8472,0.5965,3.3199,0.0164,0.1066,2.5357,0.2048,4.9437,116.7613,1.5112,3.0898,0.0847
24-Jun-25,4.249,5.7789,4.9254,2.9284,5.2366,2.7629,3.0976,3.3163,54.1277,13.0066,7.44,14.3934,0.3129,0.026,113.2583,5.7729,0.5921,3.3163,0.0162,0.1057,2.559,0.2029,4.9397,115.6978,1.4911,3.0872,0.085
25-Jun-25,4.2355,5.7692,4.9172,2.9116,5.2589,2.7518,3.0863,3.3117,53.9558,12.9903,7.4663,14.4487,0.3109,0.026,112.9316,5.7925,0.5907,3.3117,0.0162,0.1053,2.5517,0.2023,4.9221,115.3302,1.4933,3.0763,0.0849
26-Jun-25,4.2225,5.8064,4.9519,2.9338,5.2814,2.7632,3.0852,3.3174,53.7915,13.0445,7.4616,14.5223,0.3118,0.0261,112.588,5.7742,0.589,3.3175,0.0162,0.105,2.5624,0.2017,4.9262,114.9715,1.4889,3.0789,0.0846
30-Jun-25,4.2125,5.7707,4.9408,2.923,5.2815,2.7541,3.0803,3.3044,53.6634,12.9655,7.4755,14.4205,0.3111,0.0259,112.3184,5.7854,0.5879,3.3044,0.0161,0.1048,2.5568,0.2012,4.9195,114.7039,1.4848,3.0746,0.0849
1-Jul-25,4.193,5.7754,4.9496,2.9313,5.3096,2.7619,3.0834,3.3007,53.414,12.9302,7.4442,14.3561,0.3101,0.0259,111.7984,5.7612,0.5855,3.3007,0.016,0.1042,2.5642,0.2003,4.9018,114.1605,1.4777,3.0638,0.0847
2-Jul-25,4.226,5.7888,4.9765,2.9353,5.3325,2.7739,3.0959,3.3174,53.8347,13.0199,7.4931,14.5609,0.3109,0.026,112.6888,5.8268,0.5897,3.3174,0.0162,0.105,2.5671,0.2018,4.9294,115.0527,1.4887,3.0808,0.0856
3-Jul-25,4.2195,5.7657,4.9782,2.9326,5.3283,2.7754,3.1052,3.3162,53.7516,13.0483,7.5053,14.6029,0.3101,0.0261,112.511,5.8045,0.5892,3.3159,0.0161,0.1048,2.5644,0.2015,4.9442,114.8757,1.4868,3.0901,0.0855
4-Jul-25,4.2245,5.7724,4.9741,2.9267,5.3246,2.7706,3.1082,3.3158,53.8177,13.0616,7.4841,14.5919,0.3095,0.0261,112.6443,5.8151,0.5896,3.3158,0.0161,0.1048,2.5624,0.2018,4.9441,115.015,1.4882,3.0901,0.0856
7-Jul-25,4.241,5.7595,4.9726,2.9182,5.3202,2.7528,3.0995,3.3156,54.0262,12.9903,7.4859,14.596,0.3094,0.0261,113.0813,5.8378,0.5911,3.3156,0.0162,0.1053,2.5414,0.2026,4.9308,115.4626,1.4927,3.0818,0.0856
8-Jul-25,4.2425,5.7749,4.9845,2.9019,5.3264,2.7754,3.1089,3.3194,54.0453,13.0478,7.5267,14.5871,0.31,0.0262,113.1213,5.8213,0.5915,3.3191,0.0162,0.1053,2.5538,0.2026,4.948,115.505,1.4923,3.0924,0.0853
9-Jul-25,4.2535,5.7852,4.9823,2.8999,5.3409,2.7777,3.108,3.3206,54.1858,13.0077,7.5207,14.5828,0.3089,0.0262,113.4085,5.8332,0.5923,3.3206,0.0163,0.1056,2.5521,0.2032,4.9626,115.8045,1.4957,3.1015,0.0856
10-Jul-25,4.2525,5.7864,4.9873,2.9057,5.3484,2.7884,3.1091,3.3229,54.1723,13.0535,7.5359,14.5402,0.31,0.0262,113.3819,5.8267,0.5926,3.3229,0.0163,0.1057,2.5572,0.2031,4.9634,115.7773,1.4947,3.1022,0.0859
11-Jul-25,4.2535,5.7571,4.9694,2.8938,5.3345,2.7956,3.1044,3.3207,54.1851,13.0776,7.5263,14.5484,0.3093,0.0262,113.4115,5.8347,0.5931,3.3207,0.0163,0.1057,2.557,0.2032,4.9511,115.8045,1.4957,3.0945,0.0859
14-Jul-25,4.2545,5.7334,4.9705,2.8878,5.3375,2.7935,3.1094,3.3198,54.1985,13.1332,7.5045,14.5037,0.3079,0.0262,113.4412,5.827,0.5935,3.3198,0.0163,0.1058,2.5478,0.2032,4.9463,115.8318,1.4948,3.0907,0.0858
15-Jul-25,4.2415,5.7035,4.9573,2.8722,5.3292,2.7848,3.0993,3.3117,54.0318,13.0838,7.4779,14.4875,0.3078,0.0261,113.0946,5.8071,0.5913,3.3117,0.0162,0.1055,2.543,0.2026,4.9426,115.4762,1.4903,3.0891,0.0858
16-Jul-25,4.244,5.6836,4.9339,2.8514,5.2964,2.7679,3.0933,3.3036,54.0637,13.0605,7.4352,14.4315,0.306,0.0261,113.1582,5.8055,0.5913,3.3036,0.0162,0.1055,2.522,0.2027,4.9393,115.5427,1.4826,3.0871,0.0859
17-Jul-25,4.249,5.6981,4.9295,2.8595,5.2888,2.7504,3.0916,3.3042,54.145,13.0779,7.4156,14.4323,0.3057,0.026,113.2825,5.7969,0.592,3.3042,0.0162,0.1057,2.5177,0.2029,4.9416,115.682,1.4914,3.0883,0.0859
18-Jul-25,4.246,5.7056,4.9402,2.8575,5.2923,2.7675,3.0935,3.3058,54.0947,13.1171,7.4191,14.4569,0.3052,0.0261,113.1995,5.7874,0.5916,3.3058,0.0162,0.1056,2.533,0.2028,4.9272,115.5988,1.4909,3.0795,0.0859
21-Jul-25,4.2335,5.6949,4.9291,2.8625,5.2899,2.759,3.0853,3.2996,53.931,13.0773,7.4063,14.3852,0.3052,0.026,112.8632,5.7817,0.59,3.2996,0.0162,0.1052,2.5246,0.2022,4.9078,115.2616,1.4861,3.0672,0.0858
22-Jul-25,4.231,5.7076,4.9498,2.8662,5.308,2.7548,3.0925,3.3002,53.8984,13.093,7.4184,14.3653,0.305,0.0259,112.7846,5.7815,0.5897,3.3002,0.0162,0.1052,2.5155,0.2021,4.8981,115.1904,1.4847,3.0613,0.0863
23-Jul-25,4.229,5.7269,4.9619,2.8809,5.3353,2.784,3.1133,3.3082,53.873,13.1478,7.4299,14.4187,0.3066,0.026,112.7312,5.7889,0.5904,3.3082,0.0162,0.1052,2.5509,0.202,4.8935,115.1375,1.4854,3.0577,0.0861
24-Jul-25,4.216,5.7102,4.9572,2.8769,5.3105,2.7912,3.0987,3.303,53.7094,13.08,7.4439,14.3692,0.3077,0.0259,112.3817,5.7815,0.5892,3.303,0.0161,0.1049,2.553,0.2014,4.8799,114.7836,1.4839,3.05,0.0859
25-Jul-25,4.2245,5.687,4.961,2.8591,5.3075,2.7749,3.0889,3.2994,53.8266,13.0517,7.3917,14.333,0.3057,0.0259,112.6083,5.797,0.5894,3.2994,0.0162,0.1051,2.5391,0.2018,4.8791,115.015,1.4908,3.0494,0.0861
28-Jul-25,4.231,5.6784,4.9414,2.8537,5.2947,2.7599,3.0817,3.2958,53.9012,13.0728,7.4011,14.2879,0.3055,0.0259,112.7846,5.7956,0.5899,3.2958,0.0162,0.1053,2.5284,0.2021,4.8861,115.1888,1.4944,3.0533,0.0867
29-Jul-25,4.234,5.6488,4.8985,2.8501,5.2587,2.7582,3.0806,3.2897,53.9367,13.0548,7.3856,14.2626,0.3045,0.0258,112.8736,5.7844,0.5901,3.2898,0.0161,0.1054,2.5233,0.2022,4.8733,115.2721,1.4964,3.0458,0.0869
30-Jul-25,4.2375,5.6643,4.8964,2.864,5.2679,2.755,3.0767,3.2919,53.9812,13.0485,7.3598,14.261,0.3068,0.0259,112.9639,5.7732,0.5902,3.2919,0.0162,0.1055,2.5247,0.2024,4.8483,115.3658,1.4929,3.0304,0.0869
31-Jul-25,4.263,5.6485,4.8813,2.8488,5.2448,2.753,3.0802,3.291,54.3061,13.0597,7.3129,14.2506,0.3061,0.0259,113.6436,5.8035,0.5927,3.2909,0.0163,0.1061,2.5209,0.2036,4.8665,116.0632,1.5017,3.0419,0.0875
1-Aug-25,4.2805,5.634,4.8828,2.8422,5.2387,2.7496,3.0849,3.2954,54.529,13.0324,7.3553,14.2874,0.3044,0.026,114.1071,5.7997,0.5935,3.2954,0.0163,0.1064,2.5103,0.2044,4.8951,116.538,1.5086,3.0595,0.088
4-Aug-25,4.239,5.6283,4.8996,2.8662,5.2395,2.7462,3.0753,3.2912,54.0003,13.0571,7.3891,14.1796,0.306,0.0259,113.0038,5.7347,0.5906,3.2912,0.0162,0.1053,2.5059,0.2025,4.8356,115.4082,1.4943,3.0222,0.0873
5-Aug-25,4.229,5.6161,4.879,2.8655,5.2139,2.7288,3.0629,3.2806,53.8736,13.0646,7.3316,14.1259,0.3039,0.0258,112.7162,5.7622,0.5883,3.2806,0.0161,0.1052,2.4896,0.202,4.8146,115.1344,1.4911,3.0092,0.0873
6-Aug-25,4.231,5.6202,4.8974,2.8626,5.2306,2.7466,3.073,3.2856,53.8984,13.0635,7.3599,14.117,0.3043,0.0259,112.7575,5.7588,0.5885,3.2856,0.0161,0.1053,2.5045,0.2021,4.8259,115.1919,1.4901,3.0162,0.0874
7-Aug-25,4.23,5.6549,4.9421,2.875,5.2494,2.7626,3.0803,3.297,53.8867,13.098,7.4166,14.2085,0.3066,0.026,112.7173,5.7685,0.5893,3.297,0.0161,0.1053,2.52,0.202,4.8224,115.1647,1.4898,3.014,0.0871
8-Aug-25,4.2425,5.6994,4.9372,2.8734,5.247,2.7661,3.0885,3.3016,54.0449,13.1134,7.4318,14.2023,0.3051,0.026,113.0489,5.8004,0.5906,3.3017,0.0162,0.1056,2.5251,0.2026,4.835,115.505,1.4952,3.0219,0.0874
11-Aug-25,4.2335,5.7002,4.9344,2.8701,5.2375,2.7607,3.0757,3.2963,53.9306,13.0886,7.4221,14.1575,0.3045,0.026,112.8091,5.7816,0.5895,3.2962,0.0161,0.1054,2.517,0.2022,4.8306,115.26,1.4913,3.0191,0.0874
12-Aug-25,4.2315,5.6994,4.9145,2.851,5.2241,2.7475,3.0688,3.2901,53.9048,13.0824,7.4102,14.1055,0.3046,0.026,112.7558,5.7809,0.5885,3.2901,0.0161,0.1053,2.5061,0.2021,4.8284,115.2056,1.4906,3.0178,0.0873
13-Aug-25,4.2115,5.7095,4.9336,2.8599,5.2421,2.759,3.0599,3.2895,53.65,13.0468,7.425,14.0665,0.3059,0.026,112.2229,5.746,0.5869,3.2893,0.016,0.1048,2.5204,0.2011,4.8107,114.661,1.484,3.0067,0.0871
14-Aug-25,4.213,5.7179,4.9159,2.8747,5.2222,2.7492,3.0568,3.2876,53.6845,13.0111,7.3958,14.0438,0.3038,0.0262,112.2808,5.7728,0.5873,3.2876,0.016,0.1048,2.5061,0.2012,4.8057,114.705,1.485,3.0035,0.0873
15-Aug-25,4.2145,5.7094,4.9236,2.8698,5.2344,2.7434,3.0545,3.2865,53.8956,12.9927,7.3811,14.0437,0.3037,0.0261,112.3208,5.7742,0.5869,3.2865,0.016,0.1049,2.4981,0.2013,4.8163,114.7458,1.4855,3.0084,0.0873
18-Aug-25,4.2225,5.7202,4.9323,2.8658,5.231,2.7514,3.0611,3.2932,53.9837,13.0113,7.409,14.0642,0.3047,0.0261,112.531,5.7817,0.5883,3.2934,0.0161,0.1051,2.508,0.2017,4.8325,114.9637,1.4881,3.0203,0.0874
19-Aug-25,4.225,5.7122,4.9327,2.8612,5.2419,2.7397,3.0573,3.2919,54.1667,12.994,7.3968,14.0305,0.304,0.026,112.5886,5.7823,0.5884,3.2919,0.0161,0.1051,2.5006,0.2018,4.8547,115.0286,1.489,3.0344,0.0871
20-Aug-25,4.225,5.704,4.9168,2.8627,5.2293,2.7182,3.0441,3.2861,54.071,12.98,7.4156,13.9455,0.302,0.026,112.5856,5.7819,0.5885,3.286,0.016,0.1051,2.463,0.2018,4.856,115.0317,1.489,3.0347,0.0868
21-Aug-25,4.2235,5.6874,4.9225,2.8616,5.245,2.7132,3.0432,3.2832,54.0639,12.9575,7.4033,13.8539,0.3023,0.0259,112.5426,5.7733,0.5884,3.2832,0.016,0.105,2.46,0.2017,4.846,114.9878,1.4886,3.0286,0.0869
22-Aug-25,4.2275,5.6708,4.9037,2.8441,5.2233,2.7185,3.0395,3.2803,54.077,12.9529,7.4213,13.8507,0.304,0.0259,112.6672,5.7776,0.5889,3.2803,0.016,0.1051,2.4577,0.2019,4.8306,115.0998,1.491,3.019,0.0872
25-Aug-25,4.205,5.678,4.9213,2.8552,5.2435,2.7314,3.041,3.2786,53.8319,12.9664,7.4134,13.7957,0.3033,0.0259,112.0736,5.7339,0.5877,3.2786,0.016,0.1045,2.4671,0.2008,4.8004,114.4888,1.4822,3.0001,0.0867
26-Aug-25,4.2185,5.6796,4.9011,2.8585,5.229,2.7321,3.0441,3.2798,54.0806,12.994,7.3958,13.7977,0.3019,0.0259,112.4274,5.7782,0.5891,3.2798,0.016,0.1049,2.4634,0.2015,4.8093,114.8516,1.4875,3.0057,0.0869
27-Aug-25,4.2345,5.6937,4.9074,2.8626,5.2511,2.7401,3.0577,3.287,54.3864,13.0413,7.4043,13.8269,0.3031,0.0259,112.8523,5.7888,0.5913,3.2869,0.0161,0.1053,2.4683,0.2022,4.8206,115.2904,1.4931,3.0183,0.087
28-Aug-25,4.218,5.6943,4.9106,2.8658,5.2646,2.7499,3.062,3.2835,54.1213,13.0326,7.388,13.8057,0.304,0.0258,112.4051,5.7523,0.5913,3.2835,0.016,0.1049,2.4747,0.2015,4.8136,114.8396,1.4876,3.0082,0.0867
29-Aug-25,4.225,5.694,4.9327,2.875,5.2763,2.7615,3.0749,3.2896,54.2129,13.0542,7.3876,13.8205,0.3037,0.0256,112.6006,5.7864,0.5924,3.2896,0.016,0.1051,2.4902,0.2018,4.7876,115.027,1.4892,2.9924,0.087
2-Sep-25,4.228,5.6712,4.9235,2.8483,5.2567,2.7539,3.0704,3.2822,54.1721,13.0635,7.3621,13.7738,0.3032,0.0258,112.6686,5.7866,0.5915,3.2822,0.016,0.1051,2.4766,0.2019,4.7941,115.1103,1.4901,2.9969,0.0871
3-Sep-25,4.2285,5.6692,4.9287,2.8458,5.2584,2.7591,3.064,3.2824,54.1897,13.0721,7.378,13.7759,0.3043,0.0258,112.6939,5.7742,0.5918,3.2824,0.016,0.1051,2.479,0.202,4.8004,115.1239,1.4902,3.0002,0.0871
4-Sep-25,4.2295,5.6904,4.9308,2.8536,5.2583,2.7604,3.0626,3.2824,54.2369,13.0792,7.4041,13.7859,0.3035,0.0258,112.7175,5.7778,0.5924,3.2824,0.016,0.1052,2.4821,0.202,4.8009,115.1511,1.4902,3.0006,0.0871
8-Sep-25,4.219,5.7009,4.9495,2.8568,5.3006,2.778,3.0536,3.2886,54.1442,13.261,7.4368,13.8551,0.3038,0.0259,112.4407,5.7763,0.5916,3.2886,0.016,0.105,2.4991,0.2015,4.7909,114.8652,1.4869,2.9873,0.0876
9-Sep-25,4.208,5.7115,4.9486,2.8701,5.3058,2.7828,3.0496,3.2852,54.0169,13.2828,7.3834,13.8821,0.3032,0.0255,112.1655,5.7698,0.5907,3.2851,0.0159,0.1046,2.5044,0.201,4.7752,114.5658,1.4825,2.9845,0.0877
10-Sep-25,4.217,5.7048,4.9337,2.8585,5.2874,2.7836,3.0442,3.2859,54.1352,13.2579,7.3831,13.9033,0.3036,0.0256,112.4054,5.7926,0.5922,3.2859,0.016,0.1048,2.5047,0.2014,4.7859,114.8092,1.4856,2.991,0.0875
11-Sep-25,4.218,5.7006,4.9317,2.8529,5.2768,2.7875,3.0386,3.2842,54.1613,13.2558,7.3752,13.9052,0.3029,0.0256,112.429,5.781,0.5922,3.2842,0.016,0.1049,2.5004,0.2015,4.7701,114.838,1.486,2.9817,0.0875
12-Sep-25,4.2025,5.6877,4.9243,2.8414,5.2706,2.7928,3.0346,3.275,54.0011,13.2404,7.3563,13.8724,0.3021,0.0257,112.0189,5.755,0.5899,3.275,0.0159,0.1045,2.5011,0.2007,4.7584,114.4285,1.4802,2.974,0.0873
17-Sep-25,4.1875,5.7118,4.9616,2.8593,5.3219,2.7937,3.044,3.2801,53.8464,13.1931,7.3612,13.9319,0.3038,0.0255,111.622,5.7612,0.5893,3.2801,0.0159,0.1042,2.5012,0.2,4.7713,114.0061,1.4756,2.9821,0.087
18-Sep-25,4.198,5.7259,4.9654,2.8475,5.32,2.7868,3.0461,3.2805,53.9759,13.1909,7.3561,13.9529,0.3029,0.0254,111.9258,5.7838,0.5907,3.2805,0.0159,0.1044,2.4741,0.2005,4.7636,114.2935,1.4794,2.9773,0.0871
19-Sep-25,4.2035,5.6747,4.9437,2.843,5.2854,2.7775,3.0441,3.2748,54.0636,13.2061,7.3589,13.917,0.3013,0.0253,112.0814,5.7887,0.591,3.2748,0.0159,0.1043,2.4704,0.2008,4.7688,114.4432,1.4813,2.9807,0.0873
22-Sep-25,4.206,5.6766,4.9473,2.8447,5.2959,2.7736,3.0466,3.2763,54.1278,13.2223,7.3879,13.9138,0.3023,0.0253,112.145,5.7719,0.5912,3.2763,0.0159,0.1044,2.4645,0.2009,4.7634,114.5113,1.4822,2.9777,0.0873
23-Sep-25,4.198,5.6688,4.9551,2.8448,5.3012,2.7703,3.0351,3.2719,54.0029,13.1981,7.3304,13.8626,0.3012,0.0252,111.9228,5.7636,0.5902,3.2721,0.0159,0.1044,2.4611,0.2005,4.7302,114.2935,1.4812,2.9561,0.0871
24-Sep-25,4.209,5.6752,4.955,2.8388,5.301,2.7832,3.0367,3.2726,54.1183,13.1552,7.3143,13.8911,0.3009,0.0252,112.2131,5.7828,0.5911,3.2726,0.0159,0.1047,2.4606,0.201,4.7429,114.593,1.4846,2.9639,0.0872
25-Sep-25,4.2135,5.6688,4.9479,2.8328,5.2943,2.7805,3.0327,3.272,54.172,13.118,7.2531,13.8515,0.3007,0.0252,112.342,5.7773,0.5915,3.272,0.016,0.1048,2.4558,0.2012,4.7504,114.7155,1.486,2.9691,0.0875
26-Sep-25,4.221,5.6412,4.9301,2.8185,5.2815,2.7567,3.0263,3.2659,54.2555,13.1026,7.2659,13.8425,0.2993,0.0252,112.545,5.785,0.5917,3.2659,0.016,0.105,2.4332,0.2016,4.7582,114.9197,1.4898,2.9739,0.0877
29-Sep-25,4.213,5.6602,4.9393,2.8365,5.2924,2.7679,3.0271,3.2665,54.1472,13.0603,7.2461,13.8222,0.3008,0.0253,112.3317,5.7532,0.5918,3.2665,0.0159,0.105,2.44,0.2012,4.7481,114.7019,1.4861,2.9673,0.0877
30-Sep-25,4.208,5.6581,4.9469,2.846,5.2851,2.7815,3.0251,3.2642,54.0832,12.9997,7.2302,13.8103,0.3002,0.0253,112.2044,5.763,0.5911,3.2642,0.0159,0.1046,2.4409,0.201,4.7406,114.5642,1.4852,2.9629,0.0879
1-Oct-25,4.208,5.6673,4.9446,2.8596,5.2874,2.7834,3.0233,3.2662,54.0752,13.0158,7.2437,13.8101,0.2997,0.0253,112.2044,5.769,0.591,3.2662,0.016,0.1045,2.4474,0.201,4.7458,114.5642,1.485,2.9662,0.0879
2-Oct-25,4.2055,5.6795,4.9429,2.8649,5.2816,2.7849,3.0174,3.2679,54.0532,12.99,7.2376,13.8334,0.3001,0.0254,112.1377,5.7658,0.5907,3.2679,0.0159,0.1045,2.4558,0.2009,4.7405,114.4961,1.4848,2.9635,0.088
3-Oct-25,4.209,5.6647,4.9412,2.8569,5.2857,2.7809,3.0147,3.2655,54.0895,12.9968,7.2731,13.855,0.2992,0.0255,112.228,5.7763,0.5912,3.2656,0.016,0.1046,2.4545,0.201,4.7423,114.5914,1.4855,2.9639,0.0881
6-Oct-25,4.217,5.666,4.9204,2.8044,5.2802,2.783,3.0228,3.2585,54.1853,12.9954,7.2274,13.8113,0.2983,0.0255,112.4413,5.7816,0.5923,3.2585,0.016,0.1048,2.4545,0.2014,4.7497,114.8108,1.4886,2.9683,0.0886
7-Oct-25,4.215,5.6637,4.9172,2.7952,5.2836,2.7781,3.0201,3.2602,54.1509,12.9533,7.2497,13.8242,0.2982,0.0255,112.37,5.7575,0.592,3.2604,0.016,0.1047,2.4479,0.2013,4.7493,114.7548,1.488,2.968,0.0886
8-Oct-25,4.2195,5.6579,4.901,2.7624,5.2671,2.7682,3.0238,3.2552,54.2056,12.9831,7.2749,13.7897,0.2958,0.0255,112.487,5.7644,0.5927,3.2552,0.016,0.1048,2.4294,0.2015,4.7522,114.8773,1.4897,2.9701,0.0887
9-Oct-25,4.2175,5.6352,4.8974,2.7601,5.2584,2.7755,3.0225,3.2535,54.2039,12.9359,7.2382,13.8283,0.2973,0.0255,112.4427,5.7495,0.5918,3.2536,0.016,0.1047,2.4329,0.2014,4.7502,114.8244,1.489,2.9687,0.0887
10-Oct-25,4.2235,5.6202,4.8902,2.7669,5.2453,2.7696,3.013,3.2542,54.2786,12.9041,7.2601,13.8213,0.2973,0.0255,112.6026,5.7563,0.5929,3.2541,0.016,0.1046,2.4313,0.2017,4.7659,114.9862,1.4914,2.9785,0.0888
13-Oct-25,4.226,5.632,4.896,2.774,5.2556,2.7558,3.0184,3.2549,54.3341,12.9334,7.2571,13.7762,0.2959,0.0255,112.6693,5.7487,0.5925,3.2549,0.016,0.1048,2.4221,0.2018,4.7679,115.0558,1.4927,2.98,0.0886
14-Oct-25,4.23,5.6177,4.8878,2.7828,5.2641,2.7313,3.0085,3.2516,54.4041,12.9259,7.2654,13.7539,0.2953,0.0255,112.791,5.7541,0.5923,3.2516,0.016,0.1048,2.4071,0.202,4.7637,115.1647,1.494,2.9773,0.0886
15-Oct-25,4.229,5.644,4.9192,2.7966,5.2876,2.7563,3.0115,3.2643,54.3877,13.0091,7.2833,13.8338,0.2974,0.0255,112.7613,5.7497,0.5935,3.2641,0.0161,0.1048,2.4217,0.202,4.7882,115.1375,1.4939,2.9925,0.0887
16-Oct-25,4.2275,5.6809,4.9286,2.795,5.3073,2.7504,3.0114,3.2637,54.3957,12.9837,7.2732,13.7955,0.2982,0.0255,112.7183,5.7653,0.5934,3.2638,0.0161,0.1047,2.4255,0.2019,4.8104,115.0967,1.4934,3.0064,0.0888
17-Oct-25,4.2275,5.6754,4.9451,2.8225,5.3553,2.7308,3.0088,3.2661,54.4241,12.9499,7.2652,13.7713,0.2968,0.0255,112.7183,5.7733,0.5933,3.2661,0.016,0.1047,2.4183,0.2019,4.8071,115.0951,1.4934,3.0044,0.0888
21-Oct-25,4.228,5.6573,4.9131,2.7886,5.327,2.7421,3.0068,3.26,54.4179,12.907,7.2577,13.7931,0.2956,0.0255,112.7346,5.7741,0.5939,3.26,0.0161,0.1045,2.4165,0.2019,4.8027,115.1103,1.4943,3.0035,0.0889
22-Oct-25,4.2305,5.6348,4.9063,2.7889,5.314,2.7477,3.02,3.2581,54.4438,12.8684,7.2355,13.7685,0.2956,0.0255,112.8013,5.7685,0.5938,3.2581,0.0161,0.1046,2.4315,0.2021,4.8195,115.1783,1.4932,3.0053,0.0889
23-Oct-25,4.229,5.6455,4.9042,2.7711,5.3028,2.7527,3.0218,3.2553,54.4028,12.909,7.2146,13.7261,0.2939,0.0254,112.7553,5.7585,0.5937,3.2553,0.0161,0.1046,2.4298,0.202,4.8118,115.1438,1.4941,3.0042,0.0889
24-Oct-25,4.2235,5.6257,4.9033,2.7613,5.3069,2.7436,3.0123,3.2505,54.3621,12.8903,7.2027,13.7091,0.2936,0.0255,112.6237,5.75,0.593,3.2505,0.0161,0.1045,2.4258,0.2017,4.8112,114.9878,1.4909,3.0003,0.0887
27-Oct-25,4.214,5.6162,4.9003,2.7575,5.2867,2.7619,3.0148,3.2479,54.2524,12.8798,7.1658,13.725,0.2939,0.0254,112.3703,5.7398,0.593,3.248,0.016,0.1044,2.4271,0.2013,4.7765,114.7291,1.488,2.9853,0.0889
28-Oct-25,4.2005,5.5898,4.8946,2.7643,5.2903,2.7499,2.9995,3.2433,54.0702,12.9254,7.0952,13.728,0.2923,0.0253,112.0103,5.7308,0.5916,3.2433,0.016,0.1041,2.421,0.2006,4.7576,114.3616,1.4833,2.9734,0.0887
29-Oct-25,4.1925,5.5377,4.8729,2.7522,5.2623,2.765,3.0061,3.236,53.9541,12.9839,7.1396,13.7019,0.2928,0.0252,111.797,5.7223,0.5905,3.236,0.0159,0.104,2.421,0.2002,4.7501,114.1422,1.4802,2.9685,0.0886
30-Oct-25,4.1995,5.5463,4.879,2.7314,5.2573,2.762,3.0114,3.234,54.0591,12.9654,7.1322,13.668,0.2942,0.0252,111.9777,5.7254,0.5907,3.234,0.0159,0.1041,2.4244,0.2006,4.7368,114.3328,1.4843,2.9604,0.089
31-Oct-25,4.188,5.5032,4.8459,2.7152,5.2193,2.7404,2.991,3.2197,53.9017,12.9539,7.1308,13.6302,0.2935,0.0252,111.6711,5.6957,0.5888,3.2197,0.0159,0.1044,2.3964,0.2,4.7183,114.0228,1.479,2.9487,0.0887
3-Nov-25,4.199,5.5108,4.8345,2.7247,5.2071,2.7522,2.9932,3.2219,54.0245,12.9459,7.1376,13.5974,0.2934,0.0252,111.9584,5.7039,0.5896,3.2219,0.016,0.1039,2.4014,0.2006,4.7291,114.3207,1.4849,2.9557,0.0889
4-Nov-25,4.197,5.4947,4.8324,2.7314,5.194,2.732,2.9837,3.2161,53.9866,12.9019,7.168,13.5927,0.292,0.0251,111.9051,5.6924,0.5892,3.2158,0.0159,0.1041,2.382,0.2005,4.7349,114.2663,1.4847,2.9593,0.0886
5-Nov-25,4.192,5.4683,4.8162,2.7309,5.175,2.7204,2.969,3.2093,53.9161,12.8787,7.1283,13.5668,0.2902,0.0251,111.7747,5.6803,0.5883,3.2094,0.0159,0.104,2.3702,0.2002,4.7299,114.1301,1.4828,2.9551,0.0882
6-Nov-25,4.182,5.4719,4.8183,2.7233,5.1725,2.7252,2.9673,3.2052,53.7899,12.9274,7.0902,13.5344,0.2892,0.0251,111.5081,5.6654,0.5873,3.2052,0.0159,0.1037,2.3693,0.1997,4.7194,113.8579,1.479,2.9491,0.0883
7-Nov-25,4.1775,5.474,4.8187,2.7213,5.1686,2.7093,2.9597,3.2039,53.7106,12.9164,7.0637,13.4815,0.2865,0.025,111.3822,5.6659,0.5865,3.2039,0.0159,0.1036,2.348,0.1995,4.7099,113.7354,1.4774,2.9436,0.0882
10-Nov-25,4.16,5.4806,4.814,2.6982,5.1635,2.7165,2.9688,3.1935,53.5186,12.8594,7.0552,13.4267,0.2862,0.025,110.9185,5.651,0.5844,3.1935,0.0158,0.1031,2.3483,0.1987,4.69,113.2589,1.4716,2.9312,0.088
11-Nov-25,4.145,5.4395,4.7893,2.6848,5.1555,2.7017,2.9536,3.1812,53.3287,12.7942,7.0285,13.3624,0.2831,0.0248,110.5186,5.6312,0.582,3.1812,0.0158,0.1028,2.3392,0.198,4.6797,112.8505,1.4659,2.9245,0.0878
12-Nov-25,4.132,5.4199,4.7836,2.6699,5.1692,2.7032,2.949,3.1703,53.1734,12.7227,6.9817,13.3016,0.2818,0.0247,110.1749,5.6138,0.5806,3.1703,0.0157,0.1026,2.3366,0.1974,4.6625,112.4981,1.4614,2.9135,0.0875
13-Nov-25,4.127,5.4344,4.7991,2.6708,5.1951,2.7152,2.9501,3.175,53.1094,12.791,6.9955,13.2821,0.2821,0.0247,110.0416,5.6061,0.5816,3.175,0.0157,0.1025,2.3452,0.1971,4.6545,112.3605,1.4596,2.909,0.0875
14-Nov-25,4.133,5.4413,4.8067,2.6741,5.2221,2.6988,2.9453,3.177,53.1709,12.77,6.9989,13.2676,0.2833,0.0248,110.2133,5.6215,0.5822,3.177,0.0157,0.1027,2.3475,0.1974,4.6569,112.5361,1.4618,2.9104,0.0876
17-Nov-25,4.152,5.4663,4.818,2.6836,5.2243,2.7084,2.9607,3.1898,53.4184,12.8069,7.0348,13.3145,0.2844,0.0248,110.7141,5.649,0.5843,3.1899,0.0158,0.1032,2.3565,0.1983,4.684,113.0411,1.469,2.9274,0.0882
18-Nov-25,4.162,5.4757,4.8246,2.6827,5.2329,2.702,2.9639,3.1951,53.4656,12.8318,7.0557,13.344,0.284,0.0249,110.9778,5.6599,0.5852,3.1951,0.0158,0.1035,2.3574,0.1988,4.697,113.3134,1.4728,2.9356,0.0882
19-Nov-25,4.1515,5.4488,4.8047,2.6674,5.1881,2.6896,2.9644,3.1843,53.292,12.7955,7.0444,13.2852,0.2829,0.0249,110.7008,5.6396,0.5839,3.1843,0.0157,0.1033,2.3369,0.1983,4.6875,113.0275,1.4691,2.9297,0.0877
20-Nov-25,4.1565,5.4305,4.7889,2.6448,5.1566,2.6922,2.9563,3.1797,53.4011,12.8129,7.0365,13.3102,0.283,0.0248,110.8282,5.645,0.5841,3.1797,0.0158,0.1034,2.332,0.1985,4.688,113.1698,1.471,2.9301,0.0877
21-Nov-25,4.1445,5.4287,4.7832,2.6412,5.1459,2.6736,2.9424,3.1703,53.2233,12.7582,7.0433,13.1986,0.2815,0.0248,110.5082,5.6117,0.583,3.1703,0.0157,0.1032,2.3228,0.1979,4.67,112.8415,1.4668,2.9188,0.0873
24-Nov-25,4.141,5.4226,4.7737,2.6392,5.125,2.6736,2.9362,3.1728,53.2074,12.7376,7.0331,13.1715,0.2806,0.0248,110.409,5.6071,0.5828,3.1728,0.0157,0.103,2.3225,0.1978,4.6387,112.7432,1.4655,2.8991,0.0868
25-Nov-25,4.1375,5.4243,4.7701,2.6439,5.1131,2.6693,2.9301,3.1734,53.1922,12.7997,7.0261,13.1545,0.2818,0.0248,110.3157,5.6107,0.5833,3.1735,0.0157,0.1029,2.3156,0.1976,4.6357,112.6586,1.4644,2.8973,0.0866
26-Nov-25,4.1355,5.4481,4.7856,2.6434,5.1293,2.6868,2.9374,3.1841,53.1665,12.8253,7.025,13.1855,0.2804,0.0248,110.2594,5.6083,0.5839,3.1842,0.0157,0.1029,2.3483,0.1975,4.6327,112.6042,1.4637,2.8954,0.0867
27-Nov-25,4.131,5.4626,4.7889,2.6426,5.132,2.6955,2.9433,3.1836,53.111,12.8212,7.0268,13.1703,0.2827,0.0248,110.1365,5.6123,0.5834,3.1836,0.0157,0.1028,2.3613,0.1973,4.6259,112.4755,1.4621,2.8912,0.0867
28-Nov-25,4.1305,5.4535,4.7788,2.6417,5.1282,2.6935,2.9425,3.1813,53.064,12.8336,7.0472,13.1265,0.2807,0.0248,110.1026,5.6116,0.5837,3.1813,0.0157,0.1028,2.3583,0.1973,4.6151,112.4604,1.4621,2.8849,0.0867
1-Dec-25,4.132,5.4588,4.7987,2.6576,5.146,2.7063,2.9547,3.1891,53.0526,12.9206,7.0595,13.1479,0.2815,0.0248,110.103,5.6136,0.5843,3.1891,0.0157,0.103,2.3695,0.1974,4.6107,112.4997,1.4626,2.882,0.0869
2-Dec-25,4.1305,5.4572,4.7957,2.6478,5.1342,2.7075,2.9507,3.1831,53.0381,12.9098,7.0556,13.1549,0.2812,0.0249,110.0352,5.6262,0.5842,3.1831,0.0157,0.1027,2.3647,0.1973,4.5948,112.4588,1.4622,2.8718,0.0869
3-Dec-25,4.126,5.4709,4.8041,2.6504,5.1488,2.7157,2.9553,3.1857,52.9994,12.9321,7.0045,13.1918,0.2815,0.0248,109.9416,5.6143,0.584,3.1857,0.0156,0.1026,2.3702,0.1971,4.5787,112.3348,1.4606,2.8617,0.0868
4-Dec-25,4.1125,5.4873,4.8024,2.6533,5.1393,2.7188,2.9447,3.1747,52.8419,12.8375,6.9685,13.136,0.2795,0.0247,109.5819,5.6097,0.5818,3.1746,0.0156,0.1022,2.3741,0.1964,4.5695,111.9703,1.4558,2.8565,0.0865
5-Dec-25,4.1085,5.4846,4.7883,2.6531,5.1148,2.7225,2.9461,3.1721,52.783,12.8965,6.9672,13.1489,0.2793,0.0247,109.4753,5.6095,0.5811,3.1721,0.0156,0.1022,2.3716,0.1962,4.5642,111.8614,1.4655,2.8526,0.0864
8-Dec-25,4.116,5.4858,4.7976,2.6488,5.1191,2.7326,2.9784,3.1748,52.8988,12.919,6.9771,13.2075,0.2804,0.0247,109.6489,5.6124,0.5821,3.1748,0.0156,0.1024,2.3803,0.1966,4.5644,112.0671,1.4576,2.8527,0.0867
9-Dec-25,4.115,5.4906,4.7919,2.6322,5.1083,2.7309,2.9702,3.1717,52.8839,12.922,6.9471,13.2086,0.2802,0.0247,109.6485,5.6104,0.5823,3.1719,0.0156,0.1023,2.3791,0.1965,4.5746,112.0383,1.4679,2.8591,0.0866
10-Dec-25,4.119,5.4861,4.7999,2.629,5.1219,2.7404,2.9743,3.1792,52.9428,12.9467,6.9562,13.2138,0.2801,0.0247,109.761,5.6138,0.5832,3.1792,0.0156,0.1024,2.3837,0.1967,4.579,112.1549,1.4695,2.8618,0.0865
11-Dec-25,4.107,5.4898,4.8042,2.6346,5.1405,2.7291,2.9743,3.1728,52.7722,12.9273,6.9622,13.1483,0.279,0.0246,109.4383,5.5946,0.5819,3.173,0.0156,0.1022,2.3837,0.1962,4.5434,111.822,1.4653,2.8397,0.0862
12-Dec-25,4.0905,5.4721,4.7971,2.6246,5.1437,2.7298,2.9729,3.1675,52.543,12.9375,6.9268,13.1068,0.277,0.0246,109.003,5.5891,0.5798,3.1675,0.0155,0.1017,2.3792,0.1954,4.5263,111.3728,1.4596,2.8289,0.086
15-Dec-25,4.0925,5.4707,4.8009,2.637,5.133,2.7211,2.9739,3.1726,52.591,13.0065,6.938,13.0567,0.278,0.0246,109.0723,5.5937,0.5806,3.1726,0.0155,0.1018,2.3649,0.1955,4.5114,111.4273,1.4603,2.8196,0.0862
16-Dec-25,4.0875,5.4744,4.8047,2.6394,5.1322,2.7143,2.9674,3.1686,52.5453,12.97,6.9555,12.9956,0.2772,0.0245,108.9564,5.5938,0.5804,3.1686,0.0155,0.1019,2.3658,0.1952,4.4903,111.2896,1.4585,2.8064,0.0862
17-Dec-25,4.088,5.4479,4.7907,2.6287,5.1231,2.7067,2.9676,3.1626,52.5494,12.9737,6.9627,12.9943,0.2764,0.0245,108.9814,5.5986,0.5803,3.1626,0.0155,0.1016,2.3616,0.1953,4.5248,111.3047,1.459,2.8274,0.0861
18-Dec-25,4.0875,5.4607,4.7957,2.6226,5.1386,2.7006,2.9672,3.1658,52.5284,12.9844,6.97,12.9758,0.2769,0.0245,108.9739,5.5847,0.5805,3.1658,0.0155,0.1016,2.356,0.1952,4.5276,111.2972,1.4588,2.8298,0.0859
19-Dec-25,4.077,5.4526,4.7754,2.5979,5.126,2.6933,2.9568,3.1547,52.3898,12.9562,6.9413,12.9219,0.2758,0.0244,108.6954,5.5732,0.579,3.1547,0.0155,0.1012,2.3441,0.1947,4.5183,111.0037,1.4552,2.824,0.0857
22-Dec-25,4.0765,5.4707,4.7842,2.5874,5.1332,2.7068,2.9587,3.1581,52.4016,13.0783,6.9388,12.9376,0.2755,0.0243,108.6864,5.5677,0.5792,3.1582,0.0155,0.1012,2.3581,0.1947,4.5498,110.9901,1.4552,2.8436,0.0859
23-Dec-25,4.0655,5.4925,4.7906,2.6067,5.1544,2.719,2.9631,3.1615,52.2729,13.0629,6.9099,12.8986,0.2744,0.0242,108.3931,5.5583,0.5785,3.1615,0.0154,0.101,2.3708,0.1942,4.5296,110.6921,1.4513,2.8309,0.0856
24-Dec-25,4.048,5.4739,4.7764,2.599,5.1446,2.7174,2.9594,3.1538,52.0556,13.0465,6.8881,12.8843,0.2784,0.0242,107.9265,5.5507,0.5772,3.1538,0.0154,0.1006,2.3667,0.1933,4.5109,110.2217,1.4451,2.8187,0.0851
26-Dec-25,4.0445,5.4583,4.763,2.5872,5.1255,2.7114,2.958,3.1497,52.0437,13.0195,6.8818,12.8699,0.2799,0.0241,107.8332,5.5464,0.5772,3.1497,0.0154,0.1005,2.3563,0.1932,4.5024,110.1204,1.4439,2.814,0.085
29-Dec-25,4.06,5.4753,4.7843,2.598,5.1471,2.7216,2.967,3.1597,52.2284,12.9258,6.8961,12.9345,0.2832,0.0242,108.2465,5.5613,0.5794,3.1597,0.0154,0.1009,2.3603,0.1939,4.5124,110.5424,1.4495,2.8202,0.0851
30-Dec-25,4.047,5.4671,4.7623,2.5945,5.1254,2.7137,2.9567,3.1515,52.0063,12.8446,6.8765,12.907,0.2797,0.0241,107.9128,5.5445,0.5791,3.1515,0.0154,0.1006,2.3511,0.1933,4.509,110.1944,1.445,2.8175,0.0848
31-Dec-25,4.061,5.4537,4.7607,2.5933,5.1149,2.7134,2.9624,3.1572,52.1715,12.8472,6.8905,12.927,0.2815,0.0244,108.2861,5.5665,0.5812,3.1574,0.0154,0.1009,2.3414,0.194,4.5182,110.5786,1.4439,2.8239,0.0851
2-Jan-26,4.057,5.4581,4.7585,2.586,5.1128,2.7192,2.9581,3.1547,52.0679,12.8224,6.8923,12.9134,0.2807,0.0243,108.1809,5.5561,0.5801,3.1547,0.0154,0.1008,2.3403,0.1938,4.4967,110.4607,1.4487,2.8104,0.0851
5-Jan-26,4.0725,5.4677,4.7581,2.5967,5.1223,2.7192,2.9546,3.1653,52.2937,13.0008,6.8939,12.9421,0.2817,0.0243,108.5855,5.573,0.5834,3.1653,0.0155,0.101,2.3425,0.1945,4.5115,110.8767,1.4543,2.8218,0.0859
6-Jan-26,4.047,5.4853,4.7469,2.5888,5.1086,2.7212,2.9406,3.1644,51.9659,12.9795,6.8408,12.8529,0.2797,0.0242,107.9056,5.5324,0.5796,3.1644,0.0154,0.1004,2.3458,0.1933,4.486,110.1824,1.4455,2.8038,0.0857
7-Jan-26,4.0575,5.4762,4.7414,2.5922,5.0983,2.7341,2.9365,3.1668,52.1011,12.9778,6.8413,12.9006,0.2806,0.0242,108.1928,5.5533,0.5803,3.1668,0.0154,0.1006,2.3481,0.1938,4.5127,110.4683,1.4492,2.8203,0.0859
8-Jan-26,4.065,5.463,4.7445,2.594,5.0921,2.7221,2.9275,3.165,52.1736,12.9089,6.8675,12.879,0.2795,0.0242,108.4,5.559,0.5822,3.165,0.0155,0.1008,2.336,0.1942,4.5147,110.6725,1.4382,2.8219,0.0861
9-Jan-26,4.074,5.4655,4.7454,2.5843,5.0941,2.7222,2.9372,3.166,52.2646,12.9601,6.8792,12.892,0.2797,0.0243,108.6371,5.5677,0.5834,3.1664,0.0155,0.101,2.3352,0.1946,4.515,110.9175,1.4554,2.8219,0.0863
12-Jan-26,4.0625,5.4667,4.7483,2.5747,5.1033,2.7239,2.9282,3.1589,52.1064,13.0092,6.8594,12.8408,0.2765,0.0241,108.3304,5.5444,0.5826,3.1589,0.0155,0.1007,2.3376,0.194,4.5045,110.6044,1.447,2.8152,0.0862
13-Jan-26,4.056,5.4659,4.7329,2.552,5.0856,2.7183,2.9221,3.1513,51.9957,12.8844,6.8388,12.831,0.2755,0.0241,108.1542,5.5425,0.5814,3.1513,0.0154,0.1004,2.3401,0.1937,4.4923,110.4274,1.449,2.8077,0.086
14-Jan-26,4.048,5.4446,4.7149,2.547,5.0464,2.7097,2.914,3.1441,51.9071,12.8876,6.8063,12.8191,0.275,0.024,107.938,5.528,0.5806,3.1441,0.0154,0.1001,2.3264,0.1933,4.4883,110.2096,1.4464,2.8052,0.0858
15-Jan-26,4.0545,5.4488,4.7156,2.5548,5.058,2.7133,2.9155,3.1475,51.9728,12.9145,6.8189,12.8437,0.2758,0.024,108.1114,5.5339,0.5818,3.1477,0.0154,0.1004,2.3289,0.1937,4.4848,110.3896,1.4487,2.8063,0.0858
16-Jan-26,4.059,5.4364,4.7123,2.5656,5.0586,2.7203,2.9209,3.1512,52.0435,12.9432,6.838,12.8527,0.2757,0.024,108.2371,5.5368,0.5824,3.1512,0.0154,0.1004,2.3378,0.1939,4.4707,110.5091,1.4503,2.7942,0.0859
19-Jan-26,4.055,5.4374,4.7139,2.5661,5.0735,2.715,2.9193,3.1528,52.0048,12.9687,6.8197,12.8502,0.2747,0.0239,108.1333,5.5304,0.5823,3.1528,0.0154,0.1003,2.342,0.1937,4.4581,110.4032,1.4491,2.7864,0.0856
20-Jan-26,4.0525,5.4622,4.7481,2.5678,5.1239,2.7296,2.9297,3.1595,51.9645,13.0482,6.8289,12.8305,0.2744,0.0239,108.0667,5.527,0.5823,3.1595,0.0154,0.1002,2.3659,0.1936,4.4558,110.3322,1.4482,2.785,0.0854
21-Jan-26,4.0495,5.4421,4.7422,2.5651,5.1159,2.7342,2.9266,3.1544,51.936,13.0146,6.8308,12.8031,0.2755,0.0239,107.9867,5.5441,0.5815,3.1544,0.0154,0.1002,2.3673,0.1934,4.4165,110.2505,1.4472,2.7603,0.0853
22-Jan-26,4.0385,5.4195,4.7206,2.5438,5.0895,2.747,2.9217,3.1454,51.7846,12.8779,6.8265,12.7684,0.2749,0.0239,107.6933,5.5228,0.58,3.1451,0.0154,0.0999,2.3674,0.1929,4.4066,109.951,1.4434,2.7541,0.0854
23-Jan-26,4.005,5.4072,4.7021,2.5326,5.0674,2.7426,2.9049,3.132,51.362,12.8304,6.7733,12.6849,0.273,0.0238,106.8,5.4727,0.5752,3.132,0.0153,0.0991,2.3658,0.1913,4.3581,109.0389,1.4314,2.7238,0.0849
26-Jan-26,3.9685,5.4218,4.7041,2.5783,5.1068,2.747,2.9002,3.1271,50.9001,12.7687,6.7284,12.6072,0.2761,0.0237,105.8295,5.4228,0.5705,3.1271,0.0152,0.0981,2.3692,0.1895,4.3328,108.0437,1.4185,2.6976,0.0845
27-Jan-26,3.954,5.4069,4.6896,2.5558,5.0852,2.7318,2.8806,3.1157,50.6842,12.7097,6.6915,12.5572,0.2728,0.0236,105.4428,5.403,0.5684,3.1157,0.0151,0.0979,2.3566,0.1889,4.3118,107.6504,1.413,2.6947,0.084
28-Jan-26,3.919,5.4029,4.695,2.5676,5.1032,2.7413,2.8863,3.1079,50.2285,12.6358,6.6709,12.4996,0.2742,0.0235,104.4941,5.4057,0.5642,3.1079,0.015,0.0971,2.3614,0.1872,4.2695,106.6975,1.401,2.6684,0.0834
29-Jan-26,3.93,5.4319,4.7038,2.5633,5.1242,2.775,2.9047,3.111,50.3501,12.6042,6.6635,12.5287,0.2745,0.0235,104.7777,5.4366,0.5658,3.111,0.0151,0.0973,2.3841,0.1877,4.2739,106.997,1.405,2.6711,0.0838
30-Jan-26,3.938,5.4209,4.699,2.558,5.1276,2.7586,2.9128,3.1079,50.4426,12.5374,6.6845,12.5131,0.2733,0.0235,104.9937,5.4432,0.5667,3.1079,0.0152,0.0975,2.3851,0.1881,4.2827,107.2265,1.4078,2.6765,0.0839
3-Feb-26,3.927,5.3747,4.639,2.5248,5.0518,2.7607,2.8722,3.0937,50.2653,12.4746,6.6528,12.4438,0.2716,0.0234,104.7172,5.4103,0.5662,3.0937,0.0151,0.0969,2.3756,0.1876,4.3564,106.927,1.4041,2.7225,0.0835
4-Feb-26,3.9295,5.395,4.648,2.5114,5.0644,2.7652,2.8818,3.0935,50.2879,12.4332,6.6627,12.4548,0.2701,0.0234,104.7839,5.399,0.5664,3.0935,0.0151,0.0969,2.3758,0.1877,4.3518,106.9834,1.4053,2.7199,0.0836
5-Feb-26,3.943,5.3637,4.6529,2.5113,5.0746,2.7512,2.8807,3.0968,50.4743,12.413,6.7126,12.4463,0.2693,0.0234,105.1439,5.4205,0.5682,3.0968,0.0152,0.0973,2.3619,0.1883,4.3693,107.3509,1.4082,2.7308,0.084
6-Feb-26,3.9495,5.3589,4.6574,2.5157,5.0735,2.7502,2.8869,3.1004,50.5465,12.4688,6.7436,12.4704,0.269,0.0234,105.3172,5.4212,0.5691,3.1004,0.0152,0.0974,2.3618,0.1886,4.3527,107.5279,1.4124,2.7204,0.0843
9-Feb-26,3.9345,5.3515,4.6681,2.5125,5.0939,2.7693,2.8846,3.1008,50.341,12.6053,6.7267,12.4614,0.2688,0.0234,104.9088,5.4013,0.5683,3.1008,0.0152,0.0971,2.3654,0.1879,4.3379,107.1181,1.4071,2.7112,0.084
10-Feb-26,3.926,5.367,4.6751,2.5239,5.1223,2.7763,2.8941,3.1017,50.2152,12.6056,6.7079,12.4374,0.2689,0.0234,104.6738,5.4061,0.5679,3.1017,0.0152,0.097,2.3727,0.1875,4.3355,106.8867,1.4041,2.7096,0.0838
11-Feb-26,3.9185,5.3654,4.6703,2.5587,5.1149,2.7866,2.8993,3.1049,50.1266,12.6118,6.7235,12.4837,0.2702,0.0234,104.4738,5.4047,0.5672,3.1049,0.0151,0.0969,2.3756,0.1872,4.3192,106.6825,1.4016,2.6995,0.0835
12-Feb-26,3.908,5.3295,4.6427,2.5556,5.0766,2.7815,2.8798,3.0972,49.9994,12.6044,6.7274,12.4486,0.2722,0.0232,104.205,5.3958,0.5663,3.0972,0.0151,0.0967,2.3694,0.1867,4.3119,106.3966,1.3978,2.6949,0.0835
13-Feb-26,3.904,5.3184,4.6311,2.5419,5.0705,2.7623,2.8699,3.09,49.946,12.5753,6.7276,12.4272,0.27,0.0232,104.0983,5.3871,0.565,3.09,0.015,0.0968,2.3572,0.1865,4.3047,106.3007,1.3967,2.6907,0.0833
16-Feb-26,3.8995,5.3236,4.627,2.5431,5.0705,2.7665,2.8654,3.0917,49.8897,12.5515,6.7264,12.4454,0.2711,0.0232,103.9811,5.3746,0.5644,3.0917,0.015,0.0966,2.3574,0.1862,4.3018,106.1782,1.3948,2.6885,0.0835
19-Feb-26,3.91,5.2808,4.6144,2.5256,5.0615,2.7644,2.8589,3.0868,50.0326,12.5631,6.7417,12.3946,0.2702,0.0232,104.2417,5.3859,0.566,3.0869,0.0151,0.0969,2.339,0.1867,4.2952,106.4525,1.3984,2.6952,0.0825
20-Feb-26,3.9015,5.2485,4.5888,2.5081,5.0316,2.7525,2.8495,3.0742,49.9251,12.5048,6.7069,12.3841,0.2692,0.0231,104.022,5.3596,0.5647,3.0742,0.015,0.0967,2.3226,0.1863,4.2881,106.2225,1.396,2.6801,0.082
23-Feb-26,3.89,5.2575,4.5945,2.5141,5.0291,2.7553,2.8469,3.0753,49.7551,12.5383,6.7545,12.372,0.2699,0.0232,103.6988,5.3406,0.5631,3.0753,0.0149,0.0967,2.3274,0.1858,4.2815,105.9051,1.3919,2.6759,0.0814
24-Feb-26,3.8975,5.2556,4.5928,2.4991,5.032,2.7532,2.844,3.0757,49.8265,12.5503,6.7464,12.399,0.2697,0.0232,103.889,5.3558,0.5664,3.0756,0.0149,0.0967,2.3247,0.1862,4.2845,106.1122,1.3948,2.6779,0.0816
25-Feb-26,3.888,5.2548,4.5838,2.4874,5.0236,2.7593,2.8397,3.0724,49.7187,12.5097,6.7566,12.3999,0.2712,0.0232,103.6358,5.341,0.5662,3.0724,0.0149,0.0965,2.3227,0.1857,4.2755,105.8651,1.3914,2.6723,0.0808
26-Feb-26,3.8875,5.2575,4.5882,2.4919,5.0268,2.7652,2.8424,3.0769,49.697,12.5201,6.7457,12.4532,0.2725,0.0232,103.6501,5.339,0.5684,3.0769,0.0149,0.0966,2.3274,0.1857,4.2775,105.8543,1.3913,2.6731,0.0813
27-Feb-26,3.891,5.2503,4.5937,2.4918,5.0336,2.7706,2.8455,3.0756,49.7243,12.5181,6.7464,12.4226,0.2704,0.0232,103.7489,5.3526,0.5674,3.0756,0.0149,0.0966,2.329,0.1858,4.2774,105.9453,1.3921,2.6737,0.0811
2-Mar-26,3.9325,5.2501,4.6097,2.5051,5.0886,2.7791,2.8772,3.0917,50.272,12.508,6.7569,12.4612,0.2697,0.0233,104.7438,5.4063,0.5713,3.0918,0.015,0.0976,2.3379,0.1878,4.3004,107.0753,1.4076,2.6876,0.0795
3-Mar-26,3.943,5.246,4.583,2.5033,5.0277,2.781,2.8792,3.0867,50.5018,12.4591,6.7455,12.4491,0.2675,0.0234,105.0626,5.4042,0.5716,3.0869,0.0151,0.0978,2.325,0.1883,4.2809,107.348,1.4114,2.694,0.0792
4-Mar-26,3.946,5.2636,4.5774,2.5069,5.0447,2.7701,2.8848,3.0885,50.4759,12.504,6.7338,12.4468,0.268,0.0234,105.0782,5.3799,0.571,3.0885,0.0151,0.098,2.3272,0.1885,4.2759,107.4282,1.4127,2.6724,0.0788
5-Mar-26,3.945,5.2569,4.5756,2.5083,5.0502,2.7733,2.888,3.0873,50.4414,12.4654,6.7286,12.4197,0.2685,0.0234,105.0795,5.3891,0.5719,3.0876,0.015,0.0979,2.3333,0.1884,4.3057,107.4186,1.4123,2.6911,0.0784
6-Mar-26,3.943,5.27,4.5751,2.501,5.0542,2.7753,2.8881,3.0851,50.394,12.3877,6.679,12.4326,0.2675,0.0233,105.0514,5.3821,0.5715,3.0851,0.015,0.0978,2.3287,0.1883,4.3002,107.348,1.4116,2.6882,0.0787
9-Mar-26,3.97,5.2876,4.5794,2.5026,5.0875,2.7762,2.9245,3.0976,50.8049,12.3599,6.6722,12.4498,0.2662,0.0234,105.7567,5.4075,0.5738,3.0976,0.0151,0.0985,2.3373,0.1896,4.3001,108.086,1.4214,2.6875,0.0752
10-Mar-26,3.9275,5.2862,4.574,2.4905,5.0599,2.787,2.8913,3.0861,50.1959,12.406,6.6644,12.3534,0.2668,0.0233,104.6357,5.3482,0.5712,3.0861,0.015,0.0974,2.3268,0.1876,4.2737,106.9275,1.4063,2.6709,0.0762
11-Mar-26,3.9175,5.26,4.5492,2.4731,5.037,2.8055,2.8881,3.0781,50.0553,12.362,6.6213,12.3285,0.2659,0.0232,104.3804,5.3552,0.5702,3.0781,0.0149,0.0972,2.3221,0.1871,4.2591,106.6698,1.4027,2.6619,0.0756
12-Mar-26,3.927,5.2537,4.5347,2.4716,5.0214,2.8019,2.8902,3.0777,50.1731,12.3335,6.6089,12.346,0.2654,0.0233,104.6475,5.3603,0.5712,3.0777,0.0149,0.0974,2.3175,0.1876,4.2635,106.9255,1.4064,2.6647,0.0749
13-Mar-26,3.937,5.2211,4.5059,2.471,4.993,2.7709,2.8814,3.0747,50.2938,12.1915,6.5902,12.2939,0.2633,0.0232,104.9139,5.3674,0.5707,3.0747,0.015,0.0978,2.2907,0.188,4.2601,107.1774,1.41,2.6626,0.0751
16-Mar-26,3.931,5.2096,4.4988,2.4669,4.9791,2.7605,2.8697,3.0688,50.1979,12.0973,6.5651,12.2702,0.2627,0.0231,104.7568,5.3381,0.5699,3.0688,0.015,0.0975,2.2869,0.1878,4.2534,107.0141,1.4074,2.6584,0.075
17-Mar-26,3.918,5.2227,4.5102,2.4627,4.9787,2.7753,2.8623,3.0663,49.9943,12.1132,6.5622,12.2756,0.2632,0.0231,104.4021,5.3232,0.5689,3.0663,0.0149,0.0972,2.2873,0.1871,4.2397,106.6805,1.4033,2.6492,0.0749
18-Mar-26,3.9125,5.2234,4.5121,2.4614,4.9765,2.7812,2.8566,3.0639,49.912,12.084,6.5697,12.2791,0.2628,0.023,104.2027,5.3217,0.5693,3.0639,0.0149,0.0973,2.2933,0.1869,4.2311,106.5307,1.4015,2.6443,0.0749
19-Mar-26,3.9335,5.2133,4.5043,2.471,4.9631,2.768,2.8619,3.0648,50.1991,11.996,6.5448,12.3045,0.2622,0.0232,104.7467,5.3586,0.5698,3.0648,0.015,0.0977,2.2865,0.1879,4.2159,107.1054,1.409,2.6539,0.0753
24-Mar-26,3.956,5.2973,4.5844,2.4935,5.0257,2.7548,2.8775,3.0932,50.5111,12.1376,6.6031,12.3679,0.264,0.0233,105.3809,5.3882,0.5742,3.0932,0.015,0.0982,2.3038,0.1889,4.2154,107.7005,1.4173,2.6345,0.0752
25-Mar-26,3.96,5.3094,4.5948,2.4941,5.0174,2.7643,2.8723,3.0964,50.6339,12.1342,6.5906,12.3901,0.2642,0.0234,105.5493,5.4008,0.5741,3.0964,0.015,0.0983,2.3081,0.1891,4.2142,107.8241,1.4187,2.6339,0.0753
26-Mar-26,3.994,5.3332,4.6171,2.5045,5.0458,2.773,2.8875,3.1124,51.0572,12.1713,6.6306,12.5031,0.2655,0.0236,106.4612,5.4497,0.5786,3.1124,0.0152,0.0992,2.3115,0.1908,4.2454,108.7528,1.4309,2.6561,0.0757
27-Mar-26,4.009,5.3376,4.619,2.5081,5.033,2.7646,2.8943,3.1156,51.1822,12.1919,6.6225,12.5368,0.266,0.0236,106.8354,5.4515,0.5801,3.1156,0.0152,0.0997,2.3122,0.1915,4.23,109.1583,1.4364,2.6438,0.0759
30-Mar-26,4.0285,5.3317,4.6312,2.5226,5.0347,2.7611,2.8944,3.1235,51.4161,12.2605,6.6332,12.5769,0.2657,0.0237,107.3494,5.4734,0.5829,3.1235,0.0153,0.1002,2.3055,0.1924,4.2523,109.6892,1.4435,2.6577,0.0747
31-Mar-26,4.046,5.3456,4.6393,2.5355,5.0578,2.776,2.9024,3.1362,51.6154,12.3016,6.6629,12.6284,0.2643,0.0238,107.8301,5.4937,0.5858,3.1362,0.0154,0.1007,2.3121,0.1932,4.3051,110.1657,1.4391,2.6665,0.0738
1-Apr-26,4.0215,5.3442,4.6635,2.5359,5.0671,2.7915,2.8952,3.1352,51.3045,12.3416,6.6815,12.5959,0.2675,0.0237,107.1514,5.4547,0.585,3.1352,0.0153,0.1001,2.3182,0.1921,4.312,109.4986,1.4413,2.6503,0.0752
2-Apr-26,4.0375,5.3301,4.6534,2.5284,5.0494,2.7758,2.9004,3.137,51.5165,12.3396,6.6571,12.635,0.2665,0.0238,107.552,5.5073,0.5855,3.137,0.0153,0.1005,2.3058,0.1928,4.3479,109.9343,1.447,2.6609,0.0743
3-Apr-26,4.0315,5.3359,4.6534,2.526,5.0517,2.7848,2.8963,3.1361,51.4396,12.3628,6.6964,12.6197,0.2671,0.0237,107.3721,5.4771,0.586,3.1361,0.0153,0.1004,2.3002,0.1926,4.3482,109.7739,1.4449,2.7063,0.0742
6-Apr-26,4.0285,5.3374,4.6551,2.5275,5.052,2.7922,2.8936,3.1378,51.4056,12.3233,6.7075,12.5958,0.2682,0.0236,107.3008,5.4764,0.5853,3.1378,0.0153,0.1003,2.3059,0.1924,4.3286,109.6743,1.444,2.7053,0.0738
7-Apr-26,4.03,5.353,4.6643,2.5267,5.0498,2.799,2.897,3.1418,51.4283,12.4,6.6896,12.6257,0.2695,0.0236,107.3264,5.4843,0.5878,3.1418,0.0153,0.1001,2.3054,0.1925,4.3375,109.73,1.4334,2.711,0.074
8-Apr-26,3.979,5.3432,4.6479,2.5125,5.0441,2.8032,2.8696,3.1215,50.7927,12.4266,6.6974,12.5252,0.2689,0.0234,106.036,5.4172,0.5827,3.1213,0.0151,0.0989,2.3148,0.19,4.2963,108.3414,1.4263,2.6852,0.0748
9-Apr-26,3.986,5.3426,4.6525,2.5068,5.0389,2.801,2.8781,3.1253,50.8694,12.4174,6.6669,12.5338,0.2693,0.0233,106.2169,5.4597,0.5829,3.1253,0.0151,0.0992,2.3234,0.1904,4.2968,108.532,1.4291,2.6854,0.075
10-Apr-26,3.9695,5.3277,4.639,2.4916,5.0234,2.8017,2.8687,3.113,50.6718,12.3315,6.6185,12.4866,0.2672,0.0232,105.7772,5.4308,0.581,3.113,0.0151,0.0988,2.3164,0.1896,4.2814,108.068,1.4231,2.6759,0.0748
13-Apr-26,3.975,5.3376,4.6452,2.4889,5.0288,2.8034,2.8716,3.1161,50.7627,12.3351,6.609,12.4988,0.2675,0.0232,105.9209,5.4463,0.5817,3.1161,0.0151,0.0988,2.3176,0.1899,4.2566,108.234,1.4251,2.6604,0.0748
14-Apr-26,3.9545,5.3538,4.6596,2.4861,5.066,2.8095,2.8733,3.1086,50.4768,12.3347,6.6022,12.5246,0.2683,0.0231,105.3747,5.4141,0.5801,3.1086,0.015,0.0983,2.3304,0.1889,4.2481,107.6758,1.4178,2.6467,0.0753
15-Apr-26,3.951,5.3591,4.658,2.4883,5.0599,2.8226,2.87,3.1083,50.4279,12.3257,6.5755,12.5067,0.268,0.0231,105.301,5.432,0.5795,3.1083,0.015,0.0982,2.3337,0.1887,4.2307,107.5644,1.4168,2.6443,0.0759
16-Apr-26,3.954,5.3579,4.6602,2.4869,5.0534,2.8368,2.88,3.1107,50.5132,12.3678,6.5921,12.5261,0.2681,0.0231,105.3922,5.4319,0.5798,3.1104,0.015,0.0982,2.3309,0.1889,4.2375,107.6475,1.4178,2.6492,0.0765
17-Apr-26,3.955,5.3517,4.6645,2.4852,5.0563,2.8397,2.8927,3.1095,50.5057,12.3372,6.5852,12.5325,0.2671,0.023,105.4329,5.4334,0.5796,3.1095,0.015,0.0984,2.3307,0.1889,4.2557,107.6747,1.4185,2.6601,0.0763
20-Apr-26,3.954,5.3369,4.6505,2.487,5.0563,2.8269,2.8875,3.1084,50.4778,12.3254,6.5969,12.5488,0.2686,0.023,105.4119,5.4326,0.5799,3.1084,0.015,0.0983,2.321,0.1889,4.242,107.6475,1.4181,2.6513,0.0764
21-Apr-26,3.954,5.3393,4.6521,2.4841,5.067,2.8293,2.8951,3.1084,50.4891,12.3302,6.5986,12.5779,0.2689,0.0231,105.4175,5.4303,0.5801,3.1084,0.015,0.0985,2.3342,0.1889,4.2269,107.6475,1.4181,2.6419,0.0761
22-Apr-26,3.9535,5.3485,4.6467,2.4809,5.0683,2.8327,2.8971,3.1063,50.4807,12.2894,6.5731,12.5516,0.2675,0.023,105.4126,5.4272,0.5795,3.1061,0.015,0.0984,2.3393,0.1888,4.2123,107.6324,1.4182,2.6327,0.0762
23-Apr-26,3.9645,5.3539,4.6391,2.4825,5.0558,2.8362,2.9014,3.1066,50.6144,12.2267,6.5546,12.557,0.2677,0.0229,105.7003,5.44,0.5801,3.1065,0.0151,0.0987,2.3337,0.1894,4.2115,107.9481,1.4221,2.6322,0.0754
24-Apr-26,3.964,5.3421,4.6339,2.4818,5.0423,2.8273,2.8957,3.1025,50.589,12.2195,6.5267,12.5901,0.2674,0.0231,105.6855,5.4263,0.5801,3.1025,0.0151,0.0985,2.3217,0.1893,4.2039,107.9183,1.4219,2.6274,0.0753
27-Apr-26,3.9525,5.3574,4.6434,2.4835,5.044,2.8413,2.9026,3.1046,50.4284,12.2312,6.5085,12.5756,0.2688,0.023,105.3775,5.414,0.5794,3.1046,0.015,0.0983,2.3363,0.1888,4.1951,107.6067,1.4181,2.6221,0.0751
28-Apr-26,3.951,5.336,4.6235,2.4775,5.0082,2.836,2.895,3.0963,50.4224,12.1625,6.4468,12.5341,0.2682,0.023,105.3403,5.4231,0.578,3.0963,0.015,0.0982,2.3275,0.1887,4.1806,107.5658,1.4175,2.6129,0.075
29-Apr-26,3.9515,5.3343,4.6235,2.473,5.0041,2.8275,2.8876,3.0924,50.4224,12.0915,6.413,12.5083,0.2672,0.0229,105.3593,5.4109,0.5783,3.0924,0.015,0.0982,2.3152,0.1887,4.1672,107.5824,1.4177,2.6045,0.0745
30-Apr-26,3.971,5.3547,4.6379,2.4885,5.0291,2.8313,2.9046,3.1049,50.6819,12.1642,6.4593,12.5331,0.2682,0.0229,105.8792,5.4403,0.5812,3.1049,0.0151,0.0987,2.3187,0.1897,4.1734,108.1133,1.425,2.6083,0.0739
